observation_id,player_tournament_id,canonical_player_id,anonymous_player_id,player_name,tier,tournament_id,game_id,game_date,quarter,timestamp_start,timestamp_end,timestamp_note,possession_context,action_type,role_category,observed_behavior,quality_score,confidence,supporting_note,contradicting_note,analyst_id,observation_version
OBS_1001,worldcup_2019_SRB_bogdan_bogdanovic_1992,bogdan_bogdanovic_1992,,Bogdan Bogdanović,TIER_A,worldcup_2019,worldcup_2019_SRB_G1,2019-09-08,1,,,Possession indexed by quarter and action context; video timestamps left NULL per protocol,Half-court offensive set vs Drop coverage,closeout_attack,creation,YES,3,HIGH,Explosive first step generates paint touch,None noted,analyst_1,1.0
OBS_1001_DOUBLE,worldcup_2019_SRB_bogdan_bogdanovic_1992,bogdan_bogdanovic_1992,,Bogdan Bogdanović,TIER_A,worldcup_2019,worldcup_2019_SRB_G1,2019-09-08,1,,,Possession indexed by quarter and action context; video timestamps left NULL per protocol,Half-court offensive set vs Drop coverage,closeout_attack,creation,YES,4,HIGH,Independent verification by Senior Scout: Explosive first step generates paint touch,None noted,analyst_2,1.0
OBS_1002,worldcup_2019_SRB_bogdan_bogdanovic_1992,bogdan_bogdanovic_1992,,Bogdan Bogdanović,TIER_A,worldcup_2019,worldcup_2019_SRB_G1,2019-09-08,2,,,Possession indexed by quarter and action context; video timestamps left NULL per protocol,Half-court offensive set vs Switch coverage,pnr_manipulation,creation,YES,4,HIGH,Freezes drop center with look-away pocket pass,None noted,analyst_1,1.0
OBS_1003,worldcup_2019_SRB_bogdan_bogdanovic_1992,bogdan_bogdanovic_1992,,Bogdan Bogdanović,TIER_A,worldcup_2019,worldcup_2019_SRB_G1,2019-09-08,3,,,Possession indexed by quarter and action context; video timestamps left NULL per protocol,Half-court offensive set vs Drop coverage,catch_and_shoot,shooting,YES,4,HIGH,Fluid catch-and-shoot mechanics without dip,None noted,analyst_1,1.0
OBS_1004,worldcup_2019_SRB_bogdan_bogdanovic_1992,bogdan_bogdanovic_1992,,Bogdan Bogdanović,TIER_A,worldcup_2019,worldcup_2019_SRB_G1,2019-09-08,4,,,Possession indexed by quarter and action context; video timestamps left NULL per protocol,Half-court offensive set vs Switch coverage,movement_shooting,shooting,YES,3,HIGH,Maintains vertical balance on curl,None noted,analyst_1,1.0
OBS_1005,worldcup_2019_SRB_bogdan_bogdanovic_1992,bogdan_bogdanovic_1992,,Bogdan Bogdanović,TIER_A,worldcup_2019,worldcup_2019_SRB_G1,2019-09-08,1,,,Possession indexed by quarter and action context; video timestamps left NULL per protocol,Half-court offensive set vs Drop coverage,pick_and_pop_depth,spacing,YES,3,HIGH,Spaces cleanly to 7.0m creating paint opening,None noted,analyst_1,1.0
OBS_1005_DOUBLE,worldcup_2019_SRB_bogdan_bogdanovic_1992,bogdan_bogdanovic_1992,,Bogdan Bogdanović,TIER_A,worldcup_2019,worldcup_2019_SRB_G1,2019-09-08,1,,,Possession indexed by quarter and action context; video timestamps left NULL per protocol,Half-court offensive set vs Drop coverage,pick_and_pop_depth,spacing,YES,3,HIGH,Independent verification by Senior Scout: Spaces cleanly to 7.0m creating paint opening,None noted,analyst_2,1.0
OBS_1006,worldcup_2019_SRB_bogdan_bogdanovic_1992,bogdan_bogdanovic_1992,,Bogdan Bogdanović,TIER_A,worldcup_2019,worldcup_2019_SRB_G1,2019-09-08,2,,,Possession indexed by quarter and action context; video timestamps left NULL per protocol,Half-court offensive set vs Switch coverage,corner_spacing,spacing,YES,3,HIGH,Prevents weak-side help from digging,None noted,analyst_1,1.0
OBS_1007,worldcup_2019_SRB_bogdan_bogdanovic_1992,bogdan_bogdanovic_1992,,Bogdan Bogdanović,TIER_A,worldcup_2019,worldcup_2019_SRB_G1,2019-09-08,3,,,Possession indexed by quarter and action context; video timestamps left NULL per protocol,Half-court offensive set vs Drop coverage,screen_navigation,defense,MIXED,2,HIGH,Challenged by solid blind screens; recovers on trail,Execution variance observed under heavy defensive pressure,analyst_1,1.0
OBS_1008,worldcup_2019_SRB_bogdan_bogdanovic_1992,bogdan_bogdanovic_1992,,Bogdan Bogdanović,TIER_A,worldcup_2019,worldcup_2019_SRB_G1,2019-09-08,4,,,Possession indexed by quarter and action context; video timestamps left NULL per protocol,Half-court offensive set vs Switch coverage,point_of_attack_containment,defense,YES,3,HIGH,Slides feet cleanly to cut off baseline angle,None noted,analyst_1,1.0
OBS_1009,worldcup_2019_SRB_bogdan_bogdanovic_1992,bogdan_bogdanovic_1992,,Bogdan Bogdanović,TIER_A,worldcup_2019,worldcup_2019_SRB_G2,2019-09-08,1,,,Possession indexed by quarter and action context; video timestamps left NULL per protocol,Half-court offensive set vs Drop coverage,extra_pass,decision_making,YES,4,HIGH,Makes one-more pass to wide open corner shooter,None noted,analyst_1,1.0
OBS_1009_DOUBLE,worldcup_2019_SRB_bogdan_bogdanovic_1992,bogdan_bogdanovic_1992,,Bogdan Bogdanović,TIER_A,worldcup_2019,worldcup_2019_SRB_G2,2019-09-08,1,,,Possession indexed by quarter and action context; video timestamps left NULL per protocol,Half-court offensive set vs Drop coverage,extra_pass,decision_making,YES,4,HIGH,Independent verification by Senior Scout: Makes one-more pass to wide open corner shooter,None noted,analyst_2,1.0
OBS_1010,worldcup_2019_SRB_bogdan_bogdanovic_1992,bogdan_bogdanovic_1992,,Bogdan Bogdanović,TIER_A,worldcup_2019,worldcup_2019_SRB_G2,2019-09-08,2,,,Possession indexed by quarter and action context; video timestamps left NULL per protocol,Half-court offensive set vs Switch coverage,ball_security,decision_making,YES,3,HIGH,Two-handed secure pickup on gather,None noted,analyst_1,1.0
OBS_1011,worldcup_2019_SRB_bogdan_bogdanovic_1992,bogdan_bogdanovic_1992,,Bogdan Bogdanović,TIER_A,worldcup_2019,worldcup_2019_SRB_G2,2019-09-08,3,,,Possession indexed by quarter and action context; video timestamps left NULL per protocol,Half-court offensive set vs Drop coverage,closeout_attack,creation,YES,3,HIGH,Explosive first step generates paint touch,None noted,analyst_1,1.0
OBS_1012,worldcup_2019_SRB_bogdan_bogdanovic_1992,bogdan_bogdanovic_1992,,Bogdan Bogdanović,TIER_A,worldcup_2019,worldcup_2019_SRB_G2,2019-09-08,4,,,Possession indexed by quarter and action context; video timestamps left NULL per protocol,Half-court offensive set vs Switch coverage,pnr_manipulation,creation,YES,4,HIGH,Freezes drop center with look-away pocket pass,None noted,analyst_1,1.0
OBS_1013,worldcup_2019_SRB_bogdan_bogdanovic_1992,bogdan_bogdanovic_1992,,Bogdan Bogdanović,TIER_A,worldcup_2019,worldcup_2019_SRB_G2,2019-09-08,1,,,Possession indexed by quarter and action context; video timestamps left NULL per protocol,Half-court offensive set vs Drop coverage,catch_and_shoot,shooting,YES,4,HIGH,Fluid catch-and-shoot mechanics without dip,None noted,analyst_1,1.0
OBS_1013_DOUBLE,worldcup_2019_SRB_bogdan_bogdanovic_1992,bogdan_bogdanovic_1992,,Bogdan Bogdanović,TIER_A,worldcup_2019,worldcup_2019_SRB_G2,2019-09-08,1,,,Possession indexed by quarter and action context; video timestamps left NULL per protocol,Half-court offensive set vs Drop coverage,catch_and_shoot,shooting,YES,4,HIGH,Independent verification by Senior Scout: Fluid catch-and-shoot mechanics without dip,None noted,analyst_2,1.0
OBS_1014,worldcup_2019_SRB_bogdan_bogdanovic_1992,bogdan_bogdanovic_1992,,Bogdan Bogdanović,TIER_A,worldcup_2019,worldcup_2019_SRB_G2,2019-09-08,2,,,Possession indexed by quarter and action context; video timestamps left NULL per protocol,Half-court offensive set vs Switch coverage,movement_shooting,shooting,YES,3,HIGH,Maintains vertical balance on curl,None noted,analyst_1,1.0
OBS_1015,worldcup_2019_SRB_bogdan_bogdanovic_1992,bogdan_bogdanovic_1992,,Bogdan Bogdanović,TIER_A,worldcup_2019,worldcup_2019_SRB_G2,2019-09-08,3,,,Possession indexed by quarter and action context; video timestamps left NULL per protocol,Half-court offensive set vs Drop coverage,pick_and_pop_depth,spacing,YES,3,HIGH,Spaces cleanly to 7.0m creating paint opening,None noted,analyst_1,1.0
OBS_1016,worldcup_2019_SRB_bogdan_bogdanovic_1992,bogdan_bogdanovic_1992,,Bogdan Bogdanović,TIER_A,worldcup_2019,worldcup_2019_SRB_G2,2019-09-08,4,,,Possession indexed by quarter and action context; video timestamps left NULL per protocol,Half-court offensive set vs Switch coverage,corner_spacing,spacing,YES,3,HIGH,Prevents weak-side help from digging,None noted,analyst_1,1.0
OBS_1017,worldcup_2019_SRB_bogdan_bogdanovic_1992,bogdan_bogdanovic_1992,,Bogdan Bogdanović,TIER_A,worldcup_2019,worldcup_2019_SRB_G3,2019-09-08,1,,,Possession indexed by quarter and action context; video timestamps left NULL per protocol,Half-court offensive set vs Drop coverage,screen_navigation,defense,MIXED,2,HIGH,Challenged by solid blind screens; recovers on trail,Execution variance observed under heavy defensive pressure,analyst_1,1.0
OBS_1017_DOUBLE,worldcup_2019_SRB_bogdan_bogdanovic_1992,bogdan_bogdanovic_1992,,Bogdan Bogdanović,TIER_A,worldcup_2019,worldcup_2019_SRB_G3,2019-09-08,1,,,Possession indexed by quarter and action context; video timestamps left NULL per protocol,Half-court offensive set vs Drop coverage,screen_navigation,defense,MIXED,3,HIGH,Independent verification by Senior Scout: Challenged by solid blind screens; recovers on trail,None noted,analyst_2,1.0
OBS_1018,worldcup_2019_SRB_bogdan_bogdanovic_1992,bogdan_bogdanovic_1992,,Bogdan Bogdanović,TIER_A,worldcup_2019,worldcup_2019_SRB_G3,2019-09-08,2,,,Possession indexed by quarter and action context; video timestamps left NULL per protocol,Half-court offensive set vs Switch coverage,point_of_attack_containment,defense,YES,3,HIGH,Slides feet cleanly to cut off baseline angle,None noted,analyst_1,1.0
OBS_1019,worldcup_2019_SRB_bogdan_bogdanovic_1992,bogdan_bogdanovic_1992,,Bogdan Bogdanović,TIER_A,worldcup_2019,worldcup_2019_SRB_G3,2019-09-08,3,,,Possession indexed by quarter and action context; video timestamps left NULL per protocol,Half-court offensive set vs Drop coverage,extra_pass,decision_making,YES,4,HIGH,Makes one-more pass to wide open corner shooter,None noted,analyst_1,1.0
OBS_1020,worldcup_2019_SRB_bogdan_bogdanovic_1992,bogdan_bogdanovic_1992,,Bogdan Bogdanović,TIER_A,worldcup_2019,worldcup_2019_SRB_G3,2019-09-08,4,,,Possession indexed by quarter and action context; video timestamps left NULL per protocol,Half-court offensive set vs Switch coverage,ball_security,decision_making,YES,3,HIGH,Two-handed secure pickup on gather,None noted,analyst_1,1.0
OBS_1021,worldcup_2019_SRB_bogdan_bogdanovic_1992,bogdan_bogdanovic_1992,,Bogdan Bogdanović,TIER_A,worldcup_2019,worldcup_2019_SRB_G3,2019-09-08,1,,,Possession indexed by quarter and action context; video timestamps left NULL per protocol,Half-court offensive set vs Drop coverage,closeout_attack,creation,YES,3,HIGH,Explosive first step generates paint touch,None noted,analyst_1,1.0
OBS_1021_DOUBLE,worldcup_2019_SRB_bogdan_bogdanovic_1992,bogdan_bogdanovic_1992,,Bogdan Bogdanović,TIER_A,worldcup_2019,worldcup_2019_SRB_G3,2019-09-08,1,,,Possession indexed by quarter and action context; video timestamps left NULL per protocol,Half-court offensive set vs Drop coverage,closeout_attack,creation,YES,3,HIGH,Independent verification by Senior Scout: Explosive first step generates paint touch,None noted,analyst_2,1.0
OBS_1022,worldcup_2019_SRB_bogdan_bogdanovic_1992,bogdan_bogdanovic_1992,,Bogdan Bogdanović,TIER_A,worldcup_2019,worldcup_2019_SRB_G3,2019-09-08,2,,,Possession indexed by quarter and action context; video timestamps left NULL per protocol,Half-court offensive set vs Switch coverage,pnr_manipulation,creation,YES,4,HIGH,Freezes drop center with look-away pocket pass,None noted,analyst_1,1.0
OBS_1023,eurobasket_2015_ITA_marco_belinelli_1986,marco_belinelli_1986,,Marco Belinelli,TIER_A,eurobasket_2015,eurobasket_2015_ITA_G1,2015-09-12,1,,,Possession indexed by quarter and action context; video timestamps left NULL per protocol,Half-court offensive set vs Drop coverage,closeout_attack,creation,YES,3,HIGH,Explosive first step generates paint touch,None noted,analyst_1,1.0
OBS_1023_DOUBLE,eurobasket_2015_ITA_marco_belinelli_1986,marco_belinelli_1986,,Marco Belinelli,TIER_A,eurobasket_2015,eurobasket_2015_ITA_G1,2015-09-12,1,,,Possession indexed by quarter and action context; video timestamps left NULL per protocol,Half-court offensive set vs Drop coverage,closeout_attack,creation,YES,4,HIGH,Independent verification by Senior Scout: Explosive first step generates paint touch,None noted,analyst_2,1.0
OBS_1024,eurobasket_2015_ITA_marco_belinelli_1986,marco_belinelli_1986,,Marco Belinelli,TIER_A,eurobasket_2015,eurobasket_2015_ITA_G1,2015-09-12,2,,,Possession indexed by quarter and action context; video timestamps left NULL per protocol,Half-court offensive set vs Switch coverage,pnr_manipulation,creation,MIXED,2,HIGH,Acts as secondary spacer; rarely initiates middle P&R,Execution variance observed under heavy defensive pressure,analyst_1,1.0
OBS_1025,eurobasket_2015_ITA_marco_belinelli_1986,marco_belinelli_1986,,Marco Belinelli,TIER_A,eurobasket_2015,eurobasket_2015_ITA_G1,2015-09-12,3,,,Possession indexed by quarter and action context; video timestamps left NULL per protocol,Half-court offensive set vs Drop coverage,catch_and_shoot,shooting,YES,4,HIGH,Fluid catch-and-shoot mechanics without dip,None noted,analyst_1,1.0
OBS_1026,eurobasket_2015_ITA_marco_belinelli_1986,marco_belinelli_1986,,Marco Belinelli,TIER_A,eurobasket_2015,eurobasket_2015_ITA_G1,2015-09-12,4,,,Possession indexed by quarter and action context; video timestamps left NULL per protocol,Half-court offensive set vs Switch coverage,movement_shooting,shooting,YES,4,HIGH,Maintains vertical balance on curl,None noted,analyst_1,1.0
OBS_1027,eurobasket_2015_ITA_marco_belinelli_1986,marco_belinelli_1986,,Marco Belinelli,TIER_A,eurobasket_2015,eurobasket_2015_ITA_G1,2015-09-12,1,,,Possession indexed by quarter and action context; video timestamps left NULL per protocol,Half-court offensive set vs Drop coverage,pick_and_pop_depth,spacing,YES,3,HIGH,Spaces cleanly to 7.0m creating paint opening,None noted,analyst_1,1.0
OBS_1027_DOUBLE,eurobasket_2015_ITA_marco_belinelli_1986,marco_belinelli_1986,,Marco Belinelli,TIER_A,eurobasket_2015,eurobasket_2015_ITA_G1,2015-09-12,1,,,Possession indexed by quarter and action context; video timestamps left NULL per protocol,Half-court offensive set vs Drop coverage,pick_and_pop_depth,spacing,YES,3,HIGH,Independent verification by Senior Scout: Spaces cleanly to 7.0m creating paint opening,None noted,analyst_2,1.0
OBS_1028,eurobasket_2015_ITA_marco_belinelli_1986,marco_belinelli_1986,,Marco Belinelli,TIER_A,eurobasket_2015,eurobasket_2015_ITA_G1,2015-09-12,2,,,Possession indexed by quarter and action context; video timestamps left NULL per protocol,Half-court offensive set vs Switch coverage,corner_spacing,spacing,YES,3,HIGH,Prevents weak-side help from digging,None noted,analyst_1,1.0
OBS_1029,eurobasket_2015_ITA_marco_belinelli_1986,marco_belinelli_1986,,Marco Belinelli,TIER_A,eurobasket_2015,eurobasket_2015_ITA_G1,2015-09-12,3,,,Possession indexed by quarter and action context; video timestamps left NULL per protocol,Half-court offensive set vs Drop coverage,screen_navigation,defense,MIXED,2,HIGH,Challenged by solid blind screens; recovers on trail,Execution variance observed under heavy defensive pressure,analyst_1,1.0
OBS_1030,eurobasket_2015_ITA_marco_belinelli_1986,marco_belinelli_1986,,Marco Belinelli,TIER_A,eurobasket_2015,eurobasket_2015_ITA_G1,2015-09-12,4,,,Possession indexed by quarter and action context; video timestamps left NULL per protocol,Half-court offensive set vs Switch coverage,point_of_attack_containment,defense,YES,3,HIGH,Slides feet cleanly to cut off baseline angle,None noted,analyst_1,1.0
OBS_1031,eurobasket_2015_ITA_marco_belinelli_1986,marco_belinelli_1986,,Marco Belinelli,TIER_A,eurobasket_2015,eurobasket_2015_ITA_G2,2015-09-12,1,,,Possession indexed by quarter and action context; video timestamps left NULL per protocol,Half-court offensive set vs Drop coverage,extra_pass,decision_making,YES,4,HIGH,Makes one-more pass to wide open corner shooter,None noted,analyst_1,1.0
OBS_1031_DOUBLE,eurobasket_2015_ITA_marco_belinelli_1986,marco_belinelli_1986,,Marco Belinelli,TIER_A,eurobasket_2015,eurobasket_2015_ITA_G2,2015-09-12,1,,,Possession indexed by quarter and action context; video timestamps left NULL per protocol,Half-court offensive set vs Drop coverage,extra_pass,decision_making,YES,4,HIGH,Independent verification by Senior Scout: Makes one-more pass to wide open corner shooter,None noted,analyst_2,1.0
OBS_1032,eurobasket_2015_ITA_marco_belinelli_1986,marco_belinelli_1986,,Marco Belinelli,TIER_A,eurobasket_2015,eurobasket_2015_ITA_G2,2015-09-12,2,,,Possession indexed by quarter and action context; video timestamps left NULL per protocol,Half-court offensive set vs Switch coverage,ball_security,decision_making,YES,3,HIGH,Two-handed secure pickup on gather,None noted,analyst_1,1.0
OBS_1033,eurobasket_2015_ITA_marco_belinelli_1986,marco_belinelli_1986,,Marco Belinelli,TIER_A,eurobasket_2015,eurobasket_2015_ITA_G2,2015-09-12,3,,,Possession indexed by quarter and action context; video timestamps left NULL per protocol,Half-court offensive set vs Drop coverage,closeout_attack,creation,YES,3,HIGH,Explosive first step generates paint touch,None noted,analyst_1,1.0
OBS_1034,eurobasket_2015_ITA_marco_belinelli_1986,marco_belinelli_1986,,Marco Belinelli,TIER_A,eurobasket_2015,eurobasket_2015_ITA_G2,2015-09-12,4,,,Possession indexed by quarter and action context; video timestamps left NULL per protocol,Half-court offensive set vs Switch coverage,pnr_manipulation,creation,MIXED,2,HIGH,Acts as secondary spacer; rarely initiates middle P&R,Execution variance observed under heavy defensive pressure,analyst_1,1.0
OBS_1035,eurobasket_2015_ITA_marco_belinelli_1986,marco_belinelli_1986,,Marco Belinelli,TIER_A,eurobasket_2015,eurobasket_2015_ITA_G2,2015-09-12,1,,,Possession indexed by quarter and action context; video timestamps left NULL per protocol,Half-court offensive set vs Drop coverage,catch_and_shoot,shooting,YES,4,HIGH,Fluid catch-and-shoot mechanics without dip,None noted,analyst_1,1.0
OBS_1035_DOUBLE,eurobasket_2015_ITA_marco_belinelli_1986,marco_belinelli_1986,,Marco Belinelli,TIER_A,eurobasket_2015,eurobasket_2015_ITA_G2,2015-09-12,1,,,Possession indexed by quarter and action context; video timestamps left NULL per protocol,Half-court offensive set vs Drop coverage,catch_and_shoot,shooting,YES,4,HIGH,Independent verification by Senior Scout: Fluid catch-and-shoot mechanics without dip,None noted,analyst_2,1.0
OBS_1036,eurobasket_2015_ITA_marco_belinelli_1986,marco_belinelli_1986,,Marco Belinelli,TIER_A,eurobasket_2015,eurobasket_2015_ITA_G2,2015-09-12,2,,,Possession indexed by quarter and action context; video timestamps left NULL per protocol,Half-court offensive set vs Switch coverage,movement_shooting,shooting,YES,4,HIGH,Maintains vertical balance on curl,None noted,analyst_1,1.0
OBS_1037,eurobasket_2015_ITA_marco_belinelli_1986,marco_belinelli_1986,,Marco Belinelli,TIER_A,eurobasket_2015,eurobasket_2015_ITA_G2,2015-09-12,3,,,Possession indexed by quarter and action context; video timestamps left NULL per protocol,Half-court offensive set vs Drop coverage,pick_and_pop_depth,spacing,YES,3,HIGH,Spaces cleanly to 7.0m creating paint opening,None noted,analyst_1,1.0
OBS_1038,eurobasket_2015_ITA_marco_belinelli_1986,marco_belinelli_1986,,Marco Belinelli,TIER_A,eurobasket_2015,eurobasket_2015_ITA_G2,2015-09-12,4,,,Possession indexed by quarter and action context; video timestamps left NULL per protocol,Half-court offensive set vs Switch coverage,corner_spacing,spacing,YES,3,HIGH,Prevents weak-side help from digging,None noted,analyst_1,1.0
OBS_1039,eurobasket_2015_ITA_marco_belinelli_1986,marco_belinelli_1986,,Marco Belinelli,TIER_A,eurobasket_2015,eurobasket_2015_ITA_G3,2015-09-12,1,,,Possession indexed by quarter and action context; video timestamps left NULL per protocol,Half-court offensive set vs Drop coverage,screen_navigation,defense,MIXED,2,HIGH,Challenged by solid blind screens; recovers on trail,Execution variance observed under heavy defensive pressure,analyst_1,1.0
OBS_1039_DOUBLE,eurobasket_2015_ITA_marco_belinelli_1986,marco_belinelli_1986,,Marco Belinelli,TIER_A,eurobasket_2015,eurobasket_2015_ITA_G3,2015-09-12,1,,,Possession indexed by quarter and action context; video timestamps left NULL per protocol,Half-court offensive set vs Drop coverage,screen_navigation,defense,MIXED,3,HIGH,Independent verification by Senior Scout: Challenged by solid blind screens; recovers on trail,None noted,analyst_2,1.0
OBS_1040,eurobasket_2015_ITA_marco_belinelli_1986,marco_belinelli_1986,,Marco Belinelli,TIER_A,eurobasket_2015,eurobasket_2015_ITA_G3,2015-09-12,2,,,Possession indexed by quarter and action context; video timestamps left NULL per protocol,Half-court offensive set vs Switch coverage,point_of_attack_containment,defense,YES,3,HIGH,Slides feet cleanly to cut off baseline angle,None noted,analyst_1,1.0
OBS_1041,eurobasket_2015_ITA_marco_belinelli_1986,marco_belinelli_1986,,Marco Belinelli,TIER_A,eurobasket_2015,eurobasket_2015_ITA_G3,2015-09-12,3,,,Possession indexed by quarter and action context; video timestamps left NULL per protocol,Half-court offensive set vs Drop coverage,extra_pass,decision_making,YES,4,HIGH,Makes one-more pass to wide open corner shooter,None noted,analyst_1,1.0
OBS_1042,eurobasket_2015_ITA_marco_belinelli_1986,marco_belinelli_1986,,Marco Belinelli,TIER_A,eurobasket_2015,eurobasket_2015_ITA_G3,2015-09-12,4,,,Possession indexed by quarter and action context; video timestamps left NULL per protocol,Half-court offensive set vs Switch coverage,ball_security,decision_making,YES,3,HIGH,Two-handed secure pickup on gather,None noted,analyst_1,1.0
OBS_1043,eurobasket_2015_ITA_marco_belinelli_1986,marco_belinelli_1986,,Marco Belinelli,TIER_A,eurobasket_2015,eurobasket_2015_ITA_G3,2015-09-12,1,,,Possession indexed by quarter and action context; video timestamps left NULL per protocol,Half-court offensive set vs Drop coverage,closeout_attack,creation,YES,3,HIGH,Explosive first step generates paint touch,None noted,analyst_1,1.0
OBS_1043_DOUBLE,eurobasket_2015_ITA_marco_belinelli_1986,marco_belinelli_1986,,Marco Belinelli,TIER_A,eurobasket_2015,eurobasket_2015_ITA_G3,2015-09-12,1,,,Possession indexed by quarter and action context; video timestamps left NULL per protocol,Half-court offensive set vs Drop coverage,closeout_attack,creation,YES,3,HIGH,Independent verification by Senior Scout: Explosive first step generates paint touch,None noted,analyst_2,1.0
OBS_1044,eurobasket_2015_ITA_marco_belinelli_1986,marco_belinelli_1986,,Marco Belinelli,TIER_A,eurobasket_2015,eurobasket_2015_ITA_G3,2015-09-12,2,,,Possession indexed by quarter and action context; video timestamps left NULL per protocol,Half-court offensive set vs Switch coverage,pnr_manipulation,creation,MIXED,2,HIGH,Acts as secondary spacer; rarely initiates middle P&R,Execution variance observed under heavy defensive pressure,analyst_1,1.0
OBS_1045,eurobasket_2005_GER_dirk_nowitzki_1978,dirk_nowitzki_1978,,Dirk Nowitzki,TIER_A,eurobasket_2005,eurobasket_2005_GER_G1,2022-09-14,1,,,Possession indexed by quarter and action context; video timestamps left NULL per protocol,Half-court offensive set vs Drop coverage,closeout_attack,creation,YES,3,HIGH,Explosive first step generates paint touch,None noted,analyst_1,1.0
OBS_1045_DOUBLE,eurobasket_2005_GER_dirk_nowitzki_1978,dirk_nowitzki_1978,,Dirk Nowitzki,TIER_A,eurobasket_2005,eurobasket_2005_GER_G1,2022-09-14,1,,,Possession indexed by quarter and action context; video timestamps left NULL per protocol,Half-court offensive set vs Drop coverage,closeout_attack,creation,YES,4,HIGH,Independent verification by Senior Scout: Explosive first step generates paint touch,None noted,analyst_2,1.0
OBS_1046,eurobasket_2005_GER_dirk_nowitzki_1978,dirk_nowitzki_1978,,Dirk Nowitzki,TIER_A,eurobasket_2005,eurobasket_2005_GER_G1,2022-09-14,2,,,Possession indexed by quarter and action context; video timestamps left NULL per protocol,Half-court offensive set vs Switch coverage,pnr_manipulation,creation,YES,4,HIGH,Freezes drop center with look-away pocket pass,None noted,analyst_1,1.0
OBS_1047,eurobasket_2005_GER_dirk_nowitzki_1978,dirk_nowitzki_1978,,Dirk Nowitzki,TIER_A,eurobasket_2005,eurobasket_2005_GER_G1,2022-09-14,3,,,Possession indexed by quarter and action context; video timestamps left NULL per protocol,Half-court offensive set vs Drop coverage,catch_and_shoot,shooting,YES,4,HIGH,Fluid catch-and-shoot mechanics without dip,None noted,analyst_1,1.0
OBS_1048,eurobasket_2005_GER_dirk_nowitzki_1978,dirk_nowitzki_1978,,Dirk Nowitzki,TIER_A,eurobasket_2005,eurobasket_2005_GER_G1,2022-09-14,4,,,Possession indexed by quarter and action context; video timestamps left NULL per protocol,Half-court offensive set vs Switch coverage,movement_shooting,shooting,YES,3,HIGH,Maintains vertical balance on curl,None noted,analyst_1,1.0
OBS_1049,eurobasket_2005_GER_dirk_nowitzki_1978,dirk_nowitzki_1978,,Dirk Nowitzki,TIER_A,eurobasket_2005,eurobasket_2005_GER_G1,2022-09-14,1,,,Possession indexed by quarter and action context; video timestamps left NULL per protocol,Half-court offensive set vs Drop coverage,pick_and_pop_depth,spacing,YES,4,HIGH,Pops to 7.2m; forces opposing center into full isolation closeout,None noted,analyst_1,1.0
OBS_1049_DOUBLE,eurobasket_2005_GER_dirk_nowitzki_1978,dirk_nowitzki_1978,,Dirk Nowitzki,TIER_A,eurobasket_2005,eurobasket_2005_GER_G1,2022-09-14,1,,,Possession indexed by quarter and action context; video timestamps left NULL per protocol,Half-court offensive set vs Drop coverage,pick_and_pop_depth,spacing,YES,4,HIGH,Independent verification by Senior Scout: Pops to 7.2m; forces opposing center into full isolation closeout,None noted,analyst_2,1.0
OBS_1050,eurobasket_2005_GER_dirk_nowitzki_1978,dirk_nowitzki_1978,,Dirk Nowitzki,TIER_A,eurobasket_2005,eurobasket_2005_GER_G1,2022-09-14,2,,,Possession indexed by quarter and action context; video timestamps left NULL per protocol,Half-court offensive set vs Switch coverage,corner_spacing,spacing,YES,3,HIGH,Prevents weak-side help from digging,None noted,analyst_1,1.0
OBS_1051,eurobasket_2005_GER_dirk_nowitzki_1978,dirk_nowitzki_1978,,Dirk Nowitzki,TIER_A,eurobasket_2005,eurobasket_2005_GER_G1,2022-09-14,3,,,Possession indexed by quarter and action context; video timestamps left NULL per protocol,Half-court offensive set vs Drop coverage,screen_navigation,defense,NO,1,HIGH,Frontcourt anchor; limited lateral recovery on perimeter switches,Execution variance observed under heavy defensive pressure,analyst_1,1.0
OBS_1052,eurobasket_2005_GER_dirk_nowitzki_1978,dirk_nowitzki_1978,,Dirk Nowitzki,TIER_A,eurobasket_2005,eurobasket_2005_GER_G1,2022-09-14,4,,,Possession indexed by quarter and action context; video timestamps left NULL per protocol,Half-court offensive set vs Switch coverage,point_of_attack_containment,defense,YES,3,HIGH,Slides feet cleanly to cut off baseline angle,None noted,analyst_1,1.0
OBS_1053,eurobasket_2005_GER_dirk_nowitzki_1978,dirk_nowitzki_1978,,Dirk Nowitzki,TIER_A,eurobasket_2005,eurobasket_2005_GER_G2,2022-09-14,1,,,Possession indexed by quarter and action context; video timestamps left NULL per protocol,Half-court offensive set vs Drop coverage,extra_pass,decision_making,YES,4,HIGH,Makes one-more pass to wide open corner shooter,None noted,analyst_1,1.0
OBS_1053_DOUBLE,eurobasket_2005_GER_dirk_nowitzki_1978,dirk_nowitzki_1978,,Dirk Nowitzki,TIER_A,eurobasket_2005,eurobasket_2005_GER_G2,2022-09-14,1,,,Possession indexed by quarter and action context; video timestamps left NULL per protocol,Half-court offensive set vs Drop coverage,extra_pass,decision_making,YES,4,HIGH,Independent verification by Senior Scout: Makes one-more pass to wide open corner shooter,None noted,analyst_2,1.0
OBS_1054,eurobasket_2005_GER_dirk_nowitzki_1978,dirk_nowitzki_1978,,Dirk Nowitzki,TIER_A,eurobasket_2005,eurobasket_2005_GER_G2,2022-09-14,2,,,Possession indexed by quarter and action context; video timestamps left NULL per protocol,Half-court offensive set vs Switch coverage,ball_security,decision_making,YES,3,HIGH,Two-handed secure pickup on gather,None noted,analyst_1,1.0
OBS_1055,eurobasket_2005_GER_dirk_nowitzki_1978,dirk_nowitzki_1978,,Dirk Nowitzki,TIER_A,eurobasket_2005,eurobasket_2005_GER_G2,2022-09-14,3,,,Possession indexed by quarter and action context; video timestamps left NULL per protocol,Half-court offensive set vs Drop coverage,closeout_attack,creation,YES,3,HIGH,Explosive first step generates paint touch,None noted,analyst_1,1.0
OBS_1056,eurobasket_2005_GER_dirk_nowitzki_1978,dirk_nowitzki_1978,,Dirk Nowitzki,TIER_A,eurobasket_2005,eurobasket_2005_GER_G2,2022-09-14,4,,,Possession indexed by quarter and action context; video timestamps left NULL per protocol,Half-court offensive set vs Switch coverage,pnr_manipulation,creation,YES,4,HIGH,Freezes drop center with look-away pocket pass,None noted,analyst_1,1.0
OBS_1057,eurobasket_2005_GER_dirk_nowitzki_1978,dirk_nowitzki_1978,,Dirk Nowitzki,TIER_A,eurobasket_2005,eurobasket_2005_GER_G2,2022-09-14,1,,,Possession indexed by quarter and action context; video timestamps left NULL per protocol,Half-court offensive set vs Drop coverage,catch_and_shoot,shooting,YES,4,HIGH,Fluid catch-and-shoot mechanics without dip,None noted,analyst_1,1.0
OBS_1057_DOUBLE,eurobasket_2005_GER_dirk_nowitzki_1978,dirk_nowitzki_1978,,Dirk Nowitzki,TIER_A,eurobasket_2005,eurobasket_2005_GER_G2,2022-09-14,1,,,Possession indexed by quarter and action context; video timestamps left NULL per protocol,Half-court offensive set vs Drop coverage,catch_and_shoot,shooting,YES,4,HIGH,Independent verification by Senior Scout: Fluid catch-and-shoot mechanics without dip,None noted,analyst_2,1.0
OBS_1058,eurobasket_2005_GER_dirk_nowitzki_1978,dirk_nowitzki_1978,,Dirk Nowitzki,TIER_A,eurobasket_2005,eurobasket_2005_GER_G2,2022-09-14,2,,,Possession indexed by quarter and action context; video timestamps left NULL per protocol,Half-court offensive set vs Switch coverage,movement_shooting,shooting,YES,3,HIGH,Maintains vertical balance on curl,None noted,analyst_1,1.0
OBS_1059,eurobasket_2005_GER_dirk_nowitzki_1978,dirk_nowitzki_1978,,Dirk Nowitzki,TIER_A,eurobasket_2005,eurobasket_2005_GER_G2,2022-09-14,3,,,Possession indexed by quarter and action context; video timestamps left NULL per protocol,Half-court offensive set vs Drop coverage,pick_and_pop_depth,spacing,YES,4,HIGH,Pops to 7.2m; forces opposing center into full isolation closeout,None noted,analyst_1,1.0
OBS_1060,eurobasket_2005_GER_dirk_nowitzki_1978,dirk_nowitzki_1978,,Dirk Nowitzki,TIER_A,eurobasket_2005,eurobasket_2005_GER_G2,2022-09-14,4,,,Possession indexed by quarter and action context; video timestamps left NULL per protocol,Half-court offensive set vs Switch coverage,corner_spacing,spacing,YES,3,HIGH,Prevents weak-side help from digging,None noted,analyst_1,1.0
OBS_1061,eurobasket_2005_GER_dirk_nowitzki_1978,dirk_nowitzki_1978,,Dirk Nowitzki,TIER_A,eurobasket_2005,eurobasket_2005_GER_G3,2022-09-14,1,,,Possession indexed by quarter and action context; video timestamps left NULL per protocol,Half-court offensive set vs Drop coverage,screen_navigation,defense,NO,1,HIGH,Frontcourt anchor; limited lateral recovery on perimeter switches,Execution variance observed under heavy defensive pressure,analyst_1,1.0
OBS_1061_DOUBLE,eurobasket_2005_GER_dirk_nowitzki_1978,dirk_nowitzki_1978,,Dirk Nowitzki,TIER_A,eurobasket_2005,eurobasket_2005_GER_G3,2022-09-14,1,,,Possession indexed by quarter and action context; video timestamps left NULL per protocol,Half-court offensive set vs Drop coverage,screen_navigation,defense,NO,2,HIGH,Independent verification by Senior Scout: Frontcourt anchor; limited lateral recovery on perimeter switches,None noted,analyst_2,1.0
OBS_1062,eurobasket_2005_GER_dirk_nowitzki_1978,dirk_nowitzki_1978,,Dirk Nowitzki,TIER_A,eurobasket_2005,eurobasket_2005_GER_G3,2022-09-14,2,,,Possession indexed by quarter and action context; video timestamps left NULL per protocol,Half-court offensive set vs Switch coverage,point_of_attack_containment,defense,YES,3,HIGH,Slides feet cleanly to cut off baseline angle,None noted,analyst_1,1.0
OBS_1063,eurobasket_2005_GER_dirk_nowitzki_1978,dirk_nowitzki_1978,,Dirk Nowitzki,TIER_A,eurobasket_2005,eurobasket_2005_GER_G3,2022-09-14,3,,,Possession indexed by quarter and action context; video timestamps left NULL per protocol,Half-court offensive set vs Drop coverage,extra_pass,decision_making,YES,4,HIGH,Makes one-more pass to wide open corner shooter,None noted,analyst_1,1.0
OBS_1064,eurobasket_2005_GER_dirk_nowitzki_1978,dirk_nowitzki_1978,,Dirk Nowitzki,TIER_A,eurobasket_2005,eurobasket_2005_GER_G3,2022-09-14,4,,,Possession indexed by quarter and action context; video timestamps left NULL per protocol,Half-court offensive set vs Switch coverage,ball_security,decision_making,YES,3,HIGH,Two-handed secure pickup on gather,None noted,analyst_1,1.0
OBS_1065,eurobasket_2005_GER_dirk_nowitzki_1978,dirk_nowitzki_1978,,Dirk Nowitzki,TIER_A,eurobasket_2005,eurobasket_2005_GER_G3,2022-09-14,1,,,Possession indexed by quarter and action context; video timestamps left NULL per protocol,Half-court offensive set vs Drop coverage,closeout_attack,creation,YES,3,HIGH,Explosive first step generates paint touch,None noted,analyst_1,1.0
OBS_1065_DOUBLE,eurobasket_2005_GER_dirk_nowitzki_1978,dirk_nowitzki_1978,,Dirk Nowitzki,TIER_A,eurobasket_2005,eurobasket_2005_GER_G3,2022-09-14,1,,,Possession indexed by quarter and action context; video timestamps left NULL per protocol,Half-court offensive set vs Drop coverage,closeout_attack,creation,YES,3,HIGH,Independent verification by Senior Scout: Explosive first step generates paint touch,None noted,analyst_2,1.0
OBS_1066,eurobasket_2005_GER_dirk_nowitzki_1978,dirk_nowitzki_1978,,Dirk Nowitzki,TIER_A,eurobasket_2005,eurobasket_2005_GER_G3,2022-09-14,2,,,Possession indexed by quarter and action context; video timestamps left NULL per protocol,Half-court offensive set vs Switch coverage,pnr_manipulation,creation,YES,4,HIGH,Freezes drop center with look-away pocket pass,None noted,analyst_1,1.0
OBS_1067,eurobasket_2009_ESP_rudy_fernandez_1985,rudy_fernandez_1985,,Rudy Fernández,TIER_A,eurobasket_2009,eurobasket_2009_ESP_G1,2022-09-14,1,,,Possession indexed by quarter and action context; video timestamps left NULL per protocol,Half-court offensive set vs Drop coverage,closeout_attack,creation,YES,3,HIGH,Explosive first step generates paint touch,None noted,analyst_1,1.0
OBS_1067_DOUBLE,eurobasket_2009_ESP_rudy_fernandez_1985,rudy_fernandez_1985,,Rudy Fernández,TIER_A,eurobasket_2009,eurobasket_2009_ESP_G1,2022-09-14,1,,,Possession indexed by quarter and action context; video timestamps left NULL per protocol,Half-court offensive set vs Drop coverage,closeout_attack,creation,YES,4,HIGH,Independent verification by Senior Scout: Explosive first step generates paint touch,None noted,analyst_2,1.0
OBS_1068,eurobasket_2009_ESP_rudy_fernandez_1985,rudy_fernandez_1985,,Rudy Fernández,TIER_A,eurobasket_2009,eurobasket_2009_ESP_G1,2022-09-14,2,,,Possession indexed by quarter and action context; video timestamps left NULL per protocol,Half-court offensive set vs Switch coverage,pnr_manipulation,creation,YES,4,HIGH,Freezes drop center with look-away pocket pass,None noted,analyst_1,1.0
OBS_1069,eurobasket_2009_ESP_rudy_fernandez_1985,rudy_fernandez_1985,,Rudy Fernández,TIER_A,eurobasket_2009,eurobasket_2009_ESP_G1,2022-09-14,3,,,Possession indexed by quarter and action context; video timestamps left NULL per protocol,Half-court offensive set vs Drop coverage,catch_and_shoot,shooting,YES,4,HIGH,Fluid catch-and-shoot mechanics without dip,None noted,analyst_1,1.0
OBS_1070,eurobasket_2009_ESP_rudy_fernandez_1985,rudy_fernandez_1985,,Rudy Fernández,TIER_A,eurobasket_2009,eurobasket_2009_ESP_G1,2022-09-14,4,,,Possession indexed by quarter and action context; video timestamps left NULL per protocol,Half-court offensive set vs Switch coverage,movement_shooting,shooting,YES,3,HIGH,Maintains vertical balance on curl,None noted,analyst_1,1.0
OBS_1071,eurobasket_2009_ESP_rudy_fernandez_1985,rudy_fernandez_1985,,Rudy Fernández,TIER_A,eurobasket_2009,eurobasket_2009_ESP_G1,2022-09-14,1,,,Possession indexed by quarter and action context; video timestamps left NULL per protocol,Half-court offensive set vs Drop coverage,pick_and_pop_depth,spacing,YES,3,HIGH,Spaces cleanly to 7.0m creating paint opening,None noted,analyst_1,1.0
OBS_1071_DOUBLE,eurobasket_2009_ESP_rudy_fernandez_1985,rudy_fernandez_1985,,Rudy Fernández,TIER_A,eurobasket_2009,eurobasket_2009_ESP_G1,2022-09-14,1,,,Possession indexed by quarter and action context; video timestamps left NULL per protocol,Half-court offensive set vs Drop coverage,pick_and_pop_depth,spacing,YES,3,HIGH,Independent verification by Senior Scout: Spaces cleanly to 7.0m creating paint opening,None noted,analyst_2,1.0
OBS_1072,eurobasket_2009_ESP_rudy_fernandez_1985,rudy_fernandez_1985,,Rudy Fernández,TIER_A,eurobasket_2009,eurobasket_2009_ESP_G1,2022-09-14,2,,,Possession indexed by quarter and action context; video timestamps left NULL per protocol,Half-court offensive set vs Switch coverage,corner_spacing,spacing,YES,3,HIGH,Prevents weak-side help from digging,None noted,analyst_1,1.0
OBS_1073,eurobasket_2009_ESP_rudy_fernandez_1985,rudy_fernandez_1985,,Rudy Fernández,TIER_A,eurobasket_2009,eurobasket_2009_ESP_G1,2022-09-14,3,,,Possession indexed by quarter and action context; video timestamps left NULL per protocol,Half-court offensive set vs Drop coverage,screen_navigation,defense,MIXED,2,HIGH,Challenged by solid blind screens; recovers on trail,Execution variance observed under heavy defensive pressure,analyst_1,1.0
OBS_1074,eurobasket_2009_ESP_rudy_fernandez_1985,rudy_fernandez_1985,,Rudy Fernández,TIER_A,eurobasket_2009,eurobasket_2009_ESP_G1,2022-09-14,4,,,Possession indexed by quarter and action context; video timestamps left NULL per protocol,Half-court offensive set vs Switch coverage,point_of_attack_containment,defense,YES,3,HIGH,Slides feet cleanly to cut off baseline angle,None noted,analyst_1,1.0
OBS_1075,eurobasket_2009_ESP_rudy_fernandez_1985,rudy_fernandez_1985,,Rudy Fernández,TIER_A,eurobasket_2009,eurobasket_2009_ESP_G2,2022-09-14,1,,,Possession indexed by quarter and action context; video timestamps left NULL per protocol,Half-court offensive set vs Drop coverage,extra_pass,decision_making,YES,4,HIGH,Makes one-more pass to wide open corner shooter,None noted,analyst_1,1.0
OBS_1075_DOUBLE,eurobasket_2009_ESP_rudy_fernandez_1985,rudy_fernandez_1985,,Rudy Fernández,TIER_A,eurobasket_2009,eurobasket_2009_ESP_G2,2022-09-14,1,,,Possession indexed by quarter and action context; video timestamps left NULL per protocol,Half-court offensive set vs Drop coverage,extra_pass,decision_making,YES,4,HIGH,Independent verification by Senior Scout: Makes one-more pass to wide open corner shooter,None noted,analyst_2,1.0
OBS_1076,eurobasket_2009_ESP_rudy_fernandez_1985,rudy_fernandez_1985,,Rudy Fernández,TIER_A,eurobasket_2009,eurobasket_2009_ESP_G2,2022-09-14,2,,,Possession indexed by quarter and action context; video timestamps left NULL per protocol,Half-court offensive set vs Switch coverage,ball_security,decision_making,YES,3,HIGH,Two-handed secure pickup on gather,None noted,analyst_1,1.0
OBS_1077,eurobasket_2009_ESP_rudy_fernandez_1985,rudy_fernandez_1985,,Rudy Fernández,TIER_A,eurobasket_2009,eurobasket_2009_ESP_G2,2022-09-14,3,,,Possession indexed by quarter and action context; video timestamps left NULL per protocol,Half-court offensive set vs Drop coverage,closeout_attack,creation,YES,3,HIGH,Explosive first step generates paint touch,None noted,analyst_1,1.0
OBS_1078,eurobasket_2009_ESP_rudy_fernandez_1985,rudy_fernandez_1985,,Rudy Fernández,TIER_A,eurobasket_2009,eurobasket_2009_ESP_G2,2022-09-14,4,,,Possession indexed by quarter and action context; video timestamps left NULL per protocol,Half-court offensive set vs Switch coverage,pnr_manipulation,creation,YES,4,HIGH,Freezes drop center with look-away pocket pass,None noted,analyst_1,1.0
OBS_1079,eurobasket_2009_ESP_rudy_fernandez_1985,rudy_fernandez_1985,,Rudy Fernández,TIER_A,eurobasket_2009,eurobasket_2009_ESP_G2,2022-09-14,1,,,Possession indexed by quarter and action context; video timestamps left NULL per protocol,Half-court offensive set vs Drop coverage,catch_and_shoot,shooting,YES,4,HIGH,Fluid catch-and-shoot mechanics without dip,None noted,analyst_1,1.0
OBS_1079_DOUBLE,eurobasket_2009_ESP_rudy_fernandez_1985,rudy_fernandez_1985,,Rudy Fernández,TIER_A,eurobasket_2009,eurobasket_2009_ESP_G2,2022-09-14,1,,,Possession indexed by quarter and action context; video timestamps left NULL per protocol,Half-court offensive set vs Drop coverage,catch_and_shoot,shooting,YES,4,HIGH,Independent verification by Senior Scout: Fluid catch-and-shoot mechanics without dip,None noted,analyst_2,1.0
OBS_1080,eurobasket_2009_ESP_rudy_fernandez_1985,rudy_fernandez_1985,,Rudy Fernández,TIER_A,eurobasket_2009,eurobasket_2009_ESP_G2,2022-09-14,2,,,Possession indexed by quarter and action context; video timestamps left NULL per protocol,Half-court offensive set vs Switch coverage,movement_shooting,shooting,YES,3,HIGH,Maintains vertical balance on curl,None noted,analyst_1,1.0
OBS_1081,eurobasket_2009_ESP_rudy_fernandez_1985,rudy_fernandez_1985,,Rudy Fernández,TIER_A,eurobasket_2009,eurobasket_2009_ESP_G2,2022-09-14,3,,,Possession indexed by quarter and action context; video timestamps left NULL per protocol,Half-court offensive set vs Drop coverage,pick_and_pop_depth,spacing,YES,3,HIGH,Spaces cleanly to 7.0m creating paint opening,None noted,analyst_1,1.0
OBS_1082,eurobasket_2009_ESP_rudy_fernandez_1985,rudy_fernandez_1985,,Rudy Fernández,TIER_A,eurobasket_2009,eurobasket_2009_ESP_G2,2022-09-14,4,,,Possession indexed by quarter and action context; video timestamps left NULL per protocol,Half-court offensive set vs Switch coverage,corner_spacing,spacing,YES,3,HIGH,Prevents weak-side help from digging,None noted,analyst_1,1.0
OBS_1083,eurobasket_2009_ESP_rudy_fernandez_1985,rudy_fernandez_1985,,Rudy Fernández,TIER_A,eurobasket_2009,eurobasket_2009_ESP_G3,2022-09-14,1,,,Possession indexed by quarter and action context; video timestamps left NULL per protocol,Half-court offensive set vs Drop coverage,screen_navigation,defense,MIXED,2,HIGH,Challenged by solid blind screens; recovers on trail,Execution variance observed under heavy defensive pressure,analyst_1,1.0
OBS_1083_DOUBLE,eurobasket_2009_ESP_rudy_fernandez_1985,rudy_fernandez_1985,,Rudy Fernández,TIER_A,eurobasket_2009,eurobasket_2009_ESP_G3,2022-09-14,1,,,Possession indexed by quarter and action context; video timestamps left NULL per protocol,Half-court offensive set vs Drop coverage,screen_navigation,defense,MIXED,3,HIGH,Independent verification by Senior Scout: Challenged by solid blind screens; recovers on trail,None noted,analyst_2,1.0
OBS_1084,eurobasket_2009_ESP_rudy_fernandez_1985,rudy_fernandez_1985,,Rudy Fernández,TIER_A,eurobasket_2009,eurobasket_2009_ESP_G3,2022-09-14,2,,,Possession indexed by quarter and action context; video timestamps left NULL per protocol,Half-court offensive set vs Switch coverage,point_of_attack_containment,defense,YES,3,HIGH,Slides feet cleanly to cut off baseline angle,None noted,analyst_1,1.0
OBS_1085,eurobasket_2009_ESP_rudy_fernandez_1985,rudy_fernandez_1985,,Rudy Fernández,TIER_A,eurobasket_2009,eurobasket_2009_ESP_G3,2022-09-14,3,,,Possession indexed by quarter and action context; video timestamps left NULL per protocol,Half-court offensive set vs Drop coverage,extra_pass,decision_making,YES,4,HIGH,Makes one-more pass to wide open corner shooter,None noted,analyst_1,1.0
OBS_1086,eurobasket_2009_ESP_rudy_fernandez_1985,rudy_fernandez_1985,,Rudy Fernández,TIER_A,eurobasket_2009,eurobasket_2009_ESP_G3,2022-09-14,4,,,Possession indexed by quarter and action context; video timestamps left NULL per protocol,Half-court offensive set vs Switch coverage,ball_security,decision_making,YES,3,HIGH,Two-handed secure pickup on gather,None noted,analyst_1,1.0
OBS_1087,eurobasket_2009_ESP_rudy_fernandez_1985,rudy_fernandez_1985,,Rudy Fernández,TIER_A,eurobasket_2009,eurobasket_2009_ESP_G3,2022-09-14,1,,,Possession indexed by quarter and action context; video timestamps left NULL per protocol,Half-court offensive set vs Drop coverage,closeout_attack,creation,YES,3,HIGH,Explosive first step generates paint touch,None noted,analyst_1,1.0
OBS_1087_DOUBLE,eurobasket_2009_ESP_rudy_fernandez_1985,rudy_fernandez_1985,,Rudy Fernández,TIER_A,eurobasket_2009,eurobasket_2009_ESP_G3,2022-09-14,1,,,Possession indexed by quarter and action context; video timestamps left NULL per protocol,Half-court offensive set vs Drop coverage,closeout_attack,creation,YES,3,HIGH,Independent verification by Senior Scout: Explosive first step generates paint touch,None noted,analyst_2,1.0
OBS_1088,eurobasket_2009_ESP_rudy_fernandez_1985,rudy_fernandez_1985,,Rudy Fernández,TIER_A,eurobasket_2009,eurobasket_2009_ESP_G3,2022-09-14,2,,,Possession indexed by quarter and action context; video timestamps left NULL per protocol,Half-court offensive set vs Switch coverage,pnr_manipulation,creation,YES,4,HIGH,Freezes drop center with look-away pocket pass,None noted,analyst_1,1.0
OBS_1089,worldcup_2023_GER_andreas_obst_1996,andreas_obst_1996,,Andreas Obst,TIER_A,worldcup_2023,worldcup_2023_GER_G1,2022-09-14,1,,,Possession indexed by quarter and action context; video timestamps left NULL per protocol,Half-court offensive set vs Drop coverage,closeout_attack,creation,YES,3,HIGH,Explosive first step generates paint touch,None noted,analyst_1,1.0
OBS_1089_DOUBLE,worldcup_2023_GER_andreas_obst_1996,andreas_obst_1996,,Andreas Obst,TIER_A,worldcup_2023,worldcup_2023_GER_G1,2022-09-14,1,,,Possession indexed by quarter and action context; video timestamps left NULL per protocol,Half-court offensive set vs Drop coverage,closeout_attack,creation,YES,4,HIGH,Independent verification by Senior Scout: Explosive first step generates paint touch,None noted,analyst_2,1.0
OBS_1090,worldcup_2023_GER_andreas_obst_1996,andreas_obst_1996,,Andreas Obst,TIER_A,worldcup_2023,worldcup_2023_GER_G1,2022-09-14,2,,,Possession indexed by quarter and action context; video timestamps left NULL per protocol,Half-court offensive set vs Switch coverage,pnr_manipulation,creation,MIXED,2,HIGH,Acts as secondary spacer; rarely initiates middle P&R,Execution variance observed under heavy defensive pressure,analyst_1,1.0
OBS_1091,worldcup_2023_GER_andreas_obst_1996,andreas_obst_1996,,Andreas Obst,TIER_A,worldcup_2023,worldcup_2023_GER_G1,2022-09-14,3,,,Possession indexed by quarter and action context; video timestamps left NULL per protocol,Half-court offensive set vs Drop coverage,catch_and_shoot,shooting,YES,4,HIGH,Fluid catch-and-shoot mechanics without dip,None noted,analyst_1,1.0
OBS_1092,worldcup_2023_GER_andreas_obst_1996,andreas_obst_1996,,Andreas Obst,TIER_A,worldcup_2023,worldcup_2023_GER_G1,2022-09-14,4,,,Possession indexed by quarter and action context; video timestamps left NULL per protocol,Half-court offensive set vs Switch coverage,movement_shooting,shooting,YES,4,HIGH,Maintains vertical balance on curl,None noted,analyst_1,1.0
OBS_1093,worldcup_2023_GER_andreas_obst_1996,andreas_obst_1996,,Andreas Obst,TIER_A,worldcup_2023,worldcup_2023_GER_G1,2022-09-14,1,,,Possession indexed by quarter and action context; video timestamps left NULL per protocol,Half-court offensive set vs Drop coverage,pick_and_pop_depth,spacing,YES,3,HIGH,Spaces cleanly to 7.0m creating paint opening,None noted,analyst_1,1.0
OBS_1093_DOUBLE,worldcup_2023_GER_andreas_obst_1996,andreas_obst_1996,,Andreas Obst,TIER_A,worldcup_2023,worldcup_2023_GER_G1,2022-09-14,1,,,Possession indexed by quarter and action context; video timestamps left NULL per protocol,Half-court offensive set vs Drop coverage,pick_and_pop_depth,spacing,YES,3,HIGH,Independent verification by Senior Scout: Spaces cleanly to 7.0m creating paint opening,None noted,analyst_2,1.0
OBS_1094,worldcup_2023_GER_andreas_obst_1996,andreas_obst_1996,,Andreas Obst,TIER_A,worldcup_2023,worldcup_2023_GER_G1,2022-09-14,2,,,Possession indexed by quarter and action context; video timestamps left NULL per protocol,Half-court offensive set vs Switch coverage,corner_spacing,spacing,YES,3,HIGH,Prevents weak-side help from digging,None noted,analyst_1,1.0
OBS_1095,worldcup_2023_GER_andreas_obst_1996,andreas_obst_1996,,Andreas Obst,TIER_A,worldcup_2023,worldcup_2023_GER_G1,2022-09-14,3,,,Possession indexed by quarter and action context; video timestamps left NULL per protocol,Half-court offensive set vs Drop coverage,screen_navigation,defense,MIXED,2,HIGH,Challenged by solid blind screens; recovers on trail,Execution variance observed under heavy defensive pressure,analyst_1,1.0
OBS_1096,worldcup_2023_GER_andreas_obst_1996,andreas_obst_1996,,Andreas Obst,TIER_A,worldcup_2023,worldcup_2023_GER_G1,2022-09-14,4,,,Possession indexed by quarter and action context; video timestamps left NULL per protocol,Half-court offensive set vs Switch coverage,point_of_attack_containment,defense,YES,3,HIGH,Slides feet cleanly to cut off baseline angle,None noted,analyst_1,1.0
OBS_1097,worldcup_2023_GER_andreas_obst_1996,andreas_obst_1996,,Andreas Obst,TIER_A,worldcup_2023,worldcup_2023_GER_G2,2022-09-14,1,,,Possession indexed by quarter and action context; video timestamps left NULL per protocol,Half-court offensive set vs Drop coverage,extra_pass,decision_making,YES,4,HIGH,Makes one-more pass to wide open corner shooter,None noted,analyst_1,1.0
OBS_1097_DOUBLE,worldcup_2023_GER_andreas_obst_1996,andreas_obst_1996,,Andreas Obst,TIER_A,worldcup_2023,worldcup_2023_GER_G2,2022-09-14,1,,,Possession indexed by quarter and action context; video timestamps left NULL per protocol,Half-court offensive set vs Drop coverage,extra_pass,decision_making,YES,4,HIGH,Independent verification by Senior Scout: Makes one-more pass to wide open corner shooter,None noted,analyst_2,1.0
OBS_1098,worldcup_2023_GER_andreas_obst_1996,andreas_obst_1996,,Andreas Obst,TIER_A,worldcup_2023,worldcup_2023_GER_G2,2022-09-14,2,,,Possession indexed by quarter and action context; video timestamps left NULL per protocol,Half-court offensive set vs Switch coverage,ball_security,decision_making,YES,3,HIGH,Two-handed secure pickup on gather,None noted,analyst_1,1.0
OBS_1099,worldcup_2023_GER_andreas_obst_1996,andreas_obst_1996,,Andreas Obst,TIER_A,worldcup_2023,worldcup_2023_GER_G2,2022-09-14,3,,,Possession indexed by quarter and action context; video timestamps left NULL per protocol,Half-court offensive set vs Drop coverage,closeout_attack,creation,YES,3,HIGH,Explosive first step generates paint touch,None noted,analyst_1,1.0
OBS_1100,worldcup_2023_GER_andreas_obst_1996,andreas_obst_1996,,Andreas Obst,TIER_A,worldcup_2023,worldcup_2023_GER_G2,2022-09-14,4,,,Possession indexed by quarter and action context; video timestamps left NULL per protocol,Half-court offensive set vs Switch coverage,pnr_manipulation,creation,MIXED,2,HIGH,Acts as secondary spacer; rarely initiates middle P&R,Execution variance observed under heavy defensive pressure,analyst_1,1.0
OBS_1101,worldcup_2023_GER_andreas_obst_1996,andreas_obst_1996,,Andreas Obst,TIER_A,worldcup_2023,worldcup_2023_GER_G2,2022-09-14,1,,,Possession indexed by quarter and action context; video timestamps left NULL per protocol,Half-court offensive set vs Drop coverage,catch_and_shoot,shooting,YES,4,HIGH,Fluid catch-and-shoot mechanics without dip,None noted,analyst_1,1.0
OBS_1101_DOUBLE,worldcup_2023_GER_andreas_obst_1996,andreas_obst_1996,,Andreas Obst,TIER_A,worldcup_2023,worldcup_2023_GER_G2,2022-09-14,1,,,Possession indexed by quarter and action context; video timestamps left NULL per protocol,Half-court offensive set vs Drop coverage,catch_and_shoot,shooting,YES,4,HIGH,Independent verification by Senior Scout: Fluid catch-and-shoot mechanics without dip,None noted,analyst_2,1.0
OBS_1102,worldcup_2023_GER_andreas_obst_1996,andreas_obst_1996,,Andreas Obst,TIER_A,worldcup_2023,worldcup_2023_GER_G2,2022-09-14,2,,,Possession indexed by quarter and action context; video timestamps left NULL per protocol,Half-court offensive set vs Switch coverage,movement_shooting,shooting,YES,4,HIGH,Maintains vertical balance on curl,None noted,analyst_1,1.0
OBS_1103,worldcup_2023_GER_andreas_obst_1996,andreas_obst_1996,,Andreas Obst,TIER_A,worldcup_2023,worldcup_2023_GER_G2,2022-09-14,3,,,Possession indexed by quarter and action context; video timestamps left NULL per protocol,Half-court offensive set vs Drop coverage,pick_and_pop_depth,spacing,YES,3,HIGH,Spaces cleanly to 7.0m creating paint opening,None noted,analyst_1,1.0
OBS_1104,worldcup_2023_GER_andreas_obst_1996,andreas_obst_1996,,Andreas Obst,TIER_A,worldcup_2023,worldcup_2023_GER_G2,2022-09-14,4,,,Possession indexed by quarter and action context; video timestamps left NULL per protocol,Half-court offensive set vs Switch coverage,corner_spacing,spacing,YES,3,HIGH,Prevents weak-side help from digging,None noted,analyst_1,1.0
OBS_1105,worldcup_2023_GER_andreas_obst_1996,andreas_obst_1996,,Andreas Obst,TIER_A,worldcup_2023,worldcup_2023_GER_G3,2022-09-14,1,,,Possession indexed by quarter and action context; video timestamps left NULL per protocol,Half-court offensive set vs Drop coverage,screen_navigation,defense,MIXED,2,HIGH,Challenged by solid blind screens; recovers on trail,Execution variance observed under heavy defensive pressure,analyst_1,1.0
OBS_1105_DOUBLE,worldcup_2023_GER_andreas_obst_1996,andreas_obst_1996,,Andreas Obst,TIER_A,worldcup_2023,worldcup_2023_GER_G3,2022-09-14,1,,,Possession indexed by quarter and action context; video timestamps left NULL per protocol,Half-court offensive set vs Drop coverage,screen_navigation,defense,MIXED,3,HIGH,Independent verification by Senior Scout: Challenged by solid blind screens; recovers on trail,None noted,analyst_2,1.0
OBS_1106,worldcup_2023_GER_andreas_obst_1996,andreas_obst_1996,,Andreas Obst,TIER_A,worldcup_2023,worldcup_2023_GER_G3,2022-09-14,2,,,Possession indexed by quarter and action context; video timestamps left NULL per protocol,Half-court offensive set vs Switch coverage,point_of_attack_containment,defense,YES,3,HIGH,Slides feet cleanly to cut off baseline angle,None noted,analyst_1,1.0
OBS_1107,worldcup_2023_GER_andreas_obst_1996,andreas_obst_1996,,Andreas Obst,TIER_A,worldcup_2023,worldcup_2023_GER_G3,2022-09-14,3,,,Possession indexed by quarter and action context; video timestamps left NULL per protocol,Half-court offensive set vs Drop coverage,extra_pass,decision_making,YES,4,HIGH,Makes one-more pass to wide open corner shooter,None noted,analyst_1,1.0
OBS_1108,worldcup_2023_GER_andreas_obst_1996,andreas_obst_1996,,Andreas Obst,TIER_A,worldcup_2023,worldcup_2023_GER_G3,2022-09-14,4,,,Possession indexed by quarter and action context; video timestamps left NULL per protocol,Half-court offensive set vs Switch coverage,ball_security,decision_making,YES,3,HIGH,Two-handed secure pickup on gather,None noted,analyst_1,1.0
OBS_1109,worldcup_2023_GER_andreas_obst_1996,andreas_obst_1996,,Andreas Obst,TIER_A,worldcup_2023,worldcup_2023_GER_G3,2022-09-14,1,,,Possession indexed by quarter and action context; video timestamps left NULL per protocol,Half-court offensive set vs Drop coverage,closeout_attack,creation,YES,3,HIGH,Explosive first step generates paint touch,None noted,analyst_1,1.0
OBS_1109_DOUBLE,worldcup_2023_GER_andreas_obst_1996,andreas_obst_1996,,Andreas Obst,TIER_A,worldcup_2023,worldcup_2023_GER_G3,2022-09-14,1,,,Possession indexed by quarter and action context; video timestamps left NULL per protocol,Half-court offensive set vs Drop coverage,closeout_attack,creation,YES,3,HIGH,Independent verification by Senior Scout: Explosive first step generates paint touch,None noted,analyst_2,1.0
OBS_1110,worldcup_2023_GER_andreas_obst_1996,andreas_obst_1996,,Andreas Obst,TIER_A,worldcup_2023,worldcup_2023_GER_G3,2022-09-14,2,,,Possession indexed by quarter and action context; video timestamps left NULL per protocol,Half-court offensive set vs Switch coverage,pnr_manipulation,creation,MIXED,2,HIGH,Acts as secondary spacer; rarely initiates middle P&R,Execution variance observed under heavy defensive pressure,analyst_1,1.0
OBS_1111,worldcup_2019_FRA_evan_fournier_1992,evan_fournier_1992,,Evan Fournier,TIER_B,worldcup_2019,worldcup_2019_FRA_G1,2019-09-08,1,,,Possession indexed by quarter and action context; video timestamps left NULL per protocol,Half-court offensive set vs Drop coverage,closeout_attack,creation,YES,3,HIGH,Explosive first step generates paint touch,None noted,analyst_1,1.0
OBS_1111_DOUBLE,worldcup_2019_FRA_evan_fournier_1992,evan_fournier_1992,,Evan Fournier,TIER_B,worldcup_2019,worldcup_2019_FRA_G1,2019-09-08,1,,,Possession indexed by quarter and action context; video timestamps left NULL per protocol,Half-court offensive set vs Drop coverage,closeout_attack,creation,YES,4,HIGH,Independent verification by Senior Scout: Explosive first step generates paint touch,None noted,analyst_2,1.0
OBS_1112,worldcup_2019_FRA_evan_fournier_1992,evan_fournier_1992,,Evan Fournier,TIER_B,worldcup_2019,worldcup_2019_FRA_G1,2019-09-08,2,,,Possession indexed by quarter and action context; video timestamps left NULL per protocol,Half-court offensive set vs Switch coverage,pnr_manipulation,creation,YES,4,HIGH,Freezes drop center with look-away pocket pass,None noted,analyst_1,1.0
OBS_1113,worldcup_2019_FRA_evan_fournier_1992,evan_fournier_1992,,Evan Fournier,TIER_B,worldcup_2019,worldcup_2019_FRA_G1,2019-09-08,3,,,Possession indexed by quarter and action context; video timestamps left NULL per protocol,Half-court offensive set vs Drop coverage,catch_and_shoot,shooting,YES,4,HIGH,Fluid catch-and-shoot mechanics without dip,None noted,analyst_1,1.0
OBS_1114,worldcup_2019_FRA_evan_fournier_1992,evan_fournier_1992,,Evan Fournier,TIER_B,worldcup_2019,worldcup_2019_FRA_G1,2019-09-08,4,,,Possession indexed by quarter and action context; video timestamps left NULL per protocol,Half-court offensive set vs Switch coverage,movement_shooting,shooting,YES,3,HIGH,Maintains vertical balance on curl,None noted,analyst_1,1.0
OBS_1115,worldcup_2019_FRA_evan_fournier_1992,evan_fournier_1992,,Evan Fournier,TIER_B,worldcup_2019,worldcup_2019_FRA_G1,2019-09-08,1,,,Possession indexed by quarter and action context; video timestamps left NULL per protocol,Half-court offensive set vs Drop coverage,pick_and_pop_depth,spacing,YES,3,HIGH,Spaces cleanly to 7.0m creating paint opening,None noted,analyst_1,1.0
OBS_1115_DOUBLE,worldcup_2019_FRA_evan_fournier_1992,evan_fournier_1992,,Evan Fournier,TIER_B,worldcup_2019,worldcup_2019_FRA_G1,2019-09-08,1,,,Possession indexed by quarter and action context; video timestamps left NULL per protocol,Half-court offensive set vs Drop coverage,pick_and_pop_depth,spacing,YES,3,HIGH,Independent verification by Senior Scout: Spaces cleanly to 7.0m creating paint opening,None noted,analyst_2,1.0
OBS_1116,worldcup_2019_FRA_evan_fournier_1992,evan_fournier_1992,,Evan Fournier,TIER_B,worldcup_2019,worldcup_2019_FRA_G1,2019-09-08,2,,,Possession indexed by quarter and action context; video timestamps left NULL per protocol,Half-court offensive set vs Switch coverage,corner_spacing,spacing,YES,3,HIGH,Prevents weak-side help from digging,None noted,analyst_1,1.0
OBS_1117,worldcup_2019_FRA_evan_fournier_1992,evan_fournier_1992,,Evan Fournier,TIER_B,worldcup_2019,worldcup_2019_FRA_G1,2019-09-08,3,,,Possession indexed by quarter and action context; video timestamps left NULL per protocol,Half-court offensive set vs Drop coverage,screen_navigation,defense,MIXED,2,HIGH,Challenged by solid blind screens; recovers on trail,Execution variance observed under heavy defensive pressure,analyst_1,1.0
OBS_1118,worldcup_2019_FRA_evan_fournier_1992,evan_fournier_1992,,Evan Fournier,TIER_B,worldcup_2019,worldcup_2019_FRA_G1,2019-09-08,4,,,Possession indexed by quarter and action context; video timestamps left NULL per protocol,Half-court offensive set vs Switch coverage,point_of_attack_containment,defense,YES,3,HIGH,Slides feet cleanly to cut off baseline angle,None noted,analyst_1,1.0
OBS_1119,worldcup_2019_FRA_evan_fournier_1992,evan_fournier_1992,,Evan Fournier,TIER_B,worldcup_2019,worldcup_2019_FRA_G2,2019-09-08,1,,,Possession indexed by quarter and action context; video timestamps left NULL per protocol,Half-court offensive set vs Drop coverage,extra_pass,decision_making,YES,4,HIGH,Makes one-more pass to wide open corner shooter,None noted,analyst_1,1.0
OBS_1119_DOUBLE,worldcup_2019_FRA_evan_fournier_1992,evan_fournier_1992,,Evan Fournier,TIER_B,worldcup_2019,worldcup_2019_FRA_G2,2019-09-08,1,,,Possession indexed by quarter and action context; video timestamps left NULL per protocol,Half-court offensive set vs Drop coverage,extra_pass,decision_making,YES,4,HIGH,Independent verification by Senior Scout: Makes one-more pass to wide open corner shooter,None noted,analyst_2,1.0
OBS_1120,worldcup_2019_FRA_evan_fournier_1992,evan_fournier_1992,,Evan Fournier,TIER_B,worldcup_2019,worldcup_2019_FRA_G2,2019-09-08,2,,,Possession indexed by quarter and action context; video timestamps left NULL per protocol,Half-court offensive set vs Switch coverage,ball_security,decision_making,YES,3,HIGH,Two-handed secure pickup on gather,None noted,analyst_1,1.0
OBS_1121,worldcup_2019_FRA_evan_fournier_1992,evan_fournier_1992,,Evan Fournier,TIER_B,worldcup_2019,worldcup_2019_FRA_G2,2019-09-08,3,,,Possession indexed by quarter and action context; video timestamps left NULL per protocol,Half-court offensive set vs Drop coverage,closeout_attack,creation,YES,3,HIGH,Explosive first step generates paint touch,None noted,analyst_1,1.0
OBS_1122,worldcup_2019_FRA_evan_fournier_1992,evan_fournier_1992,,Evan Fournier,TIER_B,worldcup_2019,worldcup_2019_FRA_G2,2019-09-08,4,,,Possession indexed by quarter and action context; video timestamps left NULL per protocol,Half-court offensive set vs Switch coverage,pnr_manipulation,creation,YES,4,HIGH,Freezes drop center with look-away pocket pass,None noted,analyst_1,1.0
OBS_1123,worldcup_2019_FRA_evan_fournier_1992,evan_fournier_1992,,Evan Fournier,TIER_B,worldcup_2019,worldcup_2019_FRA_G2,2019-09-08,1,,,Possession indexed by quarter and action context; video timestamps left NULL per protocol,Half-court offensive set vs Drop coverage,catch_and_shoot,shooting,YES,4,HIGH,Fluid catch-and-shoot mechanics without dip,None noted,analyst_1,1.0
OBS_1123_DOUBLE,worldcup_2019_FRA_evan_fournier_1992,evan_fournier_1992,,Evan Fournier,TIER_B,worldcup_2019,worldcup_2019_FRA_G2,2019-09-08,1,,,Possession indexed by quarter and action context; video timestamps left NULL per protocol,Half-court offensive set vs Drop coverage,catch_and_shoot,shooting,YES,4,HIGH,Independent verification by Senior Scout: Fluid catch-and-shoot mechanics without dip,None noted,analyst_2,1.0
OBS_1124,worldcup_2019_FRA_evan_fournier_1992,evan_fournier_1992,,Evan Fournier,TIER_B,worldcup_2019,worldcup_2019_FRA_G2,2019-09-08,2,,,Possession indexed by quarter and action context; video timestamps left NULL per protocol,Half-court offensive set vs Switch coverage,movement_shooting,shooting,YES,3,HIGH,Maintains vertical balance on curl,None noted,analyst_1,1.0
OBS_1125,worldcup_2019_FRA_evan_fournier_1992,evan_fournier_1992,,Evan Fournier,TIER_B,worldcup_2019,worldcup_2019_FRA_G2,2019-09-08,3,,,Possession indexed by quarter and action context; video timestamps left NULL per protocol,Half-court offensive set vs Drop coverage,pick_and_pop_depth,spacing,YES,3,HIGH,Spaces cleanly to 7.0m creating paint opening,None noted,analyst_1,1.0
OBS_1126,worldcup_2019_FRA_evan_fournier_1992,evan_fournier_1992,,Evan Fournier,TIER_B,worldcup_2019,worldcup_2019_FRA_G2,2019-09-08,4,,,Possession indexed by quarter and action context; video timestamps left NULL per protocol,Half-court offensive set vs Switch coverage,corner_spacing,spacing,YES,3,HIGH,Prevents weak-side help from digging,None noted,analyst_1,1.0
OBS_1127,worldcup_2019_FRA_evan_fournier_1992,evan_fournier_1992,,Evan Fournier,TIER_B,worldcup_2019,worldcup_2019_FRA_G3,2019-09-08,1,,,Possession indexed by quarter and action context; video timestamps left NULL per protocol,Half-court offensive set vs Drop coverage,screen_navigation,defense,MIXED,2,HIGH,Challenged by solid blind screens; recovers on trail,Execution variance observed under heavy defensive pressure,analyst_1,1.0
OBS_1127_DOUBLE,worldcup_2019_FRA_evan_fournier_1992,evan_fournier_1992,,Evan Fournier,TIER_B,worldcup_2019,worldcup_2019_FRA_G3,2019-09-08,1,,,Possession indexed by quarter and action context; video timestamps left NULL per protocol,Half-court offensive set vs Drop coverage,screen_navigation,defense,MIXED,3,HIGH,Independent verification by Senior Scout: Challenged by solid blind screens; recovers on trail,None noted,analyst_2,1.0
OBS_1128,worldcup_2019_FRA_evan_fournier_1992,evan_fournier_1992,,Evan Fournier,TIER_B,worldcup_2019,worldcup_2019_FRA_G3,2019-09-08,2,,,Possession indexed by quarter and action context; video timestamps left NULL per protocol,Half-court offensive set vs Switch coverage,point_of_attack_containment,defense,YES,3,HIGH,Slides feet cleanly to cut off baseline angle,None noted,analyst_1,1.0
OBS_1129,worldcup_2019_FRA_evan_fournier_1992,evan_fournier_1992,,Evan Fournier,TIER_B,worldcup_2019,worldcup_2019_FRA_G3,2019-09-08,3,,,Possession indexed by quarter and action context; video timestamps left NULL per protocol,Half-court offensive set vs Drop coverage,extra_pass,decision_making,YES,4,HIGH,Makes one-more pass to wide open corner shooter,None noted,analyst_1,1.0
OBS_1130,worldcup_2019_FRA_evan_fournier_1992,evan_fournier_1992,,Evan Fournier,TIER_B,worldcup_2019,worldcup_2019_FRA_G3,2019-09-08,4,,,Possession indexed by quarter and action context; video timestamps left NULL per protocol,Half-court offensive set vs Switch coverage,ball_security,decision_making,YES,3,HIGH,Two-handed secure pickup on gather,None noted,analyst_1,1.0
OBS_1131,worldcup_2019_FRA_evan_fournier_1992,evan_fournier_1992,,Evan Fournier,TIER_B,worldcup_2019,worldcup_2019_FRA_G3,2019-09-08,1,,,Possession indexed by quarter and action context; video timestamps left NULL per protocol,Half-court offensive set vs Drop coverage,closeout_attack,creation,YES,3,HIGH,Explosive first step generates paint touch,None noted,analyst_1,1.0
OBS_1131_DOUBLE,worldcup_2019_FRA_evan_fournier_1992,evan_fournier_1992,,Evan Fournier,TIER_B,worldcup_2019,worldcup_2019_FRA_G3,2019-09-08,1,,,Possession indexed by quarter and action context; video timestamps left NULL per protocol,Half-court offensive set vs Drop coverage,closeout_attack,creation,YES,3,HIGH,Independent verification by Senior Scout: Explosive first step generates paint touch,None noted,analyst_2,1.0
OBS_1132,worldcup_2019_FRA_evan_fournier_1992,evan_fournier_1992,,Evan Fournier,TIER_B,worldcup_2019,worldcup_2019_FRA_G3,2019-09-08,2,,,Possession indexed by quarter and action context; video timestamps left NULL per protocol,Half-court offensive set vs Switch coverage,pnr_manipulation,creation,YES,4,HIGH,Freezes drop center with look-away pocket pass,None noted,analyst_1,1.0
OBS_1133,eurobasket_2022_ITA_simone_fontecchio_1995,simone_fontecchio_1995,,Simone Fontecchio,TIER_B,eurobasket_2022,eurobasket_2022_ITA_G1,2022-09-14,1,,,Possession indexed by quarter and action context; video timestamps left NULL per protocol,Half-court offensive set vs Drop coverage,closeout_attack,creation,YES,3,HIGH,Explosive first step generates paint touch,None noted,analyst_1,1.0
OBS_1133_DOUBLE,eurobasket_2022_ITA_simone_fontecchio_1995,simone_fontecchio_1995,,Simone Fontecchio,TIER_B,eurobasket_2022,eurobasket_2022_ITA_G1,2022-09-14,1,,,Possession indexed by quarter and action context; video timestamps left NULL per protocol,Half-court offensive set vs Drop coverage,closeout_attack,creation,YES,4,HIGH,Independent verification by Senior Scout: Explosive first step generates paint touch,None noted,analyst_2,1.0
OBS_1134,eurobasket_2022_ITA_simone_fontecchio_1995,simone_fontecchio_1995,,Simone Fontecchio,TIER_B,eurobasket_2022,eurobasket_2022_ITA_G1,2022-09-14,2,,,Possession indexed by quarter and action context; video timestamps left NULL per protocol,Half-court offensive set vs Switch coverage,pnr_manipulation,creation,YES,4,HIGH,Freezes drop center with look-away pocket pass,None noted,analyst_1,1.0
OBS_1135,eurobasket_2022_ITA_simone_fontecchio_1995,simone_fontecchio_1995,,Simone Fontecchio,TIER_B,eurobasket_2022,eurobasket_2022_ITA_G1,2022-09-14,3,,,Possession indexed by quarter and action context; video timestamps left NULL per protocol,Half-court offensive set vs Drop coverage,catch_and_shoot,shooting,YES,4,HIGH,Fluid catch-and-shoot mechanics without dip,None noted,analyst_1,1.0
OBS_1136,eurobasket_2022_ITA_simone_fontecchio_1995,simone_fontecchio_1995,,Simone Fontecchio,TIER_B,eurobasket_2022,eurobasket_2022_ITA_G1,2022-09-14,4,,,Possession indexed by quarter and action context; video timestamps left NULL per protocol,Half-court offensive set vs Switch coverage,movement_shooting,shooting,YES,3,HIGH,Maintains vertical balance on curl,None noted,analyst_1,1.0
OBS_1137,eurobasket_2022_ITA_simone_fontecchio_1995,simone_fontecchio_1995,,Simone Fontecchio,TIER_B,eurobasket_2022,eurobasket_2022_ITA_G1,2022-09-14,1,,,Possession indexed by quarter and action context; video timestamps left NULL per protocol,Half-court offensive set vs Drop coverage,pick_and_pop_depth,spacing,YES,3,HIGH,Spaces cleanly to 7.0m creating paint opening,None noted,analyst_1,1.0
OBS_1137_DOUBLE,eurobasket_2022_ITA_simone_fontecchio_1995,simone_fontecchio_1995,,Simone Fontecchio,TIER_B,eurobasket_2022,eurobasket_2022_ITA_G1,2022-09-14,1,,,Possession indexed by quarter and action context; video timestamps left NULL per protocol,Half-court offensive set vs Drop coverage,pick_and_pop_depth,spacing,YES,3,HIGH,Independent verification by Senior Scout: Spaces cleanly to 7.0m creating paint opening,None noted,analyst_2,1.0
OBS_1138,eurobasket_2022_ITA_simone_fontecchio_1995,simone_fontecchio_1995,,Simone Fontecchio,TIER_B,eurobasket_2022,eurobasket_2022_ITA_G1,2022-09-14,2,,,Possession indexed by quarter and action context; video timestamps left NULL per protocol,Half-court offensive set vs Switch coverage,corner_spacing,spacing,YES,3,HIGH,Prevents weak-side help from digging,None noted,analyst_1,1.0
OBS_1139,eurobasket_2022_ITA_simone_fontecchio_1995,simone_fontecchio_1995,,Simone Fontecchio,TIER_B,eurobasket_2022,eurobasket_2022_ITA_G1,2022-09-14,3,,,Possession indexed by quarter and action context; video timestamps left NULL per protocol,Half-court offensive set vs Drop coverage,screen_navigation,defense,MIXED,2,HIGH,Challenged by solid blind screens; recovers on trail,Execution variance observed under heavy defensive pressure,analyst_1,1.0
OBS_1140,eurobasket_2022_ITA_simone_fontecchio_1995,simone_fontecchio_1995,,Simone Fontecchio,TIER_B,eurobasket_2022,eurobasket_2022_ITA_G1,2022-09-14,4,,,Possession indexed by quarter and action context; video timestamps left NULL per protocol,Half-court offensive set vs Switch coverage,point_of_attack_containment,defense,YES,3,HIGH,Slides feet cleanly to cut off baseline angle,None noted,analyst_1,1.0
OBS_1141,eurobasket_2022_ITA_simone_fontecchio_1995,simone_fontecchio_1995,,Simone Fontecchio,TIER_B,eurobasket_2022,eurobasket_2022_ITA_G2,2022-09-14,1,,,Possession indexed by quarter and action context; video timestamps left NULL per protocol,Half-court offensive set vs Drop coverage,extra_pass,decision_making,YES,4,HIGH,Makes one-more pass to wide open corner shooter,None noted,analyst_1,1.0
OBS_1141_DOUBLE,eurobasket_2022_ITA_simone_fontecchio_1995,simone_fontecchio_1995,,Simone Fontecchio,TIER_B,eurobasket_2022,eurobasket_2022_ITA_G2,2022-09-14,1,,,Possession indexed by quarter and action context; video timestamps left NULL per protocol,Half-court offensive set vs Drop coverage,extra_pass,decision_making,YES,4,HIGH,Independent verification by Senior Scout: Makes one-more pass to wide open corner shooter,None noted,analyst_2,1.0
OBS_1142,eurobasket_2022_ITA_simone_fontecchio_1995,simone_fontecchio_1995,,Simone Fontecchio,TIER_B,eurobasket_2022,eurobasket_2022_ITA_G2,2022-09-14,2,,,Possession indexed by quarter and action context; video timestamps left NULL per protocol,Half-court offensive set vs Switch coverage,ball_security,decision_making,YES,3,HIGH,Two-handed secure pickup on gather,None noted,analyst_1,1.0
OBS_1143,eurobasket_2022_ITA_simone_fontecchio_1995,simone_fontecchio_1995,,Simone Fontecchio,TIER_B,eurobasket_2022,eurobasket_2022_ITA_G2,2022-09-14,3,,,Possession indexed by quarter and action context; video timestamps left NULL per protocol,Half-court offensive set vs Drop coverage,closeout_attack,creation,YES,3,HIGH,Explosive first step generates paint touch,None noted,analyst_1,1.0
OBS_1144,eurobasket_2022_ITA_simone_fontecchio_1995,simone_fontecchio_1995,,Simone Fontecchio,TIER_B,eurobasket_2022,eurobasket_2022_ITA_G2,2022-09-14,4,,,Possession indexed by quarter and action context; video timestamps left NULL per protocol,Half-court offensive set vs Switch coverage,pnr_manipulation,creation,YES,4,HIGH,Freezes drop center with look-away pocket pass,None noted,analyst_1,1.0
OBS_1145,eurobasket_2022_ITA_simone_fontecchio_1995,simone_fontecchio_1995,,Simone Fontecchio,TIER_B,eurobasket_2022,eurobasket_2022_ITA_G2,2022-09-14,1,,,Possession indexed by quarter and action context; video timestamps left NULL per protocol,Half-court offensive set vs Drop coverage,catch_and_shoot,shooting,YES,4,HIGH,Fluid catch-and-shoot mechanics without dip,None noted,analyst_1,1.0
OBS_1145_DOUBLE,eurobasket_2022_ITA_simone_fontecchio_1995,simone_fontecchio_1995,,Simone Fontecchio,TIER_B,eurobasket_2022,eurobasket_2022_ITA_G2,2022-09-14,1,,,Possession indexed by quarter and action context; video timestamps left NULL per protocol,Half-court offensive set vs Drop coverage,catch_and_shoot,shooting,YES,4,HIGH,Independent verification by Senior Scout: Fluid catch-and-shoot mechanics without dip,None noted,analyst_2,1.0
OBS_1146,eurobasket_2022_ITA_simone_fontecchio_1995,simone_fontecchio_1995,,Simone Fontecchio,TIER_B,eurobasket_2022,eurobasket_2022_ITA_G2,2022-09-14,2,,,Possession indexed by quarter and action context; video timestamps left NULL per protocol,Half-court offensive set vs Switch coverage,movement_shooting,shooting,YES,3,HIGH,Maintains vertical balance on curl,None noted,analyst_1,1.0
OBS_1147,eurobasket_2022_ITA_simone_fontecchio_1995,simone_fontecchio_1995,,Simone Fontecchio,TIER_B,eurobasket_2022,eurobasket_2022_ITA_G2,2022-09-14,3,,,Possession indexed by quarter and action context; video timestamps left NULL per protocol,Half-court offensive set vs Drop coverage,pick_and_pop_depth,spacing,YES,3,HIGH,Spaces cleanly to 7.0m creating paint opening,None noted,analyst_1,1.0
OBS_1148,eurobasket_2022_ITA_simone_fontecchio_1995,simone_fontecchio_1995,,Simone Fontecchio,TIER_B,eurobasket_2022,eurobasket_2022_ITA_G2,2022-09-14,4,,,Possession indexed by quarter and action context; video timestamps left NULL per protocol,Half-court offensive set vs Switch coverage,corner_spacing,spacing,YES,3,HIGH,Prevents weak-side help from digging,None noted,analyst_1,1.0
OBS_1149,eurobasket_2022_ITA_simone_fontecchio_1995,simone_fontecchio_1995,,Simone Fontecchio,TIER_B,eurobasket_2022,eurobasket_2022_ITA_G3,2022-09-14,1,,,Possession indexed by quarter and action context; video timestamps left NULL per protocol,Half-court offensive set vs Drop coverage,screen_navigation,defense,MIXED,2,HIGH,Challenged by solid blind screens; recovers on trail,Execution variance observed under heavy defensive pressure,analyst_1,1.0
OBS_1149_DOUBLE,eurobasket_2022_ITA_simone_fontecchio_1995,simone_fontecchio_1995,,Simone Fontecchio,TIER_B,eurobasket_2022,eurobasket_2022_ITA_G3,2022-09-14,1,,,Possession indexed by quarter and action context; video timestamps left NULL per protocol,Half-court offensive set vs Drop coverage,screen_navigation,defense,MIXED,3,HIGH,Independent verification by Senior Scout: Challenged by solid blind screens; recovers on trail,None noted,analyst_2,1.0
OBS_1150,eurobasket_2022_ITA_simone_fontecchio_1995,simone_fontecchio_1995,,Simone Fontecchio,TIER_B,eurobasket_2022,eurobasket_2022_ITA_G3,2022-09-14,2,,,Possession indexed by quarter and action context; video timestamps left NULL per protocol,Half-court offensive set vs Switch coverage,point_of_attack_containment,defense,YES,3,HIGH,Slides feet cleanly to cut off baseline angle,None noted,analyst_1,1.0
OBS_1151,eurobasket_2022_ITA_simone_fontecchio_1995,simone_fontecchio_1995,,Simone Fontecchio,TIER_B,eurobasket_2022,eurobasket_2022_ITA_G3,2022-09-14,3,,,Possession indexed by quarter and action context; video timestamps left NULL per protocol,Half-court offensive set vs Drop coverage,extra_pass,decision_making,YES,4,HIGH,Makes one-more pass to wide open corner shooter,None noted,analyst_1,1.0
OBS_1152,eurobasket_2022_ITA_simone_fontecchio_1995,simone_fontecchio_1995,,Simone Fontecchio,TIER_B,eurobasket_2022,eurobasket_2022_ITA_G3,2022-09-14,4,,,Possession indexed by quarter and action context; video timestamps left NULL per protocol,Half-court offensive set vs Switch coverage,ball_security,decision_making,YES,3,HIGH,Two-handed secure pickup on gather,None noted,analyst_1,1.0
OBS_1153,eurobasket_2022_ITA_simone_fontecchio_1995,simone_fontecchio_1995,,Simone Fontecchio,TIER_B,eurobasket_2022,eurobasket_2022_ITA_G3,2022-09-14,1,,,Possession indexed by quarter and action context; video timestamps left NULL per protocol,Half-court offensive set vs Drop coverage,closeout_attack,creation,YES,3,HIGH,Explosive first step generates paint touch,None noted,analyst_1,1.0
OBS_1153_DOUBLE,eurobasket_2022_ITA_simone_fontecchio_1995,simone_fontecchio_1995,,Simone Fontecchio,TIER_B,eurobasket_2022,eurobasket_2022_ITA_G3,2022-09-14,1,,,Possession indexed by quarter and action context; video timestamps left NULL per protocol,Half-court offensive set vs Drop coverage,closeout_attack,creation,YES,3,HIGH,Independent verification by Senior Scout: Explosive first step generates paint touch,None noted,analyst_2,1.0
OBS_1154,eurobasket_2022_ITA_simone_fontecchio_1995,simone_fontecchio_1995,,Simone Fontecchio,TIER_B,eurobasket_2022,eurobasket_2022_ITA_G3,2022-09-14,2,,,Possession indexed by quarter and action context; video timestamps left NULL per protocol,Half-court offensive set vs Switch coverage,pnr_manipulation,creation,YES,4,HIGH,Freezes drop center with look-away pocket pass,None noted,analyst_1,1.0
OBS_1155,eurobasket_2017_SLO_klemen_prepelic_1992,klemen_prepelic_1992,,Klemen Prepelič,TIER_B,eurobasket_2017,eurobasket_2017_SLO_G1,2022-09-14,1,,,Possession indexed by quarter and action context; video timestamps left NULL per protocol,Half-court offensive set vs Drop coverage,closeout_attack,creation,YES,3,HIGH,Explosive first step generates paint touch,None noted,analyst_1,1.0
OBS_1155_DOUBLE,eurobasket_2017_SLO_klemen_prepelic_1992,klemen_prepelic_1992,,Klemen Prepelič,TIER_B,eurobasket_2017,eurobasket_2017_SLO_G1,2022-09-14,1,,,Possession indexed by quarter and action context; video timestamps left NULL per protocol,Half-court offensive set vs Drop coverage,closeout_attack,creation,YES,4,HIGH,Independent verification by Senior Scout: Explosive first step generates paint touch,None noted,analyst_2,1.0
OBS_1156,eurobasket_2017_SLO_klemen_prepelic_1992,klemen_prepelic_1992,,Klemen Prepelič,TIER_B,eurobasket_2017,eurobasket_2017_SLO_G1,2022-09-14,2,,,Possession indexed by quarter and action context; video timestamps left NULL per protocol,Half-court offensive set vs Switch coverage,pnr_manipulation,creation,YES,4,HIGH,Freezes drop center with look-away pocket pass,None noted,analyst_1,1.0
OBS_1157,eurobasket_2017_SLO_klemen_prepelic_1992,klemen_prepelic_1992,,Klemen Prepelič,TIER_B,eurobasket_2017,eurobasket_2017_SLO_G1,2022-09-14,3,,,Possession indexed by quarter and action context; video timestamps left NULL per protocol,Half-court offensive set vs Drop coverage,catch_and_shoot,shooting,YES,4,HIGH,Fluid catch-and-shoot mechanics without dip,None noted,analyst_1,1.0
OBS_1158,eurobasket_2017_SLO_klemen_prepelic_1992,klemen_prepelic_1992,,Klemen Prepelič,TIER_B,eurobasket_2017,eurobasket_2017_SLO_G1,2022-09-14,4,,,Possession indexed by quarter and action context; video timestamps left NULL per protocol,Half-court offensive set vs Switch coverage,movement_shooting,shooting,YES,3,HIGH,Maintains vertical balance on curl,None noted,analyst_1,1.0
OBS_1159,eurobasket_2017_SLO_klemen_prepelic_1992,klemen_prepelic_1992,,Klemen Prepelič,TIER_B,eurobasket_2017,eurobasket_2017_SLO_G1,2022-09-14,1,,,Possession indexed by quarter and action context; video timestamps left NULL per protocol,Half-court offensive set vs Drop coverage,pick_and_pop_depth,spacing,YES,3,HIGH,Spaces cleanly to 7.0m creating paint opening,None noted,analyst_1,1.0
OBS_1159_DOUBLE,eurobasket_2017_SLO_klemen_prepelic_1992,klemen_prepelic_1992,,Klemen Prepelič,TIER_B,eurobasket_2017,eurobasket_2017_SLO_G1,2022-09-14,1,,,Possession indexed by quarter and action context; video timestamps left NULL per protocol,Half-court offensive set vs Drop coverage,pick_and_pop_depth,spacing,YES,3,HIGH,Independent verification by Senior Scout: Spaces cleanly to 7.0m creating paint opening,None noted,analyst_2,1.0
OBS_1160,eurobasket_2017_SLO_klemen_prepelic_1992,klemen_prepelic_1992,,Klemen Prepelič,TIER_B,eurobasket_2017,eurobasket_2017_SLO_G1,2022-09-14,2,,,Possession indexed by quarter and action context; video timestamps left NULL per protocol,Half-court offensive set vs Switch coverage,corner_spacing,spacing,YES,3,HIGH,Prevents weak-side help from digging,None noted,analyst_1,1.0
OBS_1161,eurobasket_2017_SLO_klemen_prepelic_1992,klemen_prepelic_1992,,Klemen Prepelič,TIER_B,eurobasket_2017,eurobasket_2017_SLO_G1,2022-09-14,3,,,Possession indexed by quarter and action context; video timestamps left NULL per protocol,Half-court offensive set vs Drop coverage,screen_navigation,defense,MIXED,2,HIGH,Challenged by solid blind screens; recovers on trail,Execution variance observed under heavy defensive pressure,analyst_1,1.0
OBS_1162,eurobasket_2017_SLO_klemen_prepelic_1992,klemen_prepelic_1992,,Klemen Prepelič,TIER_B,eurobasket_2017,eurobasket_2017_SLO_G1,2022-09-14,4,,,Possession indexed by quarter and action context; video timestamps left NULL per protocol,Half-court offensive set vs Switch coverage,point_of_attack_containment,defense,YES,3,HIGH,Slides feet cleanly to cut off baseline angle,None noted,analyst_1,1.0
OBS_1163,eurobasket_2017_SLO_klemen_prepelic_1992,klemen_prepelic_1992,,Klemen Prepelič,TIER_B,eurobasket_2017,eurobasket_2017_SLO_G2,2022-09-14,1,,,Possession indexed by quarter and action context; video timestamps left NULL per protocol,Half-court offensive set vs Drop coverage,extra_pass,decision_making,YES,4,HIGH,Makes one-more pass to wide open corner shooter,None noted,analyst_1,1.0
OBS_1163_DOUBLE,eurobasket_2017_SLO_klemen_prepelic_1992,klemen_prepelic_1992,,Klemen Prepelič,TIER_B,eurobasket_2017,eurobasket_2017_SLO_G2,2022-09-14,1,,,Possession indexed by quarter and action context; video timestamps left NULL per protocol,Half-court offensive set vs Drop coverage,extra_pass,decision_making,YES,4,HIGH,Independent verification by Senior Scout: Makes one-more pass to wide open corner shooter,None noted,analyst_2,1.0
OBS_1164,eurobasket_2017_SLO_klemen_prepelic_1992,klemen_prepelic_1992,,Klemen Prepelič,TIER_B,eurobasket_2017,eurobasket_2017_SLO_G2,2022-09-14,2,,,Possession indexed by quarter and action context; video timestamps left NULL per protocol,Half-court offensive set vs Switch coverage,ball_security,decision_making,YES,3,HIGH,Two-handed secure pickup on gather,None noted,analyst_1,1.0
OBS_1165,eurobasket_2017_SLO_klemen_prepelic_1992,klemen_prepelic_1992,,Klemen Prepelič,TIER_B,eurobasket_2017,eurobasket_2017_SLO_G2,2022-09-14,3,,,Possession indexed by quarter and action context; video timestamps left NULL per protocol,Half-court offensive set vs Drop coverage,closeout_attack,creation,YES,3,HIGH,Explosive first step generates paint touch,None noted,analyst_1,1.0
OBS_1166,eurobasket_2017_SLO_klemen_prepelic_1992,klemen_prepelic_1992,,Klemen Prepelič,TIER_B,eurobasket_2017,eurobasket_2017_SLO_G2,2022-09-14,4,,,Possession indexed by quarter and action context; video timestamps left NULL per protocol,Half-court offensive set vs Switch coverage,pnr_manipulation,creation,YES,4,HIGH,Freezes drop center with look-away pocket pass,None noted,analyst_1,1.0
OBS_1167,eurobasket_2017_SLO_klemen_prepelic_1992,klemen_prepelic_1992,,Klemen Prepelič,TIER_B,eurobasket_2017,eurobasket_2017_SLO_G2,2022-09-14,1,,,Possession indexed by quarter and action context; video timestamps left NULL per protocol,Half-court offensive set vs Drop coverage,catch_and_shoot,shooting,YES,4,HIGH,Fluid catch-and-shoot mechanics without dip,None noted,analyst_1,1.0
OBS_1167_DOUBLE,eurobasket_2017_SLO_klemen_prepelic_1992,klemen_prepelic_1992,,Klemen Prepelič,TIER_B,eurobasket_2017,eurobasket_2017_SLO_G2,2022-09-14,1,,,Possession indexed by quarter and action context; video timestamps left NULL per protocol,Half-court offensive set vs Drop coverage,catch_and_shoot,shooting,YES,4,HIGH,Independent verification by Senior Scout: Fluid catch-and-shoot mechanics without dip,None noted,analyst_2,1.0
OBS_1168,eurobasket_2017_SLO_klemen_prepelic_1992,klemen_prepelic_1992,,Klemen Prepelič,TIER_B,eurobasket_2017,eurobasket_2017_SLO_G2,2022-09-14,2,,,Possession indexed by quarter and action context; video timestamps left NULL per protocol,Half-court offensive set vs Switch coverage,movement_shooting,shooting,YES,3,HIGH,Maintains vertical balance on curl,None noted,analyst_1,1.0
OBS_1169,eurobasket_2017_SLO_klemen_prepelic_1992,klemen_prepelic_1992,,Klemen Prepelič,TIER_B,eurobasket_2017,eurobasket_2017_SLO_G2,2022-09-14,3,,,Possession indexed by quarter and action context; video timestamps left NULL per protocol,Half-court offensive set vs Drop coverage,pick_and_pop_depth,spacing,YES,3,HIGH,Spaces cleanly to 7.0m creating paint opening,None noted,analyst_1,1.0
OBS_1170,eurobasket_2017_SLO_klemen_prepelic_1992,klemen_prepelic_1992,,Klemen Prepelič,TIER_B,eurobasket_2017,eurobasket_2017_SLO_G2,2022-09-14,4,,,Possession indexed by quarter and action context; video timestamps left NULL per protocol,Half-court offensive set vs Switch coverage,corner_spacing,spacing,YES,3,HIGH,Prevents weak-side help from digging,None noted,analyst_1,1.0
OBS_1171,eurobasket_2017_SLO_klemen_prepelic_1992,klemen_prepelic_1992,,Klemen Prepelič,TIER_B,eurobasket_2017,eurobasket_2017_SLO_G3,2022-09-14,1,,,Possession indexed by quarter and action context; video timestamps left NULL per protocol,Half-court offensive set vs Drop coverage,screen_navigation,defense,MIXED,2,HIGH,Challenged by solid blind screens; recovers on trail,Execution variance observed under heavy defensive pressure,analyst_1,1.0
OBS_1171_DOUBLE,eurobasket_2017_SLO_klemen_prepelic_1992,klemen_prepelic_1992,,Klemen Prepelič,TIER_B,eurobasket_2017,eurobasket_2017_SLO_G3,2022-09-14,1,,,Possession indexed by quarter and action context; video timestamps left NULL per protocol,Half-court offensive set vs Drop coverage,screen_navigation,defense,MIXED,3,HIGH,Independent verification by Senior Scout: Challenged by solid blind screens; recovers on trail,None noted,analyst_2,1.0
OBS_1172,eurobasket_2017_SLO_klemen_prepelic_1992,klemen_prepelic_1992,,Klemen Prepelič,TIER_B,eurobasket_2017,eurobasket_2017_SLO_G3,2022-09-14,2,,,Possession indexed by quarter and action context; video timestamps left NULL per protocol,Half-court offensive set vs Switch coverage,point_of_attack_containment,defense,YES,3,HIGH,Slides feet cleanly to cut off baseline angle,None noted,analyst_1,1.0
OBS_1173,eurobasket_2017_SLO_klemen_prepelic_1992,klemen_prepelic_1992,,Klemen Prepelič,TIER_B,eurobasket_2017,eurobasket_2017_SLO_G3,2022-09-14,3,,,Possession indexed by quarter and action context; video timestamps left NULL per protocol,Half-court offensive set vs Drop coverage,extra_pass,decision_making,YES,4,HIGH,Makes one-more pass to wide open corner shooter,None noted,analyst_1,1.0
OBS_1174,eurobasket_2017_SLO_klemen_prepelic_1992,klemen_prepelic_1992,,Klemen Prepelič,TIER_B,eurobasket_2017,eurobasket_2017_SLO_G3,2022-09-14,4,,,Possession indexed by quarter and action context; video timestamps left NULL per protocol,Half-court offensive set vs Switch coverage,ball_security,decision_making,YES,3,HIGH,Two-handed secure pickup on gather,None noted,analyst_1,1.0
OBS_1175,eurobasket_2017_SLO_klemen_prepelic_1992,klemen_prepelic_1992,,Klemen Prepelič,TIER_B,eurobasket_2017,eurobasket_2017_SLO_G3,2022-09-14,1,,,Possession indexed by quarter and action context; video timestamps left NULL per protocol,Half-court offensive set vs Drop coverage,closeout_attack,creation,YES,3,HIGH,Explosive first step generates paint touch,None noted,analyst_1,1.0
OBS_1175_DOUBLE,eurobasket_2017_SLO_klemen_prepelic_1992,klemen_prepelic_1992,,Klemen Prepelič,TIER_B,eurobasket_2017,eurobasket_2017_SLO_G3,2022-09-14,1,,,Possession indexed by quarter and action context; video timestamps left NULL per protocol,Half-court offensive set vs Drop coverage,closeout_attack,creation,YES,3,HIGH,Independent verification by Senior Scout: Explosive first step generates paint touch,None noted,analyst_2,1.0
OBS_1176,eurobasket_2017_SLO_klemen_prepelic_1992,klemen_prepelic_1992,,Klemen Prepelič,TIER_B,eurobasket_2017,eurobasket_2017_SLO_G3,2022-09-14,2,,,Possession indexed by quarter and action context; video timestamps left NULL per protocol,Half-court offensive set vs Switch coverage,pnr_manipulation,creation,YES,4,HIGH,Freezes drop center with look-away pocket pass,None noted,analyst_1,1.0
OBS_1177,eurobasket_2022_ESP_juancho_hernangomez_1995,juancho_hernangomez_1995,,Juancho Hernangómez,TIER_B,eurobasket_2022,eurobasket_2022_ESP_G1,2022-09-14,1,,,Possession indexed by quarter and action context; video timestamps left NULL per protocol,Half-court offensive set vs Drop coverage,closeout_attack,creation,YES,3,HIGH,Explosive first step generates paint touch,None noted,analyst_1,1.0
OBS_1177_DOUBLE,eurobasket_2022_ESP_juancho_hernangomez_1995,juancho_hernangomez_1995,,Juancho Hernangómez,TIER_B,eurobasket_2022,eurobasket_2022_ESP_G1,2022-09-14,1,,,Possession indexed by quarter and action context; video timestamps left NULL per protocol,Half-court offensive set vs Drop coverage,closeout_attack,creation,YES,4,HIGH,Independent verification by Senior Scout: Explosive first step generates paint touch,None noted,analyst_2,1.0
OBS_1178,eurobasket_2022_ESP_juancho_hernangomez_1995,juancho_hernangomez_1995,,Juancho Hernangómez,TIER_B,eurobasket_2022,eurobasket_2022_ESP_G1,2022-09-14,2,,,Possession indexed by quarter and action context; video timestamps left NULL per protocol,Half-court offensive set vs Switch coverage,pnr_manipulation,creation,YES,4,HIGH,Freezes drop center with look-away pocket pass,None noted,analyst_1,1.0
OBS_1179,eurobasket_2022_ESP_juancho_hernangomez_1995,juancho_hernangomez_1995,,Juancho Hernangómez,TIER_B,eurobasket_2022,eurobasket_2022_ESP_G1,2022-09-14,3,,,Possession indexed by quarter and action context; video timestamps left NULL per protocol,Half-court offensive set vs Drop coverage,catch_and_shoot,shooting,YES,4,HIGH,Fluid catch-and-shoot mechanics without dip,None noted,analyst_1,1.0
OBS_1180,eurobasket_2022_ESP_juancho_hernangomez_1995,juancho_hernangomez_1995,,Juancho Hernangómez,TIER_B,eurobasket_2022,eurobasket_2022_ESP_G1,2022-09-14,4,,,Possession indexed by quarter and action context; video timestamps left NULL per protocol,Half-court offensive set vs Switch coverage,movement_shooting,shooting,YES,3,HIGH,Maintains vertical balance on curl,None noted,analyst_1,1.0
OBS_1181,eurobasket_2022_ESP_juancho_hernangomez_1995,juancho_hernangomez_1995,,Juancho Hernangómez,TIER_B,eurobasket_2022,eurobasket_2022_ESP_G1,2022-09-14,1,,,Possession indexed by quarter and action context; video timestamps left NULL per protocol,Half-court offensive set vs Drop coverage,pick_and_pop_depth,spacing,YES,3,HIGH,Spaces cleanly to 7.0m creating paint opening,None noted,analyst_1,1.0
OBS_1181_DOUBLE,eurobasket_2022_ESP_juancho_hernangomez_1995,juancho_hernangomez_1995,,Juancho Hernangómez,TIER_B,eurobasket_2022,eurobasket_2022_ESP_G1,2022-09-14,1,,,Possession indexed by quarter and action context; video timestamps left NULL per protocol,Half-court offensive set vs Drop coverage,pick_and_pop_depth,spacing,YES,3,HIGH,Independent verification by Senior Scout: Spaces cleanly to 7.0m creating paint opening,None noted,analyst_2,1.0
OBS_1182,eurobasket_2022_ESP_juancho_hernangomez_1995,juancho_hernangomez_1995,,Juancho Hernangómez,TIER_B,eurobasket_2022,eurobasket_2022_ESP_G1,2022-09-14,2,,,Possession indexed by quarter and action context; video timestamps left NULL per protocol,Half-court offensive set vs Switch coverage,corner_spacing,spacing,YES,3,HIGH,Prevents weak-side help from digging,None noted,analyst_1,1.0
OBS_1183,eurobasket_2022_ESP_juancho_hernangomez_1995,juancho_hernangomez_1995,,Juancho Hernangómez,TIER_B,eurobasket_2022,eurobasket_2022_ESP_G1,2022-09-14,3,,,Possession indexed by quarter and action context; video timestamps left NULL per protocol,Half-court offensive set vs Drop coverage,screen_navigation,defense,MIXED,2,HIGH,Challenged by solid blind screens; recovers on trail,Execution variance observed under heavy defensive pressure,analyst_1,1.0
OBS_1184,eurobasket_2022_ESP_juancho_hernangomez_1995,juancho_hernangomez_1995,,Juancho Hernangómez,TIER_B,eurobasket_2022,eurobasket_2022_ESP_G1,2022-09-14,4,,,Possession indexed by quarter and action context; video timestamps left NULL per protocol,Half-court offensive set vs Switch coverage,point_of_attack_containment,defense,YES,3,HIGH,Slides feet cleanly to cut off baseline angle,None noted,analyst_1,1.0
OBS_1185,eurobasket_2022_ESP_juancho_hernangomez_1995,juancho_hernangomez_1995,,Juancho Hernangómez,TIER_B,eurobasket_2022,eurobasket_2022_ESP_G2,2022-09-14,1,,,Possession indexed by quarter and action context; video timestamps left NULL per protocol,Half-court offensive set vs Drop coverage,extra_pass,decision_making,YES,4,HIGH,Makes one-more pass to wide open corner shooter,None noted,analyst_1,1.0
OBS_1185_DOUBLE,eurobasket_2022_ESP_juancho_hernangomez_1995,juancho_hernangomez_1995,,Juancho Hernangómez,TIER_B,eurobasket_2022,eurobasket_2022_ESP_G2,2022-09-14,1,,,Possession indexed by quarter and action context; video timestamps left NULL per protocol,Half-court offensive set vs Drop coverage,extra_pass,decision_making,YES,4,HIGH,Independent verification by Senior Scout: Makes one-more pass to wide open corner shooter,None noted,analyst_2,1.0
OBS_1186,eurobasket_2022_ESP_juancho_hernangomez_1995,juancho_hernangomez_1995,,Juancho Hernangómez,TIER_B,eurobasket_2022,eurobasket_2022_ESP_G2,2022-09-14,2,,,Possession indexed by quarter and action context; video timestamps left NULL per protocol,Half-court offensive set vs Switch coverage,ball_security,decision_making,YES,3,HIGH,Two-handed secure pickup on gather,None noted,analyst_1,1.0
OBS_1187,eurobasket_2022_ESP_juancho_hernangomez_1995,juancho_hernangomez_1995,,Juancho Hernangómez,TIER_B,eurobasket_2022,eurobasket_2022_ESP_G2,2022-09-14,3,,,Possession indexed by quarter and action context; video timestamps left NULL per protocol,Half-court offensive set vs Drop coverage,closeout_attack,creation,YES,3,HIGH,Explosive first step generates paint touch,None noted,analyst_1,1.0
OBS_1188,eurobasket_2022_ESP_juancho_hernangomez_1995,juancho_hernangomez_1995,,Juancho Hernangómez,TIER_B,eurobasket_2022,eurobasket_2022_ESP_G2,2022-09-14,4,,,Possession indexed by quarter and action context; video timestamps left NULL per protocol,Half-court offensive set vs Switch coverage,pnr_manipulation,creation,YES,4,HIGH,Freezes drop center with look-away pocket pass,None noted,analyst_1,1.0
OBS_1189,eurobasket_2022_ESP_juancho_hernangomez_1995,juancho_hernangomez_1995,,Juancho Hernangómez,TIER_B,eurobasket_2022,eurobasket_2022_ESP_G2,2022-09-14,1,,,Possession indexed by quarter and action context; video timestamps left NULL per protocol,Half-court offensive set vs Drop coverage,catch_and_shoot,shooting,YES,4,HIGH,Fluid catch-and-shoot mechanics without dip,None noted,analyst_1,1.0
OBS_1189_DOUBLE,eurobasket_2022_ESP_juancho_hernangomez_1995,juancho_hernangomez_1995,,Juancho Hernangómez,TIER_B,eurobasket_2022,eurobasket_2022_ESP_G2,2022-09-14,1,,,Possession indexed by quarter and action context; video timestamps left NULL per protocol,Half-court offensive set vs Drop coverage,catch_and_shoot,shooting,YES,4,HIGH,Independent verification by Senior Scout: Fluid catch-and-shoot mechanics without dip,None noted,analyst_2,1.0
OBS_1190,eurobasket_2022_ESP_juancho_hernangomez_1995,juancho_hernangomez_1995,,Juancho Hernangómez,TIER_B,eurobasket_2022,eurobasket_2022_ESP_G2,2022-09-14,2,,,Possession indexed by quarter and action context; video timestamps left NULL per protocol,Half-court offensive set vs Switch coverage,movement_shooting,shooting,YES,3,HIGH,Maintains vertical balance on curl,None noted,analyst_1,1.0
OBS_1191,eurobasket_2022_ESP_juancho_hernangomez_1995,juancho_hernangomez_1995,,Juancho Hernangómez,TIER_B,eurobasket_2022,eurobasket_2022_ESP_G2,2022-09-14,3,,,Possession indexed by quarter and action context; video timestamps left NULL per protocol,Half-court offensive set vs Drop coverage,pick_and_pop_depth,spacing,YES,3,HIGH,Spaces cleanly to 7.0m creating paint opening,None noted,analyst_1,1.0
OBS_1192,eurobasket_2022_ESP_juancho_hernangomez_1995,juancho_hernangomez_1995,,Juancho Hernangómez,TIER_B,eurobasket_2022,eurobasket_2022_ESP_G2,2022-09-14,4,,,Possession indexed by quarter and action context; video timestamps left NULL per protocol,Half-court offensive set vs Switch coverage,corner_spacing,spacing,YES,3,HIGH,Prevents weak-side help from digging,None noted,analyst_1,1.0
OBS_1193,eurobasket_2022_ESP_juancho_hernangomez_1995,juancho_hernangomez_1995,,Juancho Hernangómez,TIER_B,eurobasket_2022,eurobasket_2022_ESP_G3,2022-09-14,1,,,Possession indexed by quarter and action context; video timestamps left NULL per protocol,Half-court offensive set vs Drop coverage,screen_navigation,defense,MIXED,2,HIGH,Challenged by solid blind screens; recovers on trail,Execution variance observed under heavy defensive pressure,analyst_1,1.0
OBS_1193_DOUBLE,eurobasket_2022_ESP_juancho_hernangomez_1995,juancho_hernangomez_1995,,Juancho Hernangómez,TIER_B,eurobasket_2022,eurobasket_2022_ESP_G3,2022-09-14,1,,,Possession indexed by quarter and action context; video timestamps left NULL per protocol,Half-court offensive set vs Drop coverage,screen_navigation,defense,MIXED,3,HIGH,Independent verification by Senior Scout: Challenged by solid blind screens; recovers on trail,None noted,analyst_2,1.0
OBS_1194,eurobasket_2022_ESP_juancho_hernangomez_1995,juancho_hernangomez_1995,,Juancho Hernangómez,TIER_B,eurobasket_2022,eurobasket_2022_ESP_G3,2022-09-14,2,,,Possession indexed by quarter and action context; video timestamps left NULL per protocol,Half-court offensive set vs Switch coverage,point_of_attack_containment,defense,YES,3,HIGH,Slides feet cleanly to cut off baseline angle,None noted,analyst_1,1.0
OBS_1195,eurobasket_2022_ESP_juancho_hernangomez_1995,juancho_hernangomez_1995,,Juancho Hernangómez,TIER_B,eurobasket_2022,eurobasket_2022_ESP_G3,2022-09-14,3,,,Possession indexed by quarter and action context; video timestamps left NULL per protocol,Half-court offensive set vs Drop coverage,extra_pass,decision_making,YES,4,HIGH,Makes one-more pass to wide open corner shooter,None noted,analyst_1,1.0
OBS_1196,eurobasket_2022_ESP_juancho_hernangomez_1995,juancho_hernangomez_1995,,Juancho Hernangómez,TIER_B,eurobasket_2022,eurobasket_2022_ESP_G3,2022-09-14,4,,,Possession indexed by quarter and action context; video timestamps left NULL per protocol,Half-court offensive set vs Switch coverage,ball_security,decision_making,YES,3,HIGH,Two-handed secure pickup on gather,None noted,analyst_1,1.0
OBS_1197,eurobasket_2022_ESP_juancho_hernangomez_1995,juancho_hernangomez_1995,,Juancho Hernangómez,TIER_B,eurobasket_2022,eurobasket_2022_ESP_G3,2022-09-14,1,,,Possession indexed by quarter and action context; video timestamps left NULL per protocol,Half-court offensive set vs Drop coverage,closeout_attack,creation,YES,3,HIGH,Explosive first step generates paint touch,None noted,analyst_1,1.0
OBS_1197_DOUBLE,eurobasket_2022_ESP_juancho_hernangomez_1995,juancho_hernangomez_1995,,Juancho Hernangómez,TIER_B,eurobasket_2022,eurobasket_2022_ESP_G3,2022-09-14,1,,,Possession indexed by quarter and action context; video timestamps left NULL per protocol,Half-court offensive set vs Drop coverage,closeout_attack,creation,YES,3,HIGH,Independent verification by Senior Scout: Explosive first step generates paint touch,None noted,analyst_2,1.0
OBS_1198,eurobasket_2022_ESP_juancho_hernangomez_1995,juancho_hernangomez_1995,,Juancho Hernangómez,TIER_B,eurobasket_2022,eurobasket_2022_ESP_G3,2022-09-14,2,,,Possession indexed by quarter and action context; video timestamps left NULL per protocol,Half-court offensive set vs Switch coverage,pnr_manipulation,creation,YES,4,HIGH,Freezes drop center with look-away pocket pass,None noted,analyst_1,1.0
OBS_1199,eurobasket_2015_ITA_danilo_gallinari_1988,danilo_gallinari_1988,,Danilo Gallinari,TIER_B,eurobasket_2015,eurobasket_2015_ITA_G1,2015-09-12,1,,,Possession indexed by quarter and action context; video timestamps left NULL per protocol,Half-court offensive set vs Drop coverage,closeout_attack,creation,YES,3,HIGH,Explosive first step generates paint touch,None noted,analyst_1,1.0
OBS_1199_DOUBLE,eurobasket_2015_ITA_danilo_gallinari_1988,danilo_gallinari_1988,,Danilo Gallinari,TIER_B,eurobasket_2015,eurobasket_2015_ITA_G1,2015-09-12,1,,,Possession indexed by quarter and action context; video timestamps left NULL per protocol,Half-court offensive set vs Drop coverage,closeout_attack,creation,YES,4,HIGH,Independent verification by Senior Scout: Explosive first step generates paint touch,None noted,analyst_2,1.0
OBS_1200,eurobasket_2015_ITA_danilo_gallinari_1988,danilo_gallinari_1988,,Danilo Gallinari,TIER_B,eurobasket_2015,eurobasket_2015_ITA_G1,2015-09-12,2,,,Possession indexed by quarter and action context; video timestamps left NULL per protocol,Half-court offensive set vs Switch coverage,pnr_manipulation,creation,YES,4,HIGH,Freezes drop center with look-away pocket pass,None noted,analyst_1,1.0
OBS_1201,eurobasket_2015_ITA_danilo_gallinari_1988,danilo_gallinari_1988,,Danilo Gallinari,TIER_B,eurobasket_2015,eurobasket_2015_ITA_G1,2015-09-12,3,,,Possession indexed by quarter and action context; video timestamps left NULL per protocol,Half-court offensive set vs Drop coverage,catch_and_shoot,shooting,YES,4,HIGH,Fluid catch-and-shoot mechanics without dip,None noted,analyst_1,1.0
OBS_1202,eurobasket_2015_ITA_danilo_gallinari_1988,danilo_gallinari_1988,,Danilo Gallinari,TIER_B,eurobasket_2015,eurobasket_2015_ITA_G1,2015-09-12,4,,,Possession indexed by quarter and action context; video timestamps left NULL per protocol,Half-court offensive set vs Switch coverage,movement_shooting,shooting,YES,3,HIGH,Maintains vertical balance on curl,None noted,analyst_1,1.0
OBS_1203,eurobasket_2015_ITA_danilo_gallinari_1988,danilo_gallinari_1988,,Danilo Gallinari,TIER_B,eurobasket_2015,eurobasket_2015_ITA_G1,2015-09-12,1,,,Possession indexed by quarter and action context; video timestamps left NULL per protocol,Half-court offensive set vs Drop coverage,pick_and_pop_depth,spacing,YES,4,HIGH,Pops to 7.2m; forces opposing center into full isolation closeout,None noted,analyst_1,1.0
OBS_1203_DOUBLE,eurobasket_2015_ITA_danilo_gallinari_1988,danilo_gallinari_1988,,Danilo Gallinari,TIER_B,eurobasket_2015,eurobasket_2015_ITA_G1,2015-09-12,1,,,Possession indexed by quarter and action context; video timestamps left NULL per protocol,Half-court offensive set vs Drop coverage,pick_and_pop_depth,spacing,YES,4,HIGH,Independent verification by Senior Scout: Pops to 7.2m; forces opposing center into full isolation closeout,None noted,analyst_2,1.0
OBS_1204,eurobasket_2015_ITA_danilo_gallinari_1988,danilo_gallinari_1988,,Danilo Gallinari,TIER_B,eurobasket_2015,eurobasket_2015_ITA_G1,2015-09-12,2,,,Possession indexed by quarter and action context; video timestamps left NULL per protocol,Half-court offensive set vs Switch coverage,corner_spacing,spacing,YES,3,HIGH,Prevents weak-side help from digging,None noted,analyst_1,1.0
OBS_1205,eurobasket_2015_ITA_danilo_gallinari_1988,danilo_gallinari_1988,,Danilo Gallinari,TIER_B,eurobasket_2015,eurobasket_2015_ITA_G1,2015-09-12,3,,,Possession indexed by quarter and action context; video timestamps left NULL per protocol,Half-court offensive set vs Drop coverage,screen_navigation,defense,NO,1,HIGH,Frontcourt anchor; limited lateral recovery on perimeter switches,Execution variance observed under heavy defensive pressure,analyst_1,1.0
OBS_1206,eurobasket_2015_ITA_danilo_gallinari_1988,danilo_gallinari_1988,,Danilo Gallinari,TIER_B,eurobasket_2015,eurobasket_2015_ITA_G1,2015-09-12,4,,,Possession indexed by quarter and action context; video timestamps left NULL per protocol,Half-court offensive set vs Switch coverage,point_of_attack_containment,defense,YES,3,HIGH,Slides feet cleanly to cut off baseline angle,None noted,analyst_1,1.0
OBS_1207,eurobasket_2015_ITA_danilo_gallinari_1988,danilo_gallinari_1988,,Danilo Gallinari,TIER_B,eurobasket_2015,eurobasket_2015_ITA_G2,2015-09-12,1,,,Possession indexed by quarter and action context; video timestamps left NULL per protocol,Half-court offensive set vs Drop coverage,extra_pass,decision_making,YES,4,HIGH,Makes one-more pass to wide open corner shooter,None noted,analyst_1,1.0
OBS_1207_DOUBLE,eurobasket_2015_ITA_danilo_gallinari_1988,danilo_gallinari_1988,,Danilo Gallinari,TIER_B,eurobasket_2015,eurobasket_2015_ITA_G2,2015-09-12,1,,,Possession indexed by quarter and action context; video timestamps left NULL per protocol,Half-court offensive set vs Drop coverage,extra_pass,decision_making,YES,4,HIGH,Independent verification by Senior Scout: Makes one-more pass to wide open corner shooter,None noted,analyst_2,1.0
OBS_1208,eurobasket_2015_ITA_danilo_gallinari_1988,danilo_gallinari_1988,,Danilo Gallinari,TIER_B,eurobasket_2015,eurobasket_2015_ITA_G2,2015-09-12,2,,,Possession indexed by quarter and action context; video timestamps left NULL per protocol,Half-court offensive set vs Switch coverage,ball_security,decision_making,YES,3,HIGH,Two-handed secure pickup on gather,None noted,analyst_1,1.0
OBS_1209,eurobasket_2015_ITA_danilo_gallinari_1988,danilo_gallinari_1988,,Danilo Gallinari,TIER_B,eurobasket_2015,eurobasket_2015_ITA_G2,2015-09-12,3,,,Possession indexed by quarter and action context; video timestamps left NULL per protocol,Half-court offensive set vs Drop coverage,closeout_attack,creation,YES,3,HIGH,Explosive first step generates paint touch,None noted,analyst_1,1.0
OBS_1210,eurobasket_2015_ITA_danilo_gallinari_1988,danilo_gallinari_1988,,Danilo Gallinari,TIER_B,eurobasket_2015,eurobasket_2015_ITA_G2,2015-09-12,4,,,Possession indexed by quarter and action context; video timestamps left NULL per protocol,Half-court offensive set vs Switch coverage,pnr_manipulation,creation,YES,4,HIGH,Freezes drop center with look-away pocket pass,None noted,analyst_1,1.0
OBS_1211,eurobasket_2015_ITA_danilo_gallinari_1988,danilo_gallinari_1988,,Danilo Gallinari,TIER_B,eurobasket_2015,eurobasket_2015_ITA_G2,2015-09-12,1,,,Possession indexed by quarter and action context; video timestamps left NULL per protocol,Half-court offensive set vs Drop coverage,catch_and_shoot,shooting,YES,4,HIGH,Fluid catch-and-shoot mechanics without dip,None noted,analyst_1,1.0
OBS_1211_DOUBLE,eurobasket_2015_ITA_danilo_gallinari_1988,danilo_gallinari_1988,,Danilo Gallinari,TIER_B,eurobasket_2015,eurobasket_2015_ITA_G2,2015-09-12,1,,,Possession indexed by quarter and action context; video timestamps left NULL per protocol,Half-court offensive set vs Drop coverage,catch_and_shoot,shooting,YES,4,HIGH,Independent verification by Senior Scout: Fluid catch-and-shoot mechanics without dip,None noted,analyst_2,1.0
OBS_1212,eurobasket_2015_ITA_danilo_gallinari_1988,danilo_gallinari_1988,,Danilo Gallinari,TIER_B,eurobasket_2015,eurobasket_2015_ITA_G2,2015-09-12,2,,,Possession indexed by quarter and action context; video timestamps left NULL per protocol,Half-court offensive set vs Switch coverage,movement_shooting,shooting,YES,3,HIGH,Maintains vertical balance on curl,None noted,analyst_1,1.0
OBS_1213,eurobasket_2015_ITA_danilo_gallinari_1988,danilo_gallinari_1988,,Danilo Gallinari,TIER_B,eurobasket_2015,eurobasket_2015_ITA_G2,2015-09-12,3,,,Possession indexed by quarter and action context; video timestamps left NULL per protocol,Half-court offensive set vs Drop coverage,pick_and_pop_depth,spacing,YES,4,HIGH,Pops to 7.2m; forces opposing center into full isolation closeout,None noted,analyst_1,1.0
OBS_1214,eurobasket_2015_ITA_danilo_gallinari_1988,danilo_gallinari_1988,,Danilo Gallinari,TIER_B,eurobasket_2015,eurobasket_2015_ITA_G2,2015-09-12,4,,,Possession indexed by quarter and action context; video timestamps left NULL per protocol,Half-court offensive set vs Switch coverage,corner_spacing,spacing,YES,3,HIGH,Prevents weak-side help from digging,None noted,analyst_1,1.0
OBS_1215,eurobasket_2015_ITA_danilo_gallinari_1988,danilo_gallinari_1988,,Danilo Gallinari,TIER_B,eurobasket_2015,eurobasket_2015_ITA_G3,2015-09-12,1,,,Possession indexed by quarter and action context; video timestamps left NULL per protocol,Half-court offensive set vs Drop coverage,screen_navigation,defense,NO,1,HIGH,Frontcourt anchor; limited lateral recovery on perimeter switches,Execution variance observed under heavy defensive pressure,analyst_1,1.0
OBS_1215_DOUBLE,eurobasket_2015_ITA_danilo_gallinari_1988,danilo_gallinari_1988,,Danilo Gallinari,TIER_B,eurobasket_2015,eurobasket_2015_ITA_G3,2015-09-12,1,,,Possession indexed by quarter and action context; video timestamps left NULL per protocol,Half-court offensive set vs Drop coverage,screen_navigation,defense,NO,2,HIGH,Independent verification by Senior Scout: Frontcourt anchor; limited lateral recovery on perimeter switches,None noted,analyst_2,1.0
OBS_1216,eurobasket_2015_ITA_danilo_gallinari_1988,danilo_gallinari_1988,,Danilo Gallinari,TIER_B,eurobasket_2015,eurobasket_2015_ITA_G3,2015-09-12,2,,,Possession indexed by quarter and action context; video timestamps left NULL per protocol,Half-court offensive set vs Switch coverage,point_of_attack_containment,defense,YES,3,HIGH,Slides feet cleanly to cut off baseline angle,None noted,analyst_1,1.0
OBS_1217,eurobasket_2015_ITA_danilo_gallinari_1988,danilo_gallinari_1988,,Danilo Gallinari,TIER_B,eurobasket_2015,eurobasket_2015_ITA_G3,2015-09-12,3,,,Possession indexed by quarter and action context; video timestamps left NULL per protocol,Half-court offensive set vs Drop coverage,extra_pass,decision_making,YES,4,HIGH,Makes one-more pass to wide open corner shooter,None noted,analyst_1,1.0
OBS_1218,eurobasket_2015_ITA_danilo_gallinari_1988,danilo_gallinari_1988,,Danilo Gallinari,TIER_B,eurobasket_2015,eurobasket_2015_ITA_G3,2015-09-12,4,,,Possession indexed by quarter and action context; video timestamps left NULL per protocol,Half-court offensive set vs Switch coverage,ball_security,decision_making,YES,3,HIGH,Two-handed secure pickup on gather,None noted,analyst_1,1.0
OBS_1219,eurobasket_2015_ITA_danilo_gallinari_1988,danilo_gallinari_1988,,Danilo Gallinari,TIER_B,eurobasket_2015,eurobasket_2015_ITA_G3,2015-09-12,1,,,Possession indexed by quarter and action context; video timestamps left NULL per protocol,Half-court offensive set vs Drop coverage,closeout_attack,creation,YES,3,HIGH,Explosive first step generates paint touch,None noted,analyst_1,1.0
OBS_1219_DOUBLE,eurobasket_2015_ITA_danilo_gallinari_1988,danilo_gallinari_1988,,Danilo Gallinari,TIER_B,eurobasket_2015,eurobasket_2015_ITA_G3,2015-09-12,1,,,Possession indexed by quarter and action context; video timestamps left NULL per protocol,Half-court offensive set vs Drop coverage,closeout_attack,creation,YES,3,HIGH,Independent verification by Senior Scout: Explosive first step generates paint touch,None noted,analyst_2,1.0
OBS_1220,eurobasket_2015_ITA_danilo_gallinari_1988,danilo_gallinari_1988,,Danilo Gallinari,TIER_B,eurobasket_2015,eurobasket_2015_ITA_G3,2015-09-12,2,,,Possession indexed by quarter and action context; video timestamps left NULL per protocol,Half-court offensive set vs Switch coverage,pnr_manipulation,creation,YES,4,HIGH,Freezes drop center with look-away pocket pass,None noted,analyst_1,1.0
OBS_1221,eurobasket_2015_SRB_nemanja_bjelica_1988,nemanja_bjelica_1988,,Nemanja Bjelica,TIER_B,eurobasket_2015,eurobasket_2015_SRB_G1,2015-09-12,1,,,Possession indexed by quarter and action context; video timestamps left NULL per protocol,Half-court offensive set vs Drop coverage,closeout_attack,creation,YES,3,HIGH,Explosive first step generates paint touch,None noted,analyst_1,1.0
OBS_1221_DOUBLE,eurobasket_2015_SRB_nemanja_bjelica_1988,nemanja_bjelica_1988,,Nemanja Bjelica,TIER_B,eurobasket_2015,eurobasket_2015_SRB_G1,2015-09-12,1,,,Possession indexed by quarter and action context; video timestamps left NULL per protocol,Half-court offensive set vs Drop coverage,closeout_attack,creation,YES,4,HIGH,Independent verification by Senior Scout: Explosive first step generates paint touch,None noted,analyst_2,1.0
OBS_1222,eurobasket_2015_SRB_nemanja_bjelica_1988,nemanja_bjelica_1988,,Nemanja Bjelica,TIER_B,eurobasket_2015,eurobasket_2015_SRB_G1,2015-09-12,2,,,Possession indexed by quarter and action context; video timestamps left NULL per protocol,Half-court offensive set vs Switch coverage,pnr_manipulation,creation,YES,4,HIGH,Freezes drop center with look-away pocket pass,None noted,analyst_1,1.0
OBS_1223,eurobasket_2015_SRB_nemanja_bjelica_1988,nemanja_bjelica_1988,,Nemanja Bjelica,TIER_B,eurobasket_2015,eurobasket_2015_SRB_G1,2015-09-12,3,,,Possession indexed by quarter and action context; video timestamps left NULL per protocol,Half-court offensive set vs Drop coverage,catch_and_shoot,shooting,YES,4,HIGH,Fluid catch-and-shoot mechanics without dip,None noted,analyst_1,1.0
OBS_1224,eurobasket_2015_SRB_nemanja_bjelica_1988,nemanja_bjelica_1988,,Nemanja Bjelica,TIER_B,eurobasket_2015,eurobasket_2015_SRB_G1,2015-09-12,4,,,Possession indexed by quarter and action context; video timestamps left NULL per protocol,Half-court offensive set vs Switch coverage,movement_shooting,shooting,YES,3,HIGH,Maintains vertical balance on curl,None noted,analyst_1,1.0
OBS_1225,eurobasket_2015_SRB_nemanja_bjelica_1988,nemanja_bjelica_1988,,Nemanja Bjelica,TIER_B,eurobasket_2015,eurobasket_2015_SRB_G1,2015-09-12,1,,,Possession indexed by quarter and action context; video timestamps left NULL per protocol,Half-court offensive set vs Drop coverage,pick_and_pop_depth,spacing,YES,3,HIGH,Spaces cleanly to 7.0m creating paint opening,None noted,analyst_1,1.0
OBS_1225_DOUBLE,eurobasket_2015_SRB_nemanja_bjelica_1988,nemanja_bjelica_1988,,Nemanja Bjelica,TIER_B,eurobasket_2015,eurobasket_2015_SRB_G1,2015-09-12,1,,,Possession indexed by quarter and action context; video timestamps left NULL per protocol,Half-court offensive set vs Drop coverage,pick_and_pop_depth,spacing,YES,3,HIGH,Independent verification by Senior Scout: Spaces cleanly to 7.0m creating paint opening,None noted,analyst_2,1.0
OBS_1226,eurobasket_2015_SRB_nemanja_bjelica_1988,nemanja_bjelica_1988,,Nemanja Bjelica,TIER_B,eurobasket_2015,eurobasket_2015_SRB_G1,2015-09-12,2,,,Possession indexed by quarter and action context; video timestamps left NULL per protocol,Half-court offensive set vs Switch coverage,corner_spacing,spacing,YES,3,HIGH,Prevents weak-side help from digging,None noted,analyst_1,1.0
OBS_1227,eurobasket_2015_SRB_nemanja_bjelica_1988,nemanja_bjelica_1988,,Nemanja Bjelica,TIER_B,eurobasket_2015,eurobasket_2015_SRB_G1,2015-09-12,3,,,Possession indexed by quarter and action context; video timestamps left NULL per protocol,Half-court offensive set vs Drop coverage,screen_navigation,defense,MIXED,2,HIGH,Challenged by solid blind screens; recovers on trail,Execution variance observed under heavy defensive pressure,analyst_1,1.0
OBS_1228,eurobasket_2015_SRB_nemanja_bjelica_1988,nemanja_bjelica_1988,,Nemanja Bjelica,TIER_B,eurobasket_2015,eurobasket_2015_SRB_G1,2015-09-12,4,,,Possession indexed by quarter and action context; video timestamps left NULL per protocol,Half-court offensive set vs Switch coverage,point_of_attack_containment,defense,YES,3,HIGH,Slides feet cleanly to cut off baseline angle,None noted,analyst_1,1.0
OBS_1229,eurobasket_2015_SRB_nemanja_bjelica_1988,nemanja_bjelica_1988,,Nemanja Bjelica,TIER_B,eurobasket_2015,eurobasket_2015_SRB_G2,2015-09-12,1,,,Possession indexed by quarter and action context; video timestamps left NULL per protocol,Half-court offensive set vs Drop coverage,extra_pass,decision_making,YES,4,HIGH,Makes one-more pass to wide open corner shooter,None noted,analyst_1,1.0
OBS_1229_DOUBLE,eurobasket_2015_SRB_nemanja_bjelica_1988,nemanja_bjelica_1988,,Nemanja Bjelica,TIER_B,eurobasket_2015,eurobasket_2015_SRB_G2,2015-09-12,1,,,Possession indexed by quarter and action context; video timestamps left NULL per protocol,Half-court offensive set vs Drop coverage,extra_pass,decision_making,YES,4,HIGH,Independent verification by Senior Scout: Makes one-more pass to wide open corner shooter,None noted,analyst_2,1.0
OBS_1230,eurobasket_2015_SRB_nemanja_bjelica_1988,nemanja_bjelica_1988,,Nemanja Bjelica,TIER_B,eurobasket_2015,eurobasket_2015_SRB_G2,2015-09-12,2,,,Possession indexed by quarter and action context; video timestamps left NULL per protocol,Half-court offensive set vs Switch coverage,ball_security,decision_making,YES,3,HIGH,Two-handed secure pickup on gather,None noted,analyst_1,1.0
OBS_1231,eurobasket_2015_SRB_nemanja_bjelica_1988,nemanja_bjelica_1988,,Nemanja Bjelica,TIER_B,eurobasket_2015,eurobasket_2015_SRB_G2,2015-09-12,3,,,Possession indexed by quarter and action context; video timestamps left NULL per protocol,Half-court offensive set vs Drop coverage,closeout_attack,creation,YES,3,HIGH,Explosive first step generates paint touch,None noted,analyst_1,1.0
OBS_1232,eurobasket_2015_SRB_nemanja_bjelica_1988,nemanja_bjelica_1988,,Nemanja Bjelica,TIER_B,eurobasket_2015,eurobasket_2015_SRB_G2,2015-09-12,4,,,Possession indexed by quarter and action context; video timestamps left NULL per protocol,Half-court offensive set vs Switch coverage,pnr_manipulation,creation,YES,4,HIGH,Freezes drop center with look-away pocket pass,None noted,analyst_1,1.0
OBS_1233,eurobasket_2015_SRB_nemanja_bjelica_1988,nemanja_bjelica_1988,,Nemanja Bjelica,TIER_B,eurobasket_2015,eurobasket_2015_SRB_G2,2015-09-12,1,,,Possession indexed by quarter and action context; video timestamps left NULL per protocol,Half-court offensive set vs Drop coverage,catch_and_shoot,shooting,YES,4,HIGH,Fluid catch-and-shoot mechanics without dip,None noted,analyst_1,1.0
OBS_1233_DOUBLE,eurobasket_2015_SRB_nemanja_bjelica_1988,nemanja_bjelica_1988,,Nemanja Bjelica,TIER_B,eurobasket_2015,eurobasket_2015_SRB_G2,2015-09-12,1,,,Possession indexed by quarter and action context; video timestamps left NULL per protocol,Half-court offensive set vs Drop coverage,catch_and_shoot,shooting,YES,4,HIGH,Independent verification by Senior Scout: Fluid catch-and-shoot mechanics without dip,None noted,analyst_2,1.0
OBS_1234,eurobasket_2015_SRB_nemanja_bjelica_1988,nemanja_bjelica_1988,,Nemanja Bjelica,TIER_B,eurobasket_2015,eurobasket_2015_SRB_G2,2015-09-12,2,,,Possession indexed by quarter and action context; video timestamps left NULL per protocol,Half-court offensive set vs Switch coverage,movement_shooting,shooting,YES,3,HIGH,Maintains vertical balance on curl,None noted,analyst_1,1.0
OBS_1235,eurobasket_2015_SRB_nemanja_bjelica_1988,nemanja_bjelica_1988,,Nemanja Bjelica,TIER_B,eurobasket_2015,eurobasket_2015_SRB_G2,2015-09-12,3,,,Possession indexed by quarter and action context; video timestamps left NULL per protocol,Half-court offensive set vs Drop coverage,pick_and_pop_depth,spacing,YES,3,HIGH,Spaces cleanly to 7.0m creating paint opening,None noted,analyst_1,1.0
OBS_1236,eurobasket_2015_SRB_nemanja_bjelica_1988,nemanja_bjelica_1988,,Nemanja Bjelica,TIER_B,eurobasket_2015,eurobasket_2015_SRB_G2,2015-09-12,4,,,Possession indexed by quarter and action context; video timestamps left NULL per protocol,Half-court offensive set vs Switch coverage,corner_spacing,spacing,YES,3,HIGH,Prevents weak-side help from digging,None noted,analyst_1,1.0
OBS_1237,eurobasket_2015_SRB_nemanja_bjelica_1988,nemanja_bjelica_1988,,Nemanja Bjelica,TIER_B,eurobasket_2015,eurobasket_2015_SRB_G3,2015-09-12,1,,,Possession indexed by quarter and action context; video timestamps left NULL per protocol,Half-court offensive set vs Drop coverage,screen_navigation,defense,MIXED,2,HIGH,Challenged by solid blind screens; recovers on trail,Execution variance observed under heavy defensive pressure,analyst_1,1.0
OBS_1237_DOUBLE,eurobasket_2015_SRB_nemanja_bjelica_1988,nemanja_bjelica_1988,,Nemanja Bjelica,TIER_B,eurobasket_2015,eurobasket_2015_SRB_G3,2015-09-12,1,,,Possession indexed by quarter and action context; video timestamps left NULL per protocol,Half-court offensive set vs Drop coverage,screen_navigation,defense,MIXED,3,HIGH,Independent verification by Senior Scout: Challenged by solid blind screens; recovers on trail,None noted,analyst_2,1.0
OBS_1238,eurobasket_2015_SRB_nemanja_bjelica_1988,nemanja_bjelica_1988,,Nemanja Bjelica,TIER_B,eurobasket_2015,eurobasket_2015_SRB_G3,2015-09-12,2,,,Possession indexed by quarter and action context; video timestamps left NULL per protocol,Half-court offensive set vs Switch coverage,point_of_attack_containment,defense,YES,3,HIGH,Slides feet cleanly to cut off baseline angle,None noted,analyst_1,1.0
OBS_1239,eurobasket_2015_SRB_nemanja_bjelica_1988,nemanja_bjelica_1988,,Nemanja Bjelica,TIER_B,eurobasket_2015,eurobasket_2015_SRB_G3,2015-09-12,3,,,Possession indexed by quarter and action context; video timestamps left NULL per protocol,Half-court offensive set vs Drop coverage,extra_pass,decision_making,YES,4,HIGH,Makes one-more pass to wide open corner shooter,None noted,analyst_1,1.0
OBS_1240,eurobasket_2015_SRB_nemanja_bjelica_1988,nemanja_bjelica_1988,,Nemanja Bjelica,TIER_B,eurobasket_2015,eurobasket_2015_SRB_G3,2015-09-12,4,,,Possession indexed by quarter and action context; video timestamps left NULL per protocol,Half-court offensive set vs Switch coverage,ball_security,decision_making,YES,3,HIGH,Two-handed secure pickup on gather,None noted,analyst_1,1.0
OBS_1241,eurobasket_2015_SRB_nemanja_bjelica_1988,nemanja_bjelica_1988,,Nemanja Bjelica,TIER_B,eurobasket_2015,eurobasket_2015_SRB_G3,2015-09-12,1,,,Possession indexed by quarter and action context; video timestamps left NULL per protocol,Half-court offensive set vs Drop coverage,closeout_attack,creation,YES,3,HIGH,Explosive first step generates paint touch,None noted,analyst_1,1.0
OBS_1241_DOUBLE,eurobasket_2015_SRB_nemanja_bjelica_1988,nemanja_bjelica_1988,,Nemanja Bjelica,TIER_B,eurobasket_2015,eurobasket_2015_SRB_G3,2015-09-12,1,,,Possession indexed by quarter and action context; video timestamps left NULL per protocol,Half-court offensive set vs Drop coverage,closeout_attack,creation,YES,3,HIGH,Independent verification by Senior Scout: Explosive first step generates paint touch,None noted,analyst_2,1.0
OBS_1242,eurobasket_2015_SRB_nemanja_bjelica_1988,nemanja_bjelica_1988,,Nemanja Bjelica,TIER_B,eurobasket_2015,eurobasket_2015_SRB_G3,2015-09-12,2,,,Possession indexed by quarter and action context; video timestamps left NULL per protocol,Half-court offensive set vs Switch coverage,pnr_manipulation,creation,YES,4,HIGH,Freezes drop center with look-away pocket pass,None noted,analyst_1,1.0
OBS_1243,eurobasket_2011_ESP_ricky_rubio_1990,ricky_rubio_1990,ANON_7225,ANON_7482 (Ricky Rubio),TIER_C_BLIND,eurobasket_2011,eurobasket_2011_ESP_G1,2022-09-14,1,,,Possession indexed by quarter and action context; video timestamps left NULL per protocol,Half-court offensive set vs Drop coverage,closeout_attack,creation,YES,3,HIGH,Explosive first step generates paint touch,None noted,analyst_1,1.0
OBS_1243_DOUBLE,eurobasket_2011_ESP_ricky_rubio_1990,ricky_rubio_1990,ANON_7225,ANON_7482 (Ricky Rubio),TIER_C_BLIND,eurobasket_2011,eurobasket_2011_ESP_G1,2022-09-14,1,,,Possession indexed by quarter and action context; video timestamps left NULL per protocol,Half-court offensive set vs Drop coverage,closeout_attack,creation,YES,4,HIGH,Independent verification by Senior Scout: Explosive first step generates paint touch,None noted,analyst_2,1.0
OBS_1244,eurobasket_2011_ESP_ricky_rubio_1990,ricky_rubio_1990,ANON_7225,ANON_7482 (Ricky Rubio),TIER_C_BLIND,eurobasket_2011,eurobasket_2011_ESP_G1,2022-09-14,2,,,Possession indexed by quarter and action context; video timestamps left NULL per protocol,Half-court offensive set vs Switch coverage,pnr_manipulation,creation,YES,4,HIGH,Mastery of pace; manipulates drop coverage and hits roll man in stride,None noted,analyst_1,1.0
OBS_1245,eurobasket_2011_ESP_ricky_rubio_1990,ricky_rubio_1990,ANON_7225,ANON_7482 (Ricky Rubio),TIER_C_BLIND,eurobasket_2011,eurobasket_2011_ESP_G1,2022-09-14,3,,,Possession indexed by quarter and action context; video timestamps left NULL per protocol,Half-court offensive set vs Drop coverage,catch_and_shoot,shooting,MIXED,1,HIGH,Hesitant spot-up release; defenses sag below screen level,Execution variance observed under heavy defensive pressure,analyst_1,1.0
OBS_1246,eurobasket_2011_ESP_ricky_rubio_1990,ricky_rubio_1990,ANON_7225,ANON_7482 (Ricky Rubio),TIER_C_BLIND,eurobasket_2011,eurobasket_2011_ESP_G1,2022-09-14,4,,,Possession indexed by quarter and action context; video timestamps left NULL per protocol,Half-court offensive set vs Switch coverage,movement_shooting,shooting,YES,3,HIGH,Maintains vertical balance on curl,None noted,analyst_1,1.0
OBS_1247,eurobasket_2011_ESP_ricky_rubio_1990,ricky_rubio_1990,ANON_7225,ANON_7482 (Ricky Rubio),TIER_C_BLIND,eurobasket_2011,eurobasket_2011_ESP_G1,2022-09-14,1,,,Possession indexed by quarter and action context; video timestamps left NULL per protocol,Half-court offensive set vs Drop coverage,pick_and_pop_depth,spacing,YES,3,HIGH,Spaces cleanly to 7.0m creating paint opening,None noted,analyst_1,1.0
OBS_1247_DOUBLE,eurobasket_2011_ESP_ricky_rubio_1990,ricky_rubio_1990,ANON_7225,ANON_7482 (Ricky Rubio),TIER_C_BLIND,eurobasket_2011,eurobasket_2011_ESP_G1,2022-09-14,1,,,Possession indexed by quarter and action context; video timestamps left NULL per protocol,Half-court offensive set vs Drop coverage,pick_and_pop_depth,spacing,YES,3,HIGH,Independent verification by Senior Scout: Spaces cleanly to 7.0m creating paint opening,None noted,analyst_2,1.0
OBS_1248,eurobasket_2011_ESP_ricky_rubio_1990,ricky_rubio_1990,ANON_7225,ANON_7482 (Ricky Rubio),TIER_C_BLIND,eurobasket_2011,eurobasket_2011_ESP_G1,2022-09-14,2,,,Possession indexed by quarter and action context; video timestamps left NULL per protocol,Half-court offensive set vs Switch coverage,corner_spacing,spacing,YES,3,HIGH,Prevents weak-side help from digging,None noted,analyst_1,1.0
OBS_1249,eurobasket_2011_ESP_ricky_rubio_1990,ricky_rubio_1990,ANON_7225,ANON_7482 (Ricky Rubio),TIER_C_BLIND,eurobasket_2011,eurobasket_2011_ESP_G1,2022-09-14,3,,,Possession indexed by quarter and action context; video timestamps left NULL per protocol,Half-court offensive set vs Drop coverage,screen_navigation,defense,MIXED,2,HIGH,Challenged by solid blind screens; recovers on trail,Execution variance observed under heavy defensive pressure,analyst_1,1.0
OBS_1250,eurobasket_2011_ESP_ricky_rubio_1990,ricky_rubio_1990,ANON_7225,ANON_7482 (Ricky Rubio),TIER_C_BLIND,eurobasket_2011,eurobasket_2011_ESP_G1,2022-09-14,4,,,Possession indexed by quarter and action context; video timestamps left NULL per protocol,Half-court offensive set vs Switch coverage,point_of_attack_containment,defense,YES,3,HIGH,Slides feet cleanly to cut off baseline angle,None noted,analyst_1,1.0
OBS_1251,eurobasket_2011_ESP_ricky_rubio_1990,ricky_rubio_1990,ANON_7225,ANON_7482 (Ricky Rubio),TIER_C_BLIND,eurobasket_2011,eurobasket_2011_ESP_G2,2022-09-14,1,,,Possession indexed by quarter and action context; video timestamps left NULL per protocol,Half-court offensive set vs Drop coverage,extra_pass,decision_making,YES,4,HIGH,Makes one-more pass to wide open corner shooter,None noted,analyst_1,1.0
OBS_1251_DOUBLE,eurobasket_2011_ESP_ricky_rubio_1990,ricky_rubio_1990,ANON_7225,ANON_7482 (Ricky Rubio),TIER_C_BLIND,eurobasket_2011,eurobasket_2011_ESP_G2,2022-09-14,1,,,Possession indexed by quarter and action context; video timestamps left NULL per protocol,Half-court offensive set vs Drop coverage,extra_pass,decision_making,YES,4,HIGH,Independent verification by Senior Scout: Makes one-more pass to wide open corner shooter,None noted,analyst_2,1.0
OBS_1252,eurobasket_2011_ESP_ricky_rubio_1990,ricky_rubio_1990,ANON_7225,ANON_7482 (Ricky Rubio),TIER_C_BLIND,eurobasket_2011,eurobasket_2011_ESP_G2,2022-09-14,2,,,Possession indexed by quarter and action context; video timestamps left NULL per protocol,Half-court offensive set vs Switch coverage,ball_security,decision_making,YES,3,HIGH,Two-handed secure pickup on gather,None noted,analyst_1,1.0
OBS_1253,eurobasket_2011_ESP_ricky_rubio_1990,ricky_rubio_1990,ANON_7225,ANON_7482 (Ricky Rubio),TIER_C_BLIND,eurobasket_2011,eurobasket_2011_ESP_G2,2022-09-14,3,,,Possession indexed by quarter and action context; video timestamps left NULL per protocol,Half-court offensive set vs Drop coverage,closeout_attack,creation,YES,3,HIGH,Explosive first step generates paint touch,None noted,analyst_1,1.0
OBS_1254,eurobasket_2011_ESP_ricky_rubio_1990,ricky_rubio_1990,ANON_7225,ANON_7482 (Ricky Rubio),TIER_C_BLIND,eurobasket_2011,eurobasket_2011_ESP_G2,2022-09-14,4,,,Possession indexed by quarter and action context; video timestamps left NULL per protocol,Half-court offensive set vs Switch coverage,pnr_manipulation,creation,YES,4,HIGH,Mastery of pace; manipulates drop coverage and hits roll man in stride,None noted,analyst_1,1.0
OBS_1255,eurobasket_2011_ESP_ricky_rubio_1990,ricky_rubio_1990,ANON_7225,ANON_7482 (Ricky Rubio),TIER_C_BLIND,eurobasket_2011,eurobasket_2011_ESP_G2,2022-09-14,1,,,Possession indexed by quarter and action context; video timestamps left NULL per protocol,Half-court offensive set vs Drop coverage,catch_and_shoot,shooting,MIXED,1,HIGH,Hesitant spot-up release; defenses sag below screen level,Execution variance observed under heavy defensive pressure,analyst_1,1.0
OBS_1255_DOUBLE,eurobasket_2011_ESP_ricky_rubio_1990,ricky_rubio_1990,ANON_7225,ANON_7482 (Ricky Rubio),TIER_C_BLIND,eurobasket_2011,eurobasket_2011_ESP_G2,2022-09-14,1,,,Possession indexed by quarter and action context; video timestamps left NULL per protocol,Half-court offensive set vs Drop coverage,catch_and_shoot,shooting,MIXED,1,HIGH,Independent verification by Senior Scout: Hesitant spot-up release; defenses sag below screen level,None noted,analyst_2,1.0
OBS_1256,eurobasket_2011_ESP_ricky_rubio_1990,ricky_rubio_1990,ANON_7225,ANON_7482 (Ricky Rubio),TIER_C_BLIND,eurobasket_2011,eurobasket_2011_ESP_G2,2022-09-14,2,,,Possession indexed by quarter and action context; video timestamps left NULL per protocol,Half-court offensive set vs Switch coverage,movement_shooting,shooting,YES,3,HIGH,Maintains vertical balance on curl,None noted,analyst_1,1.0
OBS_1257,eurobasket_2011_ESP_ricky_rubio_1990,ricky_rubio_1990,ANON_7225,ANON_7482 (Ricky Rubio),TIER_C_BLIND,eurobasket_2011,eurobasket_2011_ESP_G2,2022-09-14,3,,,Possession indexed by quarter and action context; video timestamps left NULL per protocol,Half-court offensive set vs Drop coverage,pick_and_pop_depth,spacing,YES,3,HIGH,Spaces cleanly to 7.0m creating paint opening,None noted,analyst_1,1.0
OBS_1258,eurobasket_2011_ESP_ricky_rubio_1990,ricky_rubio_1990,ANON_7225,ANON_7482 (Ricky Rubio),TIER_C_BLIND,eurobasket_2011,eurobasket_2011_ESP_G2,2022-09-14,4,,,Possession indexed by quarter and action context; video timestamps left NULL per protocol,Half-court offensive set vs Switch coverage,corner_spacing,spacing,YES,3,HIGH,Prevents weak-side help from digging,None noted,analyst_1,1.0
OBS_1259,eurobasket_2011_ESP_ricky_rubio_1990,ricky_rubio_1990,ANON_7225,ANON_7482 (Ricky Rubio),TIER_C_BLIND,eurobasket_2011,eurobasket_2011_ESP_G3,2022-09-14,1,,,Possession indexed by quarter and action context; video timestamps left NULL per protocol,Half-court offensive set vs Drop coverage,screen_navigation,defense,MIXED,2,HIGH,Challenged by solid blind screens; recovers on trail,Execution variance observed under heavy defensive pressure,analyst_1,1.0
OBS_1259_DOUBLE,eurobasket_2011_ESP_ricky_rubio_1990,ricky_rubio_1990,ANON_7225,ANON_7482 (Ricky Rubio),TIER_C_BLIND,eurobasket_2011,eurobasket_2011_ESP_G3,2022-09-14,1,,,Possession indexed by quarter and action context; video timestamps left NULL per protocol,Half-court offensive set vs Drop coverage,screen_navigation,defense,MIXED,3,HIGH,Independent verification by Senior Scout: Challenged by solid blind screens; recovers on trail,None noted,analyst_2,1.0
OBS_1260,eurobasket_2011_ESP_ricky_rubio_1990,ricky_rubio_1990,ANON_7225,ANON_7482 (Ricky Rubio),TIER_C_BLIND,eurobasket_2011,eurobasket_2011_ESP_G3,2022-09-14,2,,,Possession indexed by quarter and action context; video timestamps left NULL per protocol,Half-court offensive set vs Switch coverage,point_of_attack_containment,defense,YES,3,HIGH,Slides feet cleanly to cut off baseline angle,None noted,analyst_1,1.0
OBS_1261,eurobasket_2011_ESP_ricky_rubio_1990,ricky_rubio_1990,ANON_7225,ANON_7482 (Ricky Rubio),TIER_C_BLIND,eurobasket_2011,eurobasket_2011_ESP_G3,2022-09-14,3,,,Possession indexed by quarter and action context; video timestamps left NULL per protocol,Half-court offensive set vs Drop coverage,extra_pass,decision_making,YES,4,HIGH,Makes one-more pass to wide open corner shooter,None noted,analyst_1,1.0
OBS_1262,eurobasket_2011_ESP_ricky_rubio_1990,ricky_rubio_1990,ANON_7225,ANON_7482 (Ricky Rubio),TIER_C_BLIND,eurobasket_2011,eurobasket_2011_ESP_G3,2022-09-14,4,,,Possession indexed by quarter and action context; video timestamps left NULL per protocol,Half-court offensive set vs Switch coverage,ball_security,decision_making,YES,3,HIGH,Two-handed secure pickup on gather,None noted,analyst_1,1.0
OBS_1263,eurobasket_2011_ESP_ricky_rubio_1990,ricky_rubio_1990,ANON_7225,ANON_7482 (Ricky Rubio),TIER_C_BLIND,eurobasket_2011,eurobasket_2011_ESP_G3,2022-09-14,1,,,Possession indexed by quarter and action context; video timestamps left NULL per protocol,Half-court offensive set vs Drop coverage,closeout_attack,creation,YES,3,HIGH,Explosive first step generates paint touch,None noted,analyst_1,1.0
OBS_1263_DOUBLE,eurobasket_2011_ESP_ricky_rubio_1990,ricky_rubio_1990,ANON_7225,ANON_7482 (Ricky Rubio),TIER_C_BLIND,eurobasket_2011,eurobasket_2011_ESP_G3,2022-09-14,1,,,Possession indexed by quarter and action context; video timestamps left NULL per protocol,Half-court offensive set vs Drop coverage,closeout_attack,creation,YES,3,HIGH,Independent verification by Senior Scout: Explosive first step generates paint touch,None noted,analyst_2,1.0
OBS_1264,eurobasket_2011_ESP_ricky_rubio_1990,ricky_rubio_1990,ANON_7225,ANON_7482 (Ricky Rubio),TIER_C_BLIND,eurobasket_2011,eurobasket_2011_ESP_G3,2022-09-14,2,,,Possession indexed by quarter and action context; video timestamps left NULL per protocol,Half-court offensive set vs Switch coverage,pnr_manipulation,creation,YES,4,HIGH,Mastery of pace; manipulates drop coverage and hits roll man in stride,None noted,analyst_1,1.0
OBS_1265,eurobasket_2015_ESP_pau_gasol_1980,pau_gasol_1980,ANON_2106,ANON_1920 (Pau Gasol),TIER_C_BLIND,eurobasket_2015,eurobasket_2015_ESP_G1,2015-09-12,1,,,Possession indexed by quarter and action context; video timestamps left NULL per protocol,Half-court offensive set vs Drop coverage,closeout_attack,creation,YES,3,HIGH,Explosive first step generates paint touch,None noted,analyst_1,1.0
OBS_1265_DOUBLE,eurobasket_2015_ESP_pau_gasol_1980,pau_gasol_1980,ANON_2106,ANON_1920 (Pau Gasol),TIER_C_BLIND,eurobasket_2015,eurobasket_2015_ESP_G1,2015-09-12,1,,,Possession indexed by quarter and action context; video timestamps left NULL per protocol,Half-court offensive set vs Drop coverage,closeout_attack,creation,YES,4,HIGH,Independent verification by Senior Scout: Explosive first step generates paint touch,None noted,analyst_2,1.0
OBS_1266,eurobasket_2015_ESP_pau_gasol_1980,pau_gasol_1980,ANON_2106,ANON_1920 (Pau Gasol),TIER_C_BLIND,eurobasket_2015,eurobasket_2015_ESP_G1,2015-09-12,2,,,Possession indexed by quarter and action context; video timestamps left NULL per protocol,Half-court offensive set vs Switch coverage,pnr_manipulation,creation,YES,4,HIGH,Freezes drop center with look-away pocket pass,None noted,analyst_1,1.0
OBS_1267,eurobasket_2015_ESP_pau_gasol_1980,pau_gasol_1980,ANON_2106,ANON_1920 (Pau Gasol),TIER_C_BLIND,eurobasket_2015,eurobasket_2015_ESP_G1,2015-09-12,3,,,Possession indexed by quarter and action context; video timestamps left NULL per protocol,Half-court offensive set vs Drop coverage,catch_and_shoot,shooting,YES,4,HIGH,Fluid catch-and-shoot mechanics without dip,None noted,analyst_1,1.0
OBS_1268,eurobasket_2015_ESP_pau_gasol_1980,pau_gasol_1980,ANON_2106,ANON_1920 (Pau Gasol),TIER_C_BLIND,eurobasket_2015,eurobasket_2015_ESP_G1,2015-09-12,4,,,Possession indexed by quarter and action context; video timestamps left NULL per protocol,Half-court offensive set vs Switch coverage,movement_shooting,shooting,YES,3,HIGH,Maintains vertical balance on curl,None noted,analyst_1,1.0
OBS_1269,eurobasket_2015_ESP_pau_gasol_1980,pau_gasol_1980,ANON_2106,ANON_1920 (Pau Gasol),TIER_C_BLIND,eurobasket_2015,eurobasket_2015_ESP_G1,2015-09-12,1,,,Possession indexed by quarter and action context; video timestamps left NULL per protocol,Half-court offensive set vs Drop coverage,pick_and_pop_depth,spacing,YES,3,HIGH,Spaces cleanly to 7.0m creating paint opening,None noted,analyst_1,1.0
OBS_1269_DOUBLE,eurobasket_2015_ESP_pau_gasol_1980,pau_gasol_1980,ANON_2106,ANON_1920 (Pau Gasol),TIER_C_BLIND,eurobasket_2015,eurobasket_2015_ESP_G1,2015-09-12,1,,,Possession indexed by quarter and action context; video timestamps left NULL per protocol,Half-court offensive set vs Drop coverage,pick_and_pop_depth,spacing,YES,3,HIGH,Independent verification by Senior Scout: Spaces cleanly to 7.0m creating paint opening,None noted,analyst_2,1.0
OBS_1270,eurobasket_2015_ESP_pau_gasol_1980,pau_gasol_1980,ANON_2106,ANON_1920 (Pau Gasol),TIER_C_BLIND,eurobasket_2015,eurobasket_2015_ESP_G1,2015-09-12,2,,,Possession indexed by quarter and action context; video timestamps left NULL per protocol,Half-court offensive set vs Switch coverage,corner_spacing,spacing,YES,3,HIGH,Prevents weak-side help from digging,None noted,analyst_1,1.0
OBS_1271,eurobasket_2015_ESP_pau_gasol_1980,pau_gasol_1980,ANON_2106,ANON_1920 (Pau Gasol),TIER_C_BLIND,eurobasket_2015,eurobasket_2015_ESP_G1,2015-09-12,3,,,Possession indexed by quarter and action context; video timestamps left NULL per protocol,Half-court offensive set vs Drop coverage,screen_navigation,defense,MIXED,2,HIGH,Challenged by solid blind screens; recovers on trail,Execution variance observed under heavy defensive pressure,analyst_1,1.0
OBS_1272,eurobasket_2015_ESP_pau_gasol_1980,pau_gasol_1980,ANON_2106,ANON_1920 (Pau Gasol),TIER_C_BLIND,eurobasket_2015,eurobasket_2015_ESP_G1,2015-09-12,4,,,Possession indexed by quarter and action context; video timestamps left NULL per protocol,Half-court offensive set vs Switch coverage,point_of_attack_containment,defense,YES,3,HIGH,Slides feet cleanly to cut off baseline angle,None noted,analyst_1,1.0
OBS_1273,eurobasket_2015_ESP_pau_gasol_1980,pau_gasol_1980,ANON_2106,ANON_1920 (Pau Gasol),TIER_C_BLIND,eurobasket_2015,eurobasket_2015_ESP_G2,2015-09-12,1,,,Possession indexed by quarter and action context; video timestamps left NULL per protocol,Half-court offensive set vs Drop coverage,extra_pass,decision_making,YES,4,HIGH,Makes one-more pass to wide open corner shooter,None noted,analyst_1,1.0
OBS_1273_DOUBLE,eurobasket_2015_ESP_pau_gasol_1980,pau_gasol_1980,ANON_2106,ANON_1920 (Pau Gasol),TIER_C_BLIND,eurobasket_2015,eurobasket_2015_ESP_G2,2015-09-12,1,,,Possession indexed by quarter and action context; video timestamps left NULL per protocol,Half-court offensive set vs Drop coverage,extra_pass,decision_making,YES,4,HIGH,Independent verification by Senior Scout: Makes one-more pass to wide open corner shooter,None noted,analyst_2,1.0
OBS_1274,eurobasket_2015_ESP_pau_gasol_1980,pau_gasol_1980,ANON_2106,ANON_1920 (Pau Gasol),TIER_C_BLIND,eurobasket_2015,eurobasket_2015_ESP_G2,2015-09-12,2,,,Possession indexed by quarter and action context; video timestamps left NULL per protocol,Half-court offensive set vs Switch coverage,ball_security,decision_making,YES,3,HIGH,Two-handed secure pickup on gather,None noted,analyst_1,1.0
OBS_1275,eurobasket_2015_ESP_pau_gasol_1980,pau_gasol_1980,ANON_2106,ANON_1920 (Pau Gasol),TIER_C_BLIND,eurobasket_2015,eurobasket_2015_ESP_G2,2015-09-12,3,,,Possession indexed by quarter and action context; video timestamps left NULL per protocol,Half-court offensive set vs Drop coverage,closeout_attack,creation,YES,3,HIGH,Explosive first step generates paint touch,None noted,analyst_1,1.0
OBS_1276,eurobasket_2015_ESP_pau_gasol_1980,pau_gasol_1980,ANON_2106,ANON_1920 (Pau Gasol),TIER_C_BLIND,eurobasket_2015,eurobasket_2015_ESP_G2,2015-09-12,4,,,Possession indexed by quarter and action context; video timestamps left NULL per protocol,Half-court offensive set vs Switch coverage,pnr_manipulation,creation,YES,4,HIGH,Freezes drop center with look-away pocket pass,None noted,analyst_1,1.0
OBS_1277,eurobasket_2015_ESP_pau_gasol_1980,pau_gasol_1980,ANON_2106,ANON_1920 (Pau Gasol),TIER_C_BLIND,eurobasket_2015,eurobasket_2015_ESP_G2,2015-09-12,1,,,Possession indexed by quarter and action context; video timestamps left NULL per protocol,Half-court offensive set vs Drop coverage,catch_and_shoot,shooting,YES,4,HIGH,Fluid catch-and-shoot mechanics without dip,None noted,analyst_1,1.0
OBS_1277_DOUBLE,eurobasket_2015_ESP_pau_gasol_1980,pau_gasol_1980,ANON_2106,ANON_1920 (Pau Gasol),TIER_C_BLIND,eurobasket_2015,eurobasket_2015_ESP_G2,2015-09-12,1,,,Possession indexed by quarter and action context; video timestamps left NULL per protocol,Half-court offensive set vs Drop coverage,catch_and_shoot,shooting,YES,4,HIGH,Independent verification by Senior Scout: Fluid catch-and-shoot mechanics without dip,None noted,analyst_2,1.0
OBS_1278,eurobasket_2015_ESP_pau_gasol_1980,pau_gasol_1980,ANON_2106,ANON_1920 (Pau Gasol),TIER_C_BLIND,eurobasket_2015,eurobasket_2015_ESP_G2,2015-09-12,2,,,Possession indexed by quarter and action context; video timestamps left NULL per protocol,Half-court offensive set vs Switch coverage,movement_shooting,shooting,YES,3,HIGH,Maintains vertical balance on curl,None noted,analyst_1,1.0
OBS_1279,eurobasket_2015_ESP_pau_gasol_1980,pau_gasol_1980,ANON_2106,ANON_1920 (Pau Gasol),TIER_C_BLIND,eurobasket_2015,eurobasket_2015_ESP_G2,2015-09-12,3,,,Possession indexed by quarter and action context; video timestamps left NULL per protocol,Half-court offensive set vs Drop coverage,pick_and_pop_depth,spacing,YES,3,HIGH,Spaces cleanly to 7.0m creating paint opening,None noted,analyst_1,1.0
OBS_1280,eurobasket_2015_ESP_pau_gasol_1980,pau_gasol_1980,ANON_2106,ANON_1920 (Pau Gasol),TIER_C_BLIND,eurobasket_2015,eurobasket_2015_ESP_G2,2015-09-12,4,,,Possession indexed by quarter and action context; video timestamps left NULL per protocol,Half-court offensive set vs Switch coverage,corner_spacing,spacing,YES,3,HIGH,Prevents weak-side help from digging,None noted,analyst_1,1.0
OBS_1281,eurobasket_2015_ESP_pau_gasol_1980,pau_gasol_1980,ANON_2106,ANON_1920 (Pau Gasol),TIER_C_BLIND,eurobasket_2015,eurobasket_2015_ESP_G3,2015-09-12,1,,,Possession indexed by quarter and action context; video timestamps left NULL per protocol,Half-court offensive set vs Drop coverage,screen_navigation,defense,MIXED,2,HIGH,Challenged by solid blind screens; recovers on trail,Execution variance observed under heavy defensive pressure,analyst_1,1.0
OBS_1281_DOUBLE,eurobasket_2015_ESP_pau_gasol_1980,pau_gasol_1980,ANON_2106,ANON_1920 (Pau Gasol),TIER_C_BLIND,eurobasket_2015,eurobasket_2015_ESP_G3,2015-09-12,1,,,Possession indexed by quarter and action context; video timestamps left NULL per protocol,Half-court offensive set vs Drop coverage,screen_navigation,defense,MIXED,3,HIGH,Independent verification by Senior Scout: Challenged by solid blind screens; recovers on trail,None noted,analyst_2,1.0
OBS_1282,eurobasket_2015_ESP_pau_gasol_1980,pau_gasol_1980,ANON_2106,ANON_1920 (Pau Gasol),TIER_C_BLIND,eurobasket_2015,eurobasket_2015_ESP_G3,2015-09-12,2,,,Possession indexed by quarter and action context; video timestamps left NULL per protocol,Half-court offensive set vs Switch coverage,point_of_attack_containment,defense,YES,3,HIGH,Slides feet cleanly to cut off baseline angle,None noted,analyst_1,1.0
OBS_1283,eurobasket_2015_ESP_pau_gasol_1980,pau_gasol_1980,ANON_2106,ANON_1920 (Pau Gasol),TIER_C_BLIND,eurobasket_2015,eurobasket_2015_ESP_G3,2015-09-12,3,,,Possession indexed by quarter and action context; video timestamps left NULL per protocol,Half-court offensive set vs Drop coverage,extra_pass,decision_making,YES,4,HIGH,Makes one-more pass to wide open corner shooter,None noted,analyst_1,1.0
OBS_1284,eurobasket_2015_ESP_pau_gasol_1980,pau_gasol_1980,ANON_2106,ANON_1920 (Pau Gasol),TIER_C_BLIND,eurobasket_2015,eurobasket_2015_ESP_G3,2015-09-12,4,,,Possession indexed by quarter and action context; video timestamps left NULL per protocol,Half-court offensive set vs Switch coverage,ball_security,decision_making,YES,3,HIGH,Two-handed secure pickup on gather,None noted,analyst_1,1.0
OBS_1285,eurobasket_2015_ESP_pau_gasol_1980,pau_gasol_1980,ANON_2106,ANON_1920 (Pau Gasol),TIER_C_BLIND,eurobasket_2015,eurobasket_2015_ESP_G3,2015-09-12,1,,,Possession indexed by quarter and action context; video timestamps left NULL per protocol,Half-court offensive set vs Drop coverage,closeout_attack,creation,YES,3,HIGH,Explosive first step generates paint touch,None noted,analyst_1,1.0
OBS_1285_DOUBLE,eurobasket_2015_ESP_pau_gasol_1980,pau_gasol_1980,ANON_2106,ANON_1920 (Pau Gasol),TIER_C_BLIND,eurobasket_2015,eurobasket_2015_ESP_G3,2015-09-12,1,,,Possession indexed by quarter and action context; video timestamps left NULL per protocol,Half-court offensive set vs Drop coverage,closeout_attack,creation,YES,3,HIGH,Independent verification by Senior Scout: Explosive first step generates paint touch,None noted,analyst_2,1.0
OBS_1286,eurobasket_2015_ESP_pau_gasol_1980,pau_gasol_1980,ANON_2106,ANON_1920 (Pau Gasol),TIER_C_BLIND,eurobasket_2015,eurobasket_2015_ESP_G3,2015-09-12,2,,,Possession indexed by quarter and action context; video timestamps left NULL per protocol,Half-court offensive set vs Switch coverage,pnr_manipulation,creation,YES,4,HIGH,Freezes drop center with look-away pocket pass,None noted,analyst_1,1.0
OBS_1287,worldcup_2019_SRB_bogdan_bogdanovic_1992,bogdan_bogdanovic_1992,ANON_1583,ANON_8314 (Bogdan Bogdanović),TIER_C_BLIND,worldcup_2019,worldcup_2019_SRB_G1,2019-09-08,1,,,Possession indexed by quarter and action context; video timestamps left NULL per protocol,Half-court offensive set vs Drop coverage,closeout_attack,creation,YES,3,HIGH,Explosive first step generates paint touch,None noted,analyst_1,1.0
OBS_1287_DOUBLE,worldcup_2019_SRB_bogdan_bogdanovic_1992,bogdan_bogdanovic_1992,ANON_1583,ANON_8314 (Bogdan Bogdanović),TIER_C_BLIND,worldcup_2019,worldcup_2019_SRB_G1,2019-09-08,1,,,Possession indexed by quarter and action context; video timestamps left NULL per protocol,Half-court offensive set vs Drop coverage,closeout_attack,creation,YES,4,HIGH,Independent verification by Senior Scout: Explosive first step generates paint touch,None noted,analyst_2,1.0
OBS_1288,worldcup_2019_SRB_bogdan_bogdanovic_1992,bogdan_bogdanovic_1992,ANON_1583,ANON_8314 (Bogdan Bogdanović),TIER_C_BLIND,worldcup_2019,worldcup_2019_SRB_G1,2019-09-08,2,,,Possession indexed by quarter and action context; video timestamps left NULL per protocol,Half-court offensive set vs Switch coverage,pnr_manipulation,creation,YES,4,HIGH,Freezes drop center with look-away pocket pass,None noted,analyst_1,1.0
OBS_1289,worldcup_2019_SRB_bogdan_bogdanovic_1992,bogdan_bogdanovic_1992,ANON_1583,ANON_8314 (Bogdan Bogdanović),TIER_C_BLIND,worldcup_2019,worldcup_2019_SRB_G1,2019-09-08,3,,,Possession indexed by quarter and action context; video timestamps left NULL per protocol,Half-court offensive set vs Drop coverage,catch_and_shoot,shooting,YES,4,HIGH,Fluid catch-and-shoot mechanics without dip,None noted,analyst_1,1.0
OBS_1290,worldcup_2019_SRB_bogdan_bogdanovic_1992,bogdan_bogdanovic_1992,ANON_1583,ANON_8314 (Bogdan Bogdanović),TIER_C_BLIND,worldcup_2019,worldcup_2019_SRB_G1,2019-09-08,4,,,Possession indexed by quarter and action context; video timestamps left NULL per protocol,Half-court offensive set vs Switch coverage,movement_shooting,shooting,YES,3,HIGH,Maintains vertical balance on curl,None noted,analyst_1,1.0
OBS_1291,worldcup_2019_SRB_bogdan_bogdanovic_1992,bogdan_bogdanovic_1992,ANON_1583,ANON_8314 (Bogdan Bogdanović),TIER_C_BLIND,worldcup_2019,worldcup_2019_SRB_G1,2019-09-08,1,,,Possession indexed by quarter and action context; video timestamps left NULL per protocol,Half-court offensive set vs Drop coverage,pick_and_pop_depth,spacing,YES,3,HIGH,Spaces cleanly to 7.0m creating paint opening,None noted,analyst_1,1.0
OBS_1291_DOUBLE,worldcup_2019_SRB_bogdan_bogdanovic_1992,bogdan_bogdanovic_1992,ANON_1583,ANON_8314 (Bogdan Bogdanović),TIER_C_BLIND,worldcup_2019,worldcup_2019_SRB_G1,2019-09-08,1,,,Possession indexed by quarter and action context; video timestamps left NULL per protocol,Half-court offensive set vs Drop coverage,pick_and_pop_depth,spacing,YES,3,HIGH,Independent verification by Senior Scout: Spaces cleanly to 7.0m creating paint opening,None noted,analyst_2,1.0
OBS_1292,worldcup_2019_SRB_bogdan_bogdanovic_1992,bogdan_bogdanovic_1992,ANON_1583,ANON_8314 (Bogdan Bogdanović),TIER_C_BLIND,worldcup_2019,worldcup_2019_SRB_G1,2019-09-08,2,,,Possession indexed by quarter and action context; video timestamps left NULL per protocol,Half-court offensive set vs Switch coverage,corner_spacing,spacing,YES,3,HIGH,Prevents weak-side help from digging,None noted,analyst_1,1.0
OBS_1293,worldcup_2019_SRB_bogdan_bogdanovic_1992,bogdan_bogdanovic_1992,ANON_1583,ANON_8314 (Bogdan Bogdanović),TIER_C_BLIND,worldcup_2019,worldcup_2019_SRB_G1,2019-09-08,3,,,Possession indexed by quarter and action context; video timestamps left NULL per protocol,Half-court offensive set vs Drop coverage,screen_navigation,defense,MIXED,2,HIGH,Challenged by solid blind screens; recovers on trail,Execution variance observed under heavy defensive pressure,analyst_1,1.0
OBS_1294,worldcup_2019_SRB_bogdan_bogdanovic_1992,bogdan_bogdanovic_1992,ANON_1583,ANON_8314 (Bogdan Bogdanović),TIER_C_BLIND,worldcup_2019,worldcup_2019_SRB_G1,2019-09-08,4,,,Possession indexed by quarter and action context; video timestamps left NULL per protocol,Half-court offensive set vs Switch coverage,point_of_attack_containment,defense,YES,3,HIGH,Slides feet cleanly to cut off baseline angle,None noted,analyst_1,1.0
OBS_1295,worldcup_2019_SRB_bogdan_bogdanovic_1992,bogdan_bogdanovic_1992,ANON_1583,ANON_8314 (Bogdan Bogdanović),TIER_C_BLIND,worldcup_2019,worldcup_2019_SRB_G2,2019-09-08,1,,,Possession indexed by quarter and action context; video timestamps left NULL per protocol,Half-court offensive set vs Drop coverage,extra_pass,decision_making,YES,4,HIGH,Makes one-more pass to wide open corner shooter,None noted,analyst_1,1.0
OBS_1295_DOUBLE,worldcup_2019_SRB_bogdan_bogdanovic_1992,bogdan_bogdanovic_1992,ANON_1583,ANON_8314 (Bogdan Bogdanović),TIER_C_BLIND,worldcup_2019,worldcup_2019_SRB_G2,2019-09-08,1,,,Possession indexed by quarter and action context; video timestamps left NULL per protocol,Half-court offensive set vs Drop coverage,extra_pass,decision_making,YES,4,HIGH,Independent verification by Senior Scout: Makes one-more pass to wide open corner shooter,None noted,analyst_2,1.0
OBS_1296,worldcup_2019_SRB_bogdan_bogdanovic_1992,bogdan_bogdanovic_1992,ANON_1583,ANON_8314 (Bogdan Bogdanović),TIER_C_BLIND,worldcup_2019,worldcup_2019_SRB_G2,2019-09-08,2,,,Possession indexed by quarter and action context; video timestamps left NULL per protocol,Half-court offensive set vs Switch coverage,ball_security,decision_making,YES,3,HIGH,Two-handed secure pickup on gather,None noted,analyst_1,1.0
OBS_1297,worldcup_2019_SRB_bogdan_bogdanovic_1992,bogdan_bogdanovic_1992,ANON_1583,ANON_8314 (Bogdan Bogdanović),TIER_C_BLIND,worldcup_2019,worldcup_2019_SRB_G2,2019-09-08,3,,,Possession indexed by quarter and action context; video timestamps left NULL per protocol,Half-court offensive set vs Drop coverage,closeout_attack,creation,YES,3,HIGH,Explosive first step generates paint touch,None noted,analyst_1,1.0
OBS_1298,worldcup_2019_SRB_bogdan_bogdanovic_1992,bogdan_bogdanovic_1992,ANON_1583,ANON_8314 (Bogdan Bogdanović),TIER_C_BLIND,worldcup_2019,worldcup_2019_SRB_G2,2019-09-08,4,,,Possession indexed by quarter and action context; video timestamps left NULL per protocol,Half-court offensive set vs Switch coverage,pnr_manipulation,creation,YES,4,HIGH,Freezes drop center with look-away pocket pass,None noted,analyst_1,1.0
OBS_1299,worldcup_2019_SRB_bogdan_bogdanovic_1992,bogdan_bogdanovic_1992,ANON_1583,ANON_8314 (Bogdan Bogdanović),TIER_C_BLIND,worldcup_2019,worldcup_2019_SRB_G2,2019-09-08,1,,,Possession indexed by quarter and action context; video timestamps left NULL per protocol,Half-court offensive set vs Drop coverage,catch_and_shoot,shooting,YES,4,HIGH,Fluid catch-and-shoot mechanics without dip,None noted,analyst_1,1.0
OBS_1299_DOUBLE,worldcup_2019_SRB_bogdan_bogdanovic_1992,bogdan_bogdanovic_1992,ANON_1583,ANON_8314 (Bogdan Bogdanović),TIER_C_BLIND,worldcup_2019,worldcup_2019_SRB_G2,2019-09-08,1,,,Possession indexed by quarter and action context; video timestamps left NULL per protocol,Half-court offensive set vs Drop coverage,catch_and_shoot,shooting,YES,4,HIGH,Independent verification by Senior Scout: Fluid catch-and-shoot mechanics without dip,None noted,analyst_2,1.0
OBS_1300,worldcup_2019_SRB_bogdan_bogdanovic_1992,bogdan_bogdanovic_1992,ANON_1583,ANON_8314 (Bogdan Bogdanović),TIER_C_BLIND,worldcup_2019,worldcup_2019_SRB_G2,2019-09-08,2,,,Possession indexed by quarter and action context; video timestamps left NULL per protocol,Half-court offensive set vs Switch coverage,movement_shooting,shooting,YES,3,HIGH,Maintains vertical balance on curl,None noted,analyst_1,1.0
OBS_1301,worldcup_2019_SRB_bogdan_bogdanovic_1992,bogdan_bogdanovic_1992,ANON_1583,ANON_8314 (Bogdan Bogdanović),TIER_C_BLIND,worldcup_2019,worldcup_2019_SRB_G2,2019-09-08,3,,,Possession indexed by quarter and action context; video timestamps left NULL per protocol,Half-court offensive set vs Drop coverage,pick_and_pop_depth,spacing,YES,3,HIGH,Spaces cleanly to 7.0m creating paint opening,None noted,analyst_1,1.0
OBS_1302,worldcup_2019_SRB_bogdan_bogdanovic_1992,bogdan_bogdanovic_1992,ANON_1583,ANON_8314 (Bogdan Bogdanović),TIER_C_BLIND,worldcup_2019,worldcup_2019_SRB_G2,2019-09-08,4,,,Possession indexed by quarter and action context; video timestamps left NULL per protocol,Half-court offensive set vs Switch coverage,corner_spacing,spacing,YES,3,HIGH,Prevents weak-side help from digging,None noted,analyst_1,1.0
OBS_1303,worldcup_2019_SRB_bogdan_bogdanovic_1992,bogdan_bogdanovic_1992,ANON_1583,ANON_8314 (Bogdan Bogdanović),TIER_C_BLIND,worldcup_2019,worldcup_2019_SRB_G3,2019-09-08,1,,,Possession indexed by quarter and action context; video timestamps left NULL per protocol,Half-court offensive set vs Drop coverage,screen_navigation,defense,MIXED,2,HIGH,Challenged by solid blind screens; recovers on trail,Execution variance observed under heavy defensive pressure,analyst_1,1.0
OBS_1303_DOUBLE,worldcup_2019_SRB_bogdan_bogdanovic_1992,bogdan_bogdanovic_1992,ANON_1583,ANON_8314 (Bogdan Bogdanović),TIER_C_BLIND,worldcup_2019,worldcup_2019_SRB_G3,2019-09-08,1,,,Possession indexed by quarter and action context; video timestamps left NULL per protocol,Half-court offensive set vs Drop coverage,screen_navigation,defense,MIXED,3,HIGH,Independent verification by Senior Scout: Challenged by solid blind screens; recovers on trail,None noted,analyst_2,1.0
OBS_1304,worldcup_2019_SRB_bogdan_bogdanovic_1992,bogdan_bogdanovic_1992,ANON_1583,ANON_8314 (Bogdan Bogdanović),TIER_C_BLIND,worldcup_2019,worldcup_2019_SRB_G3,2019-09-08,2,,,Possession indexed by quarter and action context; video timestamps left NULL per protocol,Half-court offensive set vs Switch coverage,point_of_attack_containment,defense,YES,3,HIGH,Slides feet cleanly to cut off baseline angle,None noted,analyst_1,1.0
OBS_1305,worldcup_2019_SRB_bogdan_bogdanovic_1992,bogdan_bogdanovic_1992,ANON_1583,ANON_8314 (Bogdan Bogdanović),TIER_C_BLIND,worldcup_2019,worldcup_2019_SRB_G3,2019-09-08,3,,,Possession indexed by quarter and action context; video timestamps left NULL per protocol,Half-court offensive set vs Drop coverage,extra_pass,decision_making,YES,4,HIGH,Makes one-more pass to wide open corner shooter,None noted,analyst_1,1.0
OBS_1306,worldcup_2019_SRB_bogdan_bogdanovic_1992,bogdan_bogdanovic_1992,ANON_1583,ANON_8314 (Bogdan Bogdanović),TIER_C_BLIND,worldcup_2019,worldcup_2019_SRB_G3,2019-09-08,4,,,Possession indexed by quarter and action context; video timestamps left NULL per protocol,Half-court offensive set vs Switch coverage,ball_security,decision_making,YES,3,HIGH,Two-handed secure pickup on gather,None noted,analyst_1,1.0
OBS_1307,worldcup_2019_SRB_bogdan_bogdanovic_1992,bogdan_bogdanovic_1992,ANON_1583,ANON_8314 (Bogdan Bogdanović),TIER_C_BLIND,worldcup_2019,worldcup_2019_SRB_G3,2019-09-08,1,,,Possession indexed by quarter and action context; video timestamps left NULL per protocol,Half-court offensive set vs Drop coverage,closeout_attack,creation,YES,3,HIGH,Explosive first step generates paint touch,None noted,analyst_1,1.0
OBS_1307_DOUBLE,worldcup_2019_SRB_bogdan_bogdanovic_1992,bogdan_bogdanovic_1992,ANON_1583,ANON_8314 (Bogdan Bogdanović),TIER_C_BLIND,worldcup_2019,worldcup_2019_SRB_G3,2019-09-08,1,,,Possession indexed by quarter and action context; video timestamps left NULL per protocol,Half-court offensive set vs Drop coverage,closeout_attack,creation,YES,3,HIGH,Independent verification by Senior Scout: Explosive first step generates paint touch,None noted,analyst_2,1.0
OBS_1308,worldcup_2019_SRB_bogdan_bogdanovic_1992,bogdan_bogdanovic_1992,ANON_1583,ANON_8314 (Bogdan Bogdanović),TIER_C_BLIND,worldcup_2019,worldcup_2019_SRB_G3,2019-09-08,2,,,Possession indexed by quarter and action context; video timestamps left NULL per protocol,Half-court offensive set vs Switch coverage,pnr_manipulation,creation,YES,4,HIGH,Freezes drop center with look-away pocket pass,None noted,analyst_1,1.0
OBS_1309,eurobasket_2017_SLO_luka_doncic_1999,luka_doncic_1999,ANON_0180,ANON_3041 (Luka Dončić),TIER_C_BLIND,eurobasket_2017,eurobasket_2017_SLO_G1,2022-09-14,1,,,Possession indexed by quarter and action context; video timestamps left NULL per protocol,Half-court offensive set vs Drop coverage,closeout_attack,creation,YES,3,HIGH,Explosive first step generates paint touch,None noted,analyst_1,1.0
OBS_1309_DOUBLE,eurobasket_2017_SLO_luka_doncic_1999,luka_doncic_1999,ANON_0180,ANON_3041 (Luka Dončić),TIER_C_BLIND,eurobasket_2017,eurobasket_2017_SLO_G1,2022-09-14,1,,,Possession indexed by quarter and action context; video timestamps left NULL per protocol,Half-court offensive set vs Drop coverage,closeout_attack,creation,YES,4,HIGH,Independent verification by Senior Scout: Explosive first step generates paint touch,None noted,analyst_2,1.0
OBS_1310,eurobasket_2017_SLO_luka_doncic_1999,luka_doncic_1999,ANON_0180,ANON_3041 (Luka Dončić),TIER_C_BLIND,eurobasket_2017,eurobasket_2017_SLO_G1,2022-09-14,2,,,Possession indexed by quarter and action context; video timestamps left NULL per protocol,Half-court offensive set vs Switch coverage,pnr_manipulation,creation,YES,4,HIGH,Freezes drop center with look-away pocket pass,None noted,analyst_1,1.0
OBS_1311,eurobasket_2017_SLO_luka_doncic_1999,luka_doncic_1999,ANON_0180,ANON_3041 (Luka Dončić),TIER_C_BLIND,eurobasket_2017,eurobasket_2017_SLO_G1,2022-09-14,3,,,Possession indexed by quarter and action context; video timestamps left NULL per protocol,Half-court offensive set vs Drop coverage,catch_and_shoot,shooting,YES,4,HIGH,Fluid catch-and-shoot mechanics without dip,None noted,analyst_1,1.0
OBS_1312,eurobasket_2017_SLO_luka_doncic_1999,luka_doncic_1999,ANON_0180,ANON_3041 (Luka Dončić),TIER_C_BLIND,eurobasket_2017,eurobasket_2017_SLO_G1,2022-09-14,4,,,Possession indexed by quarter and action context; video timestamps left NULL per protocol,Half-court offensive set vs Switch coverage,movement_shooting,shooting,YES,3,HIGH,Maintains vertical balance on curl,None noted,analyst_1,1.0
OBS_1313,eurobasket_2017_SLO_luka_doncic_1999,luka_doncic_1999,ANON_0180,ANON_3041 (Luka Dončić),TIER_C_BLIND,eurobasket_2017,eurobasket_2017_SLO_G1,2022-09-14,1,,,Possession indexed by quarter and action context; video timestamps left NULL per protocol,Half-court offensive set vs Drop coverage,pick_and_pop_depth,spacing,YES,3,HIGH,Spaces cleanly to 7.0m creating paint opening,None noted,analyst_1,1.0
OBS_1313_DOUBLE,eurobasket_2017_SLO_luka_doncic_1999,luka_doncic_1999,ANON_0180,ANON_3041 (Luka Dončić),TIER_C_BLIND,eurobasket_2017,eurobasket_2017_SLO_G1,2022-09-14,1,,,Possession indexed by quarter and action context; video timestamps left NULL per protocol,Half-court offensive set vs Drop coverage,pick_and_pop_depth,spacing,YES,3,HIGH,Independent verification by Senior Scout: Spaces cleanly to 7.0m creating paint opening,None noted,analyst_2,1.0
OBS_1314,eurobasket_2017_SLO_luka_doncic_1999,luka_doncic_1999,ANON_0180,ANON_3041 (Luka Dončić),TIER_C_BLIND,eurobasket_2017,eurobasket_2017_SLO_G1,2022-09-14,2,,,Possession indexed by quarter and action context; video timestamps left NULL per protocol,Half-court offensive set vs Switch coverage,corner_spacing,spacing,YES,3,HIGH,Prevents weak-side help from digging,None noted,analyst_1,1.0
OBS_1315,eurobasket_2017_SLO_luka_doncic_1999,luka_doncic_1999,ANON_0180,ANON_3041 (Luka Dončić),TIER_C_BLIND,eurobasket_2017,eurobasket_2017_SLO_G1,2022-09-14,3,,,Possession indexed by quarter and action context; video timestamps left NULL per protocol,Half-court offensive set vs Drop coverage,screen_navigation,defense,MIXED,2,HIGH,Challenged by solid blind screens; recovers on trail,Execution variance observed under heavy defensive pressure,analyst_1,1.0
OBS_1316,eurobasket_2017_SLO_luka_doncic_1999,luka_doncic_1999,ANON_0180,ANON_3041 (Luka Dončić),TIER_C_BLIND,eurobasket_2017,eurobasket_2017_SLO_G1,2022-09-14,4,,,Possession indexed by quarter and action context; video timestamps left NULL per protocol,Half-court offensive set vs Switch coverage,point_of_attack_containment,defense,YES,3,HIGH,Slides feet cleanly to cut off baseline angle,None noted,analyst_1,1.0
OBS_1317,eurobasket_2017_SLO_luka_doncic_1999,luka_doncic_1999,ANON_0180,ANON_3041 (Luka Dončić),TIER_C_BLIND,eurobasket_2017,eurobasket_2017_SLO_G2,2022-09-14,1,,,Possession indexed by quarter and action context; video timestamps left NULL per protocol,Half-court offensive set vs Drop coverage,extra_pass,decision_making,YES,4,HIGH,Makes one-more pass to wide open corner shooter,None noted,analyst_1,1.0
OBS_1317_DOUBLE,eurobasket_2017_SLO_luka_doncic_1999,luka_doncic_1999,ANON_0180,ANON_3041 (Luka Dončić),TIER_C_BLIND,eurobasket_2017,eurobasket_2017_SLO_G2,2022-09-14,1,,,Possession indexed by quarter and action context; video timestamps left NULL per protocol,Half-court offensive set vs Drop coverage,extra_pass,decision_making,YES,4,HIGH,Independent verification by Senior Scout: Makes one-more pass to wide open corner shooter,None noted,analyst_2,1.0
OBS_1318,eurobasket_2017_SLO_luka_doncic_1999,luka_doncic_1999,ANON_0180,ANON_3041 (Luka Dončić),TIER_C_BLIND,eurobasket_2017,eurobasket_2017_SLO_G2,2022-09-14,2,,,Possession indexed by quarter and action context; video timestamps left NULL per protocol,Half-court offensive set vs Switch coverage,ball_security,decision_making,YES,3,HIGH,Two-handed secure pickup on gather,None noted,analyst_1,1.0
OBS_1319,eurobasket_2017_SLO_luka_doncic_1999,luka_doncic_1999,ANON_0180,ANON_3041 (Luka Dončić),TIER_C_BLIND,eurobasket_2017,eurobasket_2017_SLO_G2,2022-09-14,3,,,Possession indexed by quarter and action context; video timestamps left NULL per protocol,Half-court offensive set vs Drop coverage,closeout_attack,creation,YES,3,HIGH,Explosive first step generates paint touch,None noted,analyst_1,1.0
OBS_1320,eurobasket_2017_SLO_luka_doncic_1999,luka_doncic_1999,ANON_0180,ANON_3041 (Luka Dončić),TIER_C_BLIND,eurobasket_2017,eurobasket_2017_SLO_G2,2022-09-14,4,,,Possession indexed by quarter and action context; video timestamps left NULL per protocol,Half-court offensive set vs Switch coverage,pnr_manipulation,creation,YES,4,HIGH,Freezes drop center with look-away pocket pass,None noted,analyst_1,1.0
OBS_1321,eurobasket_2017_SLO_luka_doncic_1999,luka_doncic_1999,ANON_0180,ANON_3041 (Luka Dončić),TIER_C_BLIND,eurobasket_2017,eurobasket_2017_SLO_G2,2022-09-14,1,,,Possession indexed by quarter and action context; video timestamps left NULL per protocol,Half-court offensive set vs Drop coverage,catch_and_shoot,shooting,YES,4,HIGH,Fluid catch-and-shoot mechanics without dip,None noted,analyst_1,1.0
OBS_1321_DOUBLE,eurobasket_2017_SLO_luka_doncic_1999,luka_doncic_1999,ANON_0180,ANON_3041 (Luka Dončić),TIER_C_BLIND,eurobasket_2017,eurobasket_2017_SLO_G2,2022-09-14,1,,,Possession indexed by quarter and action context; video timestamps left NULL per protocol,Half-court offensive set vs Drop coverage,catch_and_shoot,shooting,YES,4,HIGH,Independent verification by Senior Scout: Fluid catch-and-shoot mechanics without dip,None noted,analyst_2,1.0
OBS_1322,eurobasket_2017_SLO_luka_doncic_1999,luka_doncic_1999,ANON_0180,ANON_3041 (Luka Dončić),TIER_C_BLIND,eurobasket_2017,eurobasket_2017_SLO_G2,2022-09-14,2,,,Possession indexed by quarter and action context; video timestamps left NULL per protocol,Half-court offensive set vs Switch coverage,movement_shooting,shooting,YES,3,HIGH,Maintains vertical balance on curl,None noted,analyst_1,1.0
OBS_1323,eurobasket_2017_SLO_luka_doncic_1999,luka_doncic_1999,ANON_0180,ANON_3041 (Luka Dončić),TIER_C_BLIND,eurobasket_2017,eurobasket_2017_SLO_G2,2022-09-14,3,,,Possession indexed by quarter and action context; video timestamps left NULL per protocol,Half-court offensive set vs Drop coverage,pick_and_pop_depth,spacing,YES,3,HIGH,Spaces cleanly to 7.0m creating paint opening,None noted,analyst_1,1.0
OBS_1324,eurobasket_2017_SLO_luka_doncic_1999,luka_doncic_1999,ANON_0180,ANON_3041 (Luka Dončić),TIER_C_BLIND,eurobasket_2017,eurobasket_2017_SLO_G2,2022-09-14,4,,,Possession indexed by quarter and action context; video timestamps left NULL per protocol,Half-court offensive set vs Switch coverage,corner_spacing,spacing,YES,3,HIGH,Prevents weak-side help from digging,None noted,analyst_1,1.0
OBS_1325,eurobasket_2017_SLO_luka_doncic_1999,luka_doncic_1999,ANON_0180,ANON_3041 (Luka Dončić),TIER_C_BLIND,eurobasket_2017,eurobasket_2017_SLO_G3,2022-09-14,1,,,Possession indexed by quarter and action context; video timestamps left NULL per protocol,Half-court offensive set vs Drop coverage,screen_navigation,defense,MIXED,2,HIGH,Challenged by solid blind screens; recovers on trail,Execution variance observed under heavy defensive pressure,analyst_1,1.0
OBS_1325_DOUBLE,eurobasket_2017_SLO_luka_doncic_1999,luka_doncic_1999,ANON_0180,ANON_3041 (Luka Dončić),TIER_C_BLIND,eurobasket_2017,eurobasket_2017_SLO_G3,2022-09-14,1,,,Possession indexed by quarter and action context; video timestamps left NULL per protocol,Half-court offensive set vs Drop coverage,screen_navigation,defense,MIXED,3,HIGH,Independent verification by Senior Scout: Challenged by solid blind screens; recovers on trail,None noted,analyst_2,1.0
OBS_1326,eurobasket_2017_SLO_luka_doncic_1999,luka_doncic_1999,ANON_0180,ANON_3041 (Luka Dončić),TIER_C_BLIND,eurobasket_2017,eurobasket_2017_SLO_G3,2022-09-14,2,,,Possession indexed by quarter and action context; video timestamps left NULL per protocol,Half-court offensive set vs Switch coverage,point_of_attack_containment,defense,YES,3,HIGH,Slides feet cleanly to cut off baseline angle,None noted,analyst_1,1.0
OBS_1327,eurobasket_2017_SLO_luka_doncic_1999,luka_doncic_1999,ANON_0180,ANON_3041 (Luka Dončić),TIER_C_BLIND,eurobasket_2017,eurobasket_2017_SLO_G3,2022-09-14,3,,,Possession indexed by quarter and action context; video timestamps left NULL per protocol,Half-court offensive set vs Drop coverage,extra_pass,decision_making,YES,4,HIGH,Makes one-more pass to wide open corner shooter,None noted,analyst_1,1.0
OBS_1328,eurobasket_2017_SLO_luka_doncic_1999,luka_doncic_1999,ANON_0180,ANON_3041 (Luka Dončić),TIER_C_BLIND,eurobasket_2017,eurobasket_2017_SLO_G3,2022-09-14,4,,,Possession indexed by quarter and action context; video timestamps left NULL per protocol,Half-court offensive set vs Switch coverage,ball_security,decision_making,YES,3,HIGH,Two-handed secure pickup on gather,None noted,analyst_1,1.0
OBS_1329,eurobasket_2017_SLO_luka_doncic_1999,luka_doncic_1999,ANON_0180,ANON_3041 (Luka Dončić),TIER_C_BLIND,eurobasket_2017,eurobasket_2017_SLO_G3,2022-09-14,1,,,Possession indexed by quarter and action context; video timestamps left NULL per protocol,Half-court offensive set vs Drop coverage,closeout_attack,creation,YES,3,HIGH,Explosive first step generates paint touch,None noted,analyst_1,1.0
OBS_1329_DOUBLE,eurobasket_2017_SLO_luka_doncic_1999,luka_doncic_1999,ANON_0180,ANON_3041 (Luka Dončić),TIER_C_BLIND,eurobasket_2017,eurobasket_2017_SLO_G3,2022-09-14,1,,,Possession indexed by quarter and action context; video timestamps left NULL per protocol,Half-court offensive set vs Drop coverage,closeout_attack,creation,YES,3,HIGH,Independent verification by Senior Scout: Explosive first step generates paint touch,None noted,analyst_2,1.0
OBS_1330,eurobasket_2017_SLO_luka_doncic_1999,luka_doncic_1999,ANON_0180,ANON_3041 (Luka Dončić),TIER_C_BLIND,eurobasket_2017,eurobasket_2017_SLO_G3,2022-09-14,2,,,Possession indexed by quarter and action context; video timestamps left NULL per protocol,Half-court offensive set vs Switch coverage,pnr_manipulation,creation,YES,4,HIGH,Freezes drop center with look-away pocket pass,None noted,analyst_1,1.0
