fold_id,game_id,tournament_id,test_year,task_type,model_name,actual_target,predicted_value
Fold_01,worldcup_2006_ang_ger_103_108,worldcup_2006,2006,classification,Naive Baseline (50%),0.0,0.5
Fold_01,worldcup_2006_ang_nzl_95_73,worldcup_2006,2006,classification,Naive Baseline (50%),1.0,0.5
Fold_01,worldcup_2006_ang_pan_83_70,worldcup_2006,2006,classification,Naive Baseline (50%),1.0,0.5
Fold_01,worldcup_2006_arg_fra_80_70,worldcup_2006,2006,classification,Naive Baseline (50%),1.0,0.5
Fold_01,worldcup_2006_arg_nzl_79_62,worldcup_2006,2006,classification,Naive Baseline (50%),1.0,0.5
Fold_01,worldcup_2006_arg_tur_83_58,worldcup_2006,2006,classification,Naive Baseline (50%),1.0,0.5
Fold_01,worldcup_2006_arg_ven_96_54,worldcup_2006,2006,classification,Naive Baseline (50%),1.0,0.5
Fold_01,worldcup_2006_aus_ltu_57_78,worldcup_2006,2006,classification,Naive Baseline (50%),0.0,0.5
Fold_01,worldcup_2006_aus_qat_93_46,worldcup_2006,2006,classification,Naive Baseline (50%),1.0,0.5
Fold_01,worldcup_2006_aus_tur_68_76,worldcup_2006,2006,classification,Naive Baseline (50%),0.0,0.5
Fold_01,worldcup_2006_bra_aus_77_83,worldcup_2006,2006,classification,Naive Baseline (50%),0.0,0.5
Fold_01,worldcup_2006_bra_gre_80_91,worldcup_2006,2006,classification,Naive Baseline (50%),0.0,0.5
Fold_01,worldcup_2006_chn_ita_69_84,worldcup_2006,2006,classification,Naive Baseline (50%),0.0,0.5
Fold_01,worldcup_2006_esp_ang_93_83,worldcup_2006,2006,classification,Naive Baseline (50%),1.0,0.5
Fold_01,worldcup_2006_esp_arg_75_74,worldcup_2006,2006,classification,Naive Baseline (50%),1.0,0.5
Fold_01,worldcup_2006_esp_ltu_89_67,worldcup_2006,2006,classification,Naive Baseline (50%),1.0,0.5
Fold_01,worldcup_2006_esp_nzl_86_70,worldcup_2006,2006,classification,Naive Baseline (50%),1.0,0.5
Fold_01,worldcup_2006_esp_scg_87_75,worldcup_2006,2006,classification,Naive Baseline (50%),1.0,0.5
Fold_01,worldcup_2006_fra_ang_68_62,worldcup_2006,2006,classification,Naive Baseline (50%),1.0,0.5
Fold_01,worldcup_2006_fra_ger_75_73,worldcup_2006,2006,classification,Naive Baseline (50%),1.0,0.5
Fold_01,worldcup_2006_fra_ngr_64_53,worldcup_2006,2006,classification,Naive Baseline (50%),1.0,0.5
Fold_01,worldcup_2006_fra_scg_65_61,worldcup_2006,2006,classification,Naive Baseline (50%),1.0,0.5
Fold_01,worldcup_2006_fra_ven_81_61,worldcup_2006,2006,classification,Naive Baseline (50%),1.0,0.5
Fold_01,worldcup_2006_ger_esp_71_92,worldcup_2006,2006,classification,Naive Baseline (50%),0.0,0.5
Fold_01,worldcup_2006_ger_jpn_81_70,worldcup_2006,2006,classification,Naive Baseline (50%),1.0,0.5
Fold_01,worldcup_2006_ger_ngr_78_77,worldcup_2006,2006,classification,Naive Baseline (50%),1.0,0.5
Fold_01,worldcup_2006_gre_aus_72_69,worldcup_2006,2006,classification,Naive Baseline (50%),1.0,0.5
Fold_01,worldcup_2006_gre_chn_95_64,worldcup_2006,2006,classification,Naive Baseline (50%),1.0,0.5
Fold_01,worldcup_2006_gre_esp_47_70,worldcup_2006,2006,classification,Naive Baseline (50%),0.0,0.5
Fold_01,worldcup_2006_gre_fra_73_56,worldcup_2006,2006,classification,Naive Baseline (50%),1.0,0.5
Fold_01,worldcup_2006_gre_qat_84_64,worldcup_2006,2006,classification,Naive Baseline (50%),1.0,0.5
Fold_01,worldcup_2006_gre_tur_76_69,worldcup_2006,2006,classification,Naive Baseline (50%),1.0,0.5
Fold_01,worldcup_2006_gre_usa_101_95,worldcup_2006,2006,classification,Naive Baseline (50%),1.0,0.5
Fold_01,worldcup_2006_ita_ltu_68_71,worldcup_2006,2006,classification,Naive Baseline (50%),0.0,0.5
Fold_01,worldcup_2006_ita_pur_73_72,worldcup_2006,2006,classification,Naive Baseline (50%),1.0,0.5
Fold_01,worldcup_2006_ita_sen_64_56,worldcup_2006,2006,classification,Naive Baseline (50%),1.0,0.5
Fold_01,worldcup_2006_ita_slo_80_76,worldcup_2006,2006,classification,Naive Baseline (50%),1.0,0.5
Fold_01,worldcup_2006_jpn_ang_62_87,worldcup_2006,2006,classification,Naive Baseline (50%),0.0,0.5
Fold_01,worldcup_2006_jpn_esp_55_104,worldcup_2006,2006,classification,Naive Baseline (50%),0.0,0.5
Fold_01,worldcup_2006_jpn_pan_78_61,worldcup_2006,2006,classification,Naive Baseline (50%),1.0,0.5
Fold_01,worldcup_2006_lbn_arg_72_107,worldcup_2006,2006,classification,Naive Baseline (50%),0.0,0.5
Fold_01,worldcup_2006_lbn_fra_74_73,worldcup_2006,2006,classification,Naive Baseline (50%),1.0,0.5
Fold_01,worldcup_2006_lbn_ngr_72_95,worldcup_2006,2006,classification,Naive Baseline (50%),0.0,0.5
Fold_01,worldcup_2006_ltu_bra_79_74,worldcup_2006,2006,classification,Naive Baseline (50%),1.0,0.5
Fold_01,worldcup_2006_ltu_ger_77_62,worldcup_2006,2006,classification,Naive Baseline (50%),1.0,0.5
Fold_01,worldcup_2006_ltu_gre_76_81,worldcup_2006,2006,classification,Naive Baseline (50%),0.0,0.5
Fold_01,worldcup_2006_ltu_qat_106_65,worldcup_2006,2006,classification,Naive Baseline (50%),1.0,0.5
Fold_01,worldcup_2006_ltu_tur_84_95,worldcup_2006,2006,classification,Naive Baseline (50%),0.0,0.5
Fold_01,worldcup_2006_ngr_arg_64_98,worldcup_2006,2006,classification,Naive Baseline (50%),0.0,0.5
Fold_01,worldcup_2006_ngr_ven_77_84,worldcup_2006,2006,classification,Naive Baseline (50%),0.0,0.5
Fold_01,worldcup_2006_nzl_ger_56_80,worldcup_2006,2006,classification,Naive Baseline (50%),0.0,0.5
Fold_01,worldcup_2006_nzl_jpn_60_57,worldcup_2006,2006,classification,Naive Baseline (50%),1.0,0.5
Fold_01,worldcup_2006_nzl_pan_86_75,worldcup_2006,2006,classification,Naive Baseline (50%),1.0,0.5
Fold_01,worldcup_2006_pan_esp_57_101,worldcup_2006,2006,classification,Naive Baseline (50%),0.0,0.5
Fold_01,worldcup_2006_pan_ger_63_81,worldcup_2006,2006,classification,Naive Baseline (50%),0.0,0.5
Fold_01,worldcup_2006_pur_chn_90_87,worldcup_2006,2006,classification,Naive Baseline (50%),1.0,0.5
Fold_01,worldcup_2006_pur_slo_82_90,worldcup_2006,2006,classification,Naive Baseline (50%),0.0,0.5
Fold_01,worldcup_2006_pur_usa_100_111,worldcup_2006,2006,classification,Naive Baseline (50%),0.0,0.5
Fold_01,worldcup_2006_qat_bra_66_97,worldcup_2006,2006,classification,Naive Baseline (50%),0.0,0.5
Fold_01,worldcup_2006_qat_tur_69_76,worldcup_2006,2006,classification,Naive Baseline (50%),0.0,0.5
Fold_01,worldcup_2006_scg_arg_79_83,worldcup_2006,2006,classification,Naive Baseline (50%),0.0,0.5
Fold_01,worldcup_2006_scg_lbn_104_57,worldcup_2006,2006,classification,Naive Baseline (50%),1.0,0.5
Fold_01,worldcup_2006_scg_ngr_75_82,worldcup_2006,2006,classification,Naive Baseline (50%),0.0,0.5
Fold_01,worldcup_2006_sen_chn_83_100,worldcup_2006,2006,classification,Naive Baseline (50%),0.0,0.5
Fold_01,worldcup_2006_sen_pur_79_88,worldcup_2006,2006,classification,Naive Baseline (50%),0.0,0.5
Fold_01,worldcup_2006_slo_chn_77_78,worldcup_2006,2006,classification,Naive Baseline (50%),0.0,0.5
Fold_01,worldcup_2006_slo_sen_96_79,worldcup_2006,2006,classification,Naive Baseline (50%),1.0,0.5
Fold_01,worldcup_2006_slo_usa_95_114,worldcup_2006,2006,classification,Naive Baseline (50%),0.0,0.5
Fold_01,worldcup_2006_tur_bra_73_71,worldcup_2006,2006,classification,Naive Baseline (50%),1.0,0.5
Fold_01,worldcup_2006_tur_fra_56_64,worldcup_2006,2006,classification,Naive Baseline (50%),0.0,0.5
Fold_01,worldcup_2006_tur_ltu_76_74,worldcup_2006,2006,classification,Naive Baseline (50%),1.0,0.5
Fold_01,worldcup_2006_tur_slo_90_84,worldcup_2006,2006,classification,Naive Baseline (50%),1.0,0.5
Fold_01,worldcup_2006_usa_arg_96_81,worldcup_2006,2006,classification,Naive Baseline (50%),1.0,0.5
Fold_01,worldcup_2006_usa_aus_113_73,worldcup_2006,2006,classification,Naive Baseline (50%),1.0,0.5
Fold_01,worldcup_2006_usa_chn_121_90,worldcup_2006,2006,classification,Naive Baseline (50%),1.0,0.5
Fold_01,worldcup_2006_usa_ger_85_65,worldcup_2006,2006,classification,Naive Baseline (50%),1.0,0.5
Fold_01,worldcup_2006_usa_ita_94_85,worldcup_2006,2006,classification,Naive Baseline (50%),1.0,0.5
Fold_01,worldcup_2006_usa_sen_103_58,worldcup_2006,2006,classification,Naive Baseline (50%),1.0,0.5
Fold_01,worldcup_2006_ven_lbn_72_82,worldcup_2006,2006,classification,Naive Baseline (50%),0.0,0.5
Fold_01,worldcup_2006_ven_scg_65_90,worldcup_2006,2006,classification,Naive Baseline (50%),0.0,0.5
Fold_01,worldcup_2006_ang_ger_103_108,worldcup_2006,2006,classification,Logistic Regression L2,0.0,0.5
Fold_01,worldcup_2006_ang_nzl_95_73,worldcup_2006,2006,classification,Logistic Regression L2,1.0,0.5
Fold_01,worldcup_2006_ang_pan_83_70,worldcup_2006,2006,classification,Logistic Regression L2,1.0,0.5
Fold_01,worldcup_2006_arg_fra_80_70,worldcup_2006,2006,classification,Logistic Regression L2,1.0,0.5
Fold_01,worldcup_2006_arg_nzl_79_62,worldcup_2006,2006,classification,Logistic Regression L2,1.0,0.5
Fold_01,worldcup_2006_arg_tur_83_58,worldcup_2006,2006,classification,Logistic Regression L2,1.0,0.5
Fold_01,worldcup_2006_arg_ven_96_54,worldcup_2006,2006,classification,Logistic Regression L2,1.0,0.5
Fold_01,worldcup_2006_aus_ltu_57_78,worldcup_2006,2006,classification,Logistic Regression L2,0.0,0.5
Fold_01,worldcup_2006_aus_qat_93_46,worldcup_2006,2006,classification,Logistic Regression L2,1.0,0.5
Fold_01,worldcup_2006_aus_tur_68_76,worldcup_2006,2006,classification,Logistic Regression L2,0.0,0.5
Fold_01,worldcup_2006_bra_aus_77_83,worldcup_2006,2006,classification,Logistic Regression L2,0.0,0.5
Fold_01,worldcup_2006_bra_gre_80_91,worldcup_2006,2006,classification,Logistic Regression L2,0.0,0.5
Fold_01,worldcup_2006_chn_ita_69_84,worldcup_2006,2006,classification,Logistic Regression L2,0.0,0.5
Fold_01,worldcup_2006_esp_ang_93_83,worldcup_2006,2006,classification,Logistic Regression L2,1.0,0.5
Fold_01,worldcup_2006_esp_arg_75_74,worldcup_2006,2006,classification,Logistic Regression L2,1.0,0.5
Fold_01,worldcup_2006_esp_ltu_89_67,worldcup_2006,2006,classification,Logistic Regression L2,1.0,0.5
Fold_01,worldcup_2006_esp_nzl_86_70,worldcup_2006,2006,classification,Logistic Regression L2,1.0,0.5
Fold_01,worldcup_2006_esp_scg_87_75,worldcup_2006,2006,classification,Logistic Regression L2,1.0,0.5
Fold_01,worldcup_2006_fra_ang_68_62,worldcup_2006,2006,classification,Logistic Regression L2,1.0,0.5
Fold_01,worldcup_2006_fra_ger_75_73,worldcup_2006,2006,classification,Logistic Regression L2,1.0,0.5
Fold_01,worldcup_2006_fra_ngr_64_53,worldcup_2006,2006,classification,Logistic Regression L2,1.0,0.5
Fold_01,worldcup_2006_fra_scg_65_61,worldcup_2006,2006,classification,Logistic Regression L2,1.0,0.5
Fold_01,worldcup_2006_fra_ven_81_61,worldcup_2006,2006,classification,Logistic Regression L2,1.0,0.5
Fold_01,worldcup_2006_ger_esp_71_92,worldcup_2006,2006,classification,Logistic Regression L2,0.0,0.5
Fold_01,worldcup_2006_ger_jpn_81_70,worldcup_2006,2006,classification,Logistic Regression L2,1.0,0.5
Fold_01,worldcup_2006_ger_ngr_78_77,worldcup_2006,2006,classification,Logistic Regression L2,1.0,0.5
Fold_01,worldcup_2006_gre_aus_72_69,worldcup_2006,2006,classification,Logistic Regression L2,1.0,0.5
Fold_01,worldcup_2006_gre_chn_95_64,worldcup_2006,2006,classification,Logistic Regression L2,1.0,0.5
Fold_01,worldcup_2006_gre_esp_47_70,worldcup_2006,2006,classification,Logistic Regression L2,0.0,0.5
Fold_01,worldcup_2006_gre_fra_73_56,worldcup_2006,2006,classification,Logistic Regression L2,1.0,0.5
Fold_01,worldcup_2006_gre_qat_84_64,worldcup_2006,2006,classification,Logistic Regression L2,1.0,0.5
Fold_01,worldcup_2006_gre_tur_76_69,worldcup_2006,2006,classification,Logistic Regression L2,1.0,0.5
Fold_01,worldcup_2006_gre_usa_101_95,worldcup_2006,2006,classification,Logistic Regression L2,1.0,0.5
Fold_01,worldcup_2006_ita_ltu_68_71,worldcup_2006,2006,classification,Logistic Regression L2,0.0,0.5
Fold_01,worldcup_2006_ita_pur_73_72,worldcup_2006,2006,classification,Logistic Regression L2,1.0,0.5
Fold_01,worldcup_2006_ita_sen_64_56,worldcup_2006,2006,classification,Logistic Regression L2,1.0,0.5
Fold_01,worldcup_2006_ita_slo_80_76,worldcup_2006,2006,classification,Logistic Regression L2,1.0,0.5
Fold_01,worldcup_2006_jpn_ang_62_87,worldcup_2006,2006,classification,Logistic Regression L2,0.0,0.5
Fold_01,worldcup_2006_jpn_esp_55_104,worldcup_2006,2006,classification,Logistic Regression L2,0.0,0.5
Fold_01,worldcup_2006_jpn_pan_78_61,worldcup_2006,2006,classification,Logistic Regression L2,1.0,0.5
Fold_01,worldcup_2006_lbn_arg_72_107,worldcup_2006,2006,classification,Logistic Regression L2,0.0,0.5
Fold_01,worldcup_2006_lbn_fra_74_73,worldcup_2006,2006,classification,Logistic Regression L2,1.0,0.5
Fold_01,worldcup_2006_lbn_ngr_72_95,worldcup_2006,2006,classification,Logistic Regression L2,0.0,0.5
Fold_01,worldcup_2006_ltu_bra_79_74,worldcup_2006,2006,classification,Logistic Regression L2,1.0,0.5
Fold_01,worldcup_2006_ltu_ger_77_62,worldcup_2006,2006,classification,Logistic Regression L2,1.0,0.5
Fold_01,worldcup_2006_ltu_gre_76_81,worldcup_2006,2006,classification,Logistic Regression L2,0.0,0.5
Fold_01,worldcup_2006_ltu_qat_106_65,worldcup_2006,2006,classification,Logistic Regression L2,1.0,0.5
Fold_01,worldcup_2006_ltu_tur_84_95,worldcup_2006,2006,classification,Logistic Regression L2,0.0,0.5
Fold_01,worldcup_2006_ngr_arg_64_98,worldcup_2006,2006,classification,Logistic Regression L2,0.0,0.5
Fold_01,worldcup_2006_ngr_ven_77_84,worldcup_2006,2006,classification,Logistic Regression L2,0.0,0.5
Fold_01,worldcup_2006_nzl_ger_56_80,worldcup_2006,2006,classification,Logistic Regression L2,0.0,0.5
Fold_01,worldcup_2006_nzl_jpn_60_57,worldcup_2006,2006,classification,Logistic Regression L2,1.0,0.5
Fold_01,worldcup_2006_nzl_pan_86_75,worldcup_2006,2006,classification,Logistic Regression L2,1.0,0.5
Fold_01,worldcup_2006_pan_esp_57_101,worldcup_2006,2006,classification,Logistic Regression L2,0.0,0.5
Fold_01,worldcup_2006_pan_ger_63_81,worldcup_2006,2006,classification,Logistic Regression L2,0.0,0.5
Fold_01,worldcup_2006_pur_chn_90_87,worldcup_2006,2006,classification,Logistic Regression L2,1.0,0.5
Fold_01,worldcup_2006_pur_slo_82_90,worldcup_2006,2006,classification,Logistic Regression L2,0.0,0.5
Fold_01,worldcup_2006_pur_usa_100_111,worldcup_2006,2006,classification,Logistic Regression L2,0.0,0.5
Fold_01,worldcup_2006_qat_bra_66_97,worldcup_2006,2006,classification,Logistic Regression L2,0.0,0.5
Fold_01,worldcup_2006_qat_tur_69_76,worldcup_2006,2006,classification,Logistic Regression L2,0.0,0.5
Fold_01,worldcup_2006_scg_arg_79_83,worldcup_2006,2006,classification,Logistic Regression L2,0.0,0.5
Fold_01,worldcup_2006_scg_lbn_104_57,worldcup_2006,2006,classification,Logistic Regression L2,1.0,0.5
Fold_01,worldcup_2006_scg_ngr_75_82,worldcup_2006,2006,classification,Logistic Regression L2,0.0,0.5
Fold_01,worldcup_2006_sen_chn_83_100,worldcup_2006,2006,classification,Logistic Regression L2,0.0,0.5
Fold_01,worldcup_2006_sen_pur_79_88,worldcup_2006,2006,classification,Logistic Regression L2,0.0,0.5
Fold_01,worldcup_2006_slo_chn_77_78,worldcup_2006,2006,classification,Logistic Regression L2,0.0,0.5
Fold_01,worldcup_2006_slo_sen_96_79,worldcup_2006,2006,classification,Logistic Regression L2,1.0,0.5
Fold_01,worldcup_2006_slo_usa_95_114,worldcup_2006,2006,classification,Logistic Regression L2,0.0,0.5
Fold_01,worldcup_2006_tur_bra_73_71,worldcup_2006,2006,classification,Logistic Regression L2,1.0,0.5
Fold_01,worldcup_2006_tur_fra_56_64,worldcup_2006,2006,classification,Logistic Regression L2,0.0,0.5
Fold_01,worldcup_2006_tur_ltu_76_74,worldcup_2006,2006,classification,Logistic Regression L2,1.0,0.5
Fold_01,worldcup_2006_tur_slo_90_84,worldcup_2006,2006,classification,Logistic Regression L2,1.0,0.5
Fold_01,worldcup_2006_usa_arg_96_81,worldcup_2006,2006,classification,Logistic Regression L2,1.0,0.5
Fold_01,worldcup_2006_usa_aus_113_73,worldcup_2006,2006,classification,Logistic Regression L2,1.0,0.5
Fold_01,worldcup_2006_usa_chn_121_90,worldcup_2006,2006,classification,Logistic Regression L2,1.0,0.5
Fold_01,worldcup_2006_usa_ger_85_65,worldcup_2006,2006,classification,Logistic Regression L2,1.0,0.5
Fold_01,worldcup_2006_usa_ita_94_85,worldcup_2006,2006,classification,Logistic Regression L2,1.0,0.5
Fold_01,worldcup_2006_usa_sen_103_58,worldcup_2006,2006,classification,Logistic Regression L2,1.0,0.5
Fold_01,worldcup_2006_ven_lbn_72_82,worldcup_2006,2006,classification,Logistic Regression L2,0.0,0.5
Fold_01,worldcup_2006_ven_scg_65_90,worldcup_2006,2006,classification,Logistic Regression L2,0.0,0.5
Fold_01,worldcup_2006_ang_ger_103_108,worldcup_2006,2006,classification,ElasticNet Classifier,0.0,0.6286
Fold_01,worldcup_2006_ang_nzl_95_73,worldcup_2006,2006,classification,ElasticNet Classifier,1.0,0.6286
Fold_01,worldcup_2006_ang_pan_83_70,worldcup_2006,2006,classification,ElasticNet Classifier,1.0,0.6286
Fold_01,worldcup_2006_arg_fra_80_70,worldcup_2006,2006,classification,ElasticNet Classifier,1.0,0.6286
Fold_01,worldcup_2006_arg_nzl_79_62,worldcup_2006,2006,classification,ElasticNet Classifier,1.0,0.6286
Fold_01,worldcup_2006_arg_tur_83_58,worldcup_2006,2006,classification,ElasticNet Classifier,1.0,0.6286
Fold_01,worldcup_2006_arg_ven_96_54,worldcup_2006,2006,classification,ElasticNet Classifier,1.0,0.6286
Fold_01,worldcup_2006_aus_ltu_57_78,worldcup_2006,2006,classification,ElasticNet Classifier,0.0,0.6286
Fold_01,worldcup_2006_aus_qat_93_46,worldcup_2006,2006,classification,ElasticNet Classifier,1.0,0.6286
Fold_01,worldcup_2006_aus_tur_68_76,worldcup_2006,2006,classification,ElasticNet Classifier,0.0,0.6286
Fold_01,worldcup_2006_bra_aus_77_83,worldcup_2006,2006,classification,ElasticNet Classifier,0.0,0.6286
Fold_01,worldcup_2006_bra_gre_80_91,worldcup_2006,2006,classification,ElasticNet Classifier,0.0,0.6286
Fold_01,worldcup_2006_chn_ita_69_84,worldcup_2006,2006,classification,ElasticNet Classifier,0.0,0.6286
Fold_01,worldcup_2006_esp_ang_93_83,worldcup_2006,2006,classification,ElasticNet Classifier,1.0,0.6286
Fold_01,worldcup_2006_esp_arg_75_74,worldcup_2006,2006,classification,ElasticNet Classifier,1.0,0.6286
Fold_01,worldcup_2006_esp_ltu_89_67,worldcup_2006,2006,classification,ElasticNet Classifier,1.0,0.6286
Fold_01,worldcup_2006_esp_nzl_86_70,worldcup_2006,2006,classification,ElasticNet Classifier,1.0,0.6286
Fold_01,worldcup_2006_esp_scg_87_75,worldcup_2006,2006,classification,ElasticNet Classifier,1.0,0.6286
Fold_01,worldcup_2006_fra_ang_68_62,worldcup_2006,2006,classification,ElasticNet Classifier,1.0,0.6286
Fold_01,worldcup_2006_fra_ger_75_73,worldcup_2006,2006,classification,ElasticNet Classifier,1.0,0.6286
Fold_01,worldcup_2006_fra_ngr_64_53,worldcup_2006,2006,classification,ElasticNet Classifier,1.0,0.6286
Fold_01,worldcup_2006_fra_scg_65_61,worldcup_2006,2006,classification,ElasticNet Classifier,1.0,0.6286
Fold_01,worldcup_2006_fra_ven_81_61,worldcup_2006,2006,classification,ElasticNet Classifier,1.0,0.6286
Fold_01,worldcup_2006_ger_esp_71_92,worldcup_2006,2006,classification,ElasticNet Classifier,0.0,0.6286
Fold_01,worldcup_2006_ger_jpn_81_70,worldcup_2006,2006,classification,ElasticNet Classifier,1.0,0.6286
Fold_01,worldcup_2006_ger_ngr_78_77,worldcup_2006,2006,classification,ElasticNet Classifier,1.0,0.6286
Fold_01,worldcup_2006_gre_aus_72_69,worldcup_2006,2006,classification,ElasticNet Classifier,1.0,0.6286
Fold_01,worldcup_2006_gre_chn_95_64,worldcup_2006,2006,classification,ElasticNet Classifier,1.0,0.6286
Fold_01,worldcup_2006_gre_esp_47_70,worldcup_2006,2006,classification,ElasticNet Classifier,0.0,0.6286
Fold_01,worldcup_2006_gre_fra_73_56,worldcup_2006,2006,classification,ElasticNet Classifier,1.0,0.6286
Fold_01,worldcup_2006_gre_qat_84_64,worldcup_2006,2006,classification,ElasticNet Classifier,1.0,0.6286
Fold_01,worldcup_2006_gre_tur_76_69,worldcup_2006,2006,classification,ElasticNet Classifier,1.0,0.6286
Fold_01,worldcup_2006_gre_usa_101_95,worldcup_2006,2006,classification,ElasticNet Classifier,1.0,0.6286
Fold_01,worldcup_2006_ita_ltu_68_71,worldcup_2006,2006,classification,ElasticNet Classifier,0.0,0.6286
Fold_01,worldcup_2006_ita_pur_73_72,worldcup_2006,2006,classification,ElasticNet Classifier,1.0,0.6286
Fold_01,worldcup_2006_ita_sen_64_56,worldcup_2006,2006,classification,ElasticNet Classifier,1.0,0.6286
Fold_01,worldcup_2006_ita_slo_80_76,worldcup_2006,2006,classification,ElasticNet Classifier,1.0,0.6286
Fold_01,worldcup_2006_jpn_ang_62_87,worldcup_2006,2006,classification,ElasticNet Classifier,0.0,0.6286
Fold_01,worldcup_2006_jpn_esp_55_104,worldcup_2006,2006,classification,ElasticNet Classifier,0.0,0.6286
Fold_01,worldcup_2006_jpn_pan_78_61,worldcup_2006,2006,classification,ElasticNet Classifier,1.0,0.6286
Fold_01,worldcup_2006_lbn_arg_72_107,worldcup_2006,2006,classification,ElasticNet Classifier,0.0,0.6286
Fold_01,worldcup_2006_lbn_fra_74_73,worldcup_2006,2006,classification,ElasticNet Classifier,1.0,0.6286
Fold_01,worldcup_2006_lbn_ngr_72_95,worldcup_2006,2006,classification,ElasticNet Classifier,0.0,0.6286
Fold_01,worldcup_2006_ltu_bra_79_74,worldcup_2006,2006,classification,ElasticNet Classifier,1.0,0.6286
Fold_01,worldcup_2006_ltu_ger_77_62,worldcup_2006,2006,classification,ElasticNet Classifier,1.0,0.6286
Fold_01,worldcup_2006_ltu_gre_76_81,worldcup_2006,2006,classification,ElasticNet Classifier,0.0,0.6286
Fold_01,worldcup_2006_ltu_qat_106_65,worldcup_2006,2006,classification,ElasticNet Classifier,1.0,0.6286
Fold_01,worldcup_2006_ltu_tur_84_95,worldcup_2006,2006,classification,ElasticNet Classifier,0.0,0.6286
Fold_01,worldcup_2006_ngr_arg_64_98,worldcup_2006,2006,classification,ElasticNet Classifier,0.0,0.6286
Fold_01,worldcup_2006_ngr_ven_77_84,worldcup_2006,2006,classification,ElasticNet Classifier,0.0,0.6286
Fold_01,worldcup_2006_nzl_ger_56_80,worldcup_2006,2006,classification,ElasticNet Classifier,0.0,0.6286
Fold_01,worldcup_2006_nzl_jpn_60_57,worldcup_2006,2006,classification,ElasticNet Classifier,1.0,0.6286
Fold_01,worldcup_2006_nzl_pan_86_75,worldcup_2006,2006,classification,ElasticNet Classifier,1.0,0.6286
Fold_01,worldcup_2006_pan_esp_57_101,worldcup_2006,2006,classification,ElasticNet Classifier,0.0,0.6286
Fold_01,worldcup_2006_pan_ger_63_81,worldcup_2006,2006,classification,ElasticNet Classifier,0.0,0.6286
Fold_01,worldcup_2006_pur_chn_90_87,worldcup_2006,2006,classification,ElasticNet Classifier,1.0,0.6286
Fold_01,worldcup_2006_pur_slo_82_90,worldcup_2006,2006,classification,ElasticNet Classifier,0.0,0.6286
Fold_01,worldcup_2006_pur_usa_100_111,worldcup_2006,2006,classification,ElasticNet Classifier,0.0,0.6286
Fold_01,worldcup_2006_qat_bra_66_97,worldcup_2006,2006,classification,ElasticNet Classifier,0.0,0.6286
Fold_01,worldcup_2006_qat_tur_69_76,worldcup_2006,2006,classification,ElasticNet Classifier,0.0,0.6286
Fold_01,worldcup_2006_scg_arg_79_83,worldcup_2006,2006,classification,ElasticNet Classifier,0.0,0.6286
Fold_01,worldcup_2006_scg_lbn_104_57,worldcup_2006,2006,classification,ElasticNet Classifier,1.0,0.6286
Fold_01,worldcup_2006_scg_ngr_75_82,worldcup_2006,2006,classification,ElasticNet Classifier,0.0,0.6286
Fold_01,worldcup_2006_sen_chn_83_100,worldcup_2006,2006,classification,ElasticNet Classifier,0.0,0.6286
Fold_01,worldcup_2006_sen_pur_79_88,worldcup_2006,2006,classification,ElasticNet Classifier,0.0,0.6286
Fold_01,worldcup_2006_slo_chn_77_78,worldcup_2006,2006,classification,ElasticNet Classifier,0.0,0.6286
Fold_01,worldcup_2006_slo_sen_96_79,worldcup_2006,2006,classification,ElasticNet Classifier,1.0,0.6286
Fold_01,worldcup_2006_slo_usa_95_114,worldcup_2006,2006,classification,ElasticNet Classifier,0.0,0.6286
Fold_01,worldcup_2006_tur_bra_73_71,worldcup_2006,2006,classification,ElasticNet Classifier,1.0,0.6286
Fold_01,worldcup_2006_tur_fra_56_64,worldcup_2006,2006,classification,ElasticNet Classifier,0.0,0.6286
Fold_01,worldcup_2006_tur_ltu_76_74,worldcup_2006,2006,classification,ElasticNet Classifier,1.0,0.6286
Fold_01,worldcup_2006_tur_slo_90_84,worldcup_2006,2006,classification,ElasticNet Classifier,1.0,0.6286
Fold_01,worldcup_2006_usa_arg_96_81,worldcup_2006,2006,classification,ElasticNet Classifier,1.0,0.6286
Fold_01,worldcup_2006_usa_aus_113_73,worldcup_2006,2006,classification,ElasticNet Classifier,1.0,0.6286
Fold_01,worldcup_2006_usa_chn_121_90,worldcup_2006,2006,classification,ElasticNet Classifier,1.0,0.6286
Fold_01,worldcup_2006_usa_ger_85_65,worldcup_2006,2006,classification,ElasticNet Classifier,1.0,0.6286
Fold_01,worldcup_2006_usa_ita_94_85,worldcup_2006,2006,classification,ElasticNet Classifier,1.0,0.6286
Fold_01,worldcup_2006_usa_sen_103_58,worldcup_2006,2006,classification,ElasticNet Classifier,1.0,0.6286
Fold_01,worldcup_2006_ven_lbn_72_82,worldcup_2006,2006,classification,ElasticNet Classifier,0.0,0.6286
Fold_01,worldcup_2006_ven_scg_65_90,worldcup_2006,2006,classification,ElasticNet Classifier,0.0,0.6286
Fold_01,worldcup_2006_ang_ger_103_108,worldcup_2006,2006,classification,LightGBM Classifier,0.0,0.5
Fold_01,worldcup_2006_ang_nzl_95_73,worldcup_2006,2006,classification,LightGBM Classifier,1.0,0.5
Fold_01,worldcup_2006_ang_pan_83_70,worldcup_2006,2006,classification,LightGBM Classifier,1.0,0.5
Fold_01,worldcup_2006_arg_fra_80_70,worldcup_2006,2006,classification,LightGBM Classifier,1.0,0.5
Fold_01,worldcup_2006_arg_nzl_79_62,worldcup_2006,2006,classification,LightGBM Classifier,1.0,0.5
Fold_01,worldcup_2006_arg_tur_83_58,worldcup_2006,2006,classification,LightGBM Classifier,1.0,0.5
Fold_01,worldcup_2006_arg_ven_96_54,worldcup_2006,2006,classification,LightGBM Classifier,1.0,0.5
Fold_01,worldcup_2006_aus_ltu_57_78,worldcup_2006,2006,classification,LightGBM Classifier,0.0,0.5
Fold_01,worldcup_2006_aus_qat_93_46,worldcup_2006,2006,classification,LightGBM Classifier,1.0,0.5
Fold_01,worldcup_2006_aus_tur_68_76,worldcup_2006,2006,classification,LightGBM Classifier,0.0,0.5
Fold_01,worldcup_2006_bra_aus_77_83,worldcup_2006,2006,classification,LightGBM Classifier,0.0,0.5
Fold_01,worldcup_2006_bra_gre_80_91,worldcup_2006,2006,classification,LightGBM Classifier,0.0,0.5
Fold_01,worldcup_2006_chn_ita_69_84,worldcup_2006,2006,classification,LightGBM Classifier,0.0,0.5
Fold_01,worldcup_2006_esp_ang_93_83,worldcup_2006,2006,classification,LightGBM Classifier,1.0,0.5
Fold_01,worldcup_2006_esp_arg_75_74,worldcup_2006,2006,classification,LightGBM Classifier,1.0,0.5
Fold_01,worldcup_2006_esp_ltu_89_67,worldcup_2006,2006,classification,LightGBM Classifier,1.0,0.5
Fold_01,worldcup_2006_esp_nzl_86_70,worldcup_2006,2006,classification,LightGBM Classifier,1.0,0.5
Fold_01,worldcup_2006_esp_scg_87_75,worldcup_2006,2006,classification,LightGBM Classifier,1.0,0.5
Fold_01,worldcup_2006_fra_ang_68_62,worldcup_2006,2006,classification,LightGBM Classifier,1.0,0.5
Fold_01,worldcup_2006_fra_ger_75_73,worldcup_2006,2006,classification,LightGBM Classifier,1.0,0.5
Fold_01,worldcup_2006_fra_ngr_64_53,worldcup_2006,2006,classification,LightGBM Classifier,1.0,0.5
Fold_01,worldcup_2006_fra_scg_65_61,worldcup_2006,2006,classification,LightGBM Classifier,1.0,0.5
Fold_01,worldcup_2006_fra_ven_81_61,worldcup_2006,2006,classification,LightGBM Classifier,1.0,0.5
Fold_01,worldcup_2006_ger_esp_71_92,worldcup_2006,2006,classification,LightGBM Classifier,0.0,0.5
Fold_01,worldcup_2006_ger_jpn_81_70,worldcup_2006,2006,classification,LightGBM Classifier,1.0,0.5
Fold_01,worldcup_2006_ger_ngr_78_77,worldcup_2006,2006,classification,LightGBM Classifier,1.0,0.5
Fold_01,worldcup_2006_gre_aus_72_69,worldcup_2006,2006,classification,LightGBM Classifier,1.0,0.5
Fold_01,worldcup_2006_gre_chn_95_64,worldcup_2006,2006,classification,LightGBM Classifier,1.0,0.5
Fold_01,worldcup_2006_gre_esp_47_70,worldcup_2006,2006,classification,LightGBM Classifier,0.0,0.5
Fold_01,worldcup_2006_gre_fra_73_56,worldcup_2006,2006,classification,LightGBM Classifier,1.0,0.5
Fold_01,worldcup_2006_gre_qat_84_64,worldcup_2006,2006,classification,LightGBM Classifier,1.0,0.5
Fold_01,worldcup_2006_gre_tur_76_69,worldcup_2006,2006,classification,LightGBM Classifier,1.0,0.5
Fold_01,worldcup_2006_gre_usa_101_95,worldcup_2006,2006,classification,LightGBM Classifier,1.0,0.5
Fold_01,worldcup_2006_ita_ltu_68_71,worldcup_2006,2006,classification,LightGBM Classifier,0.0,0.5
Fold_01,worldcup_2006_ita_pur_73_72,worldcup_2006,2006,classification,LightGBM Classifier,1.0,0.5
Fold_01,worldcup_2006_ita_sen_64_56,worldcup_2006,2006,classification,LightGBM Classifier,1.0,0.5
Fold_01,worldcup_2006_ita_slo_80_76,worldcup_2006,2006,classification,LightGBM Classifier,1.0,0.5
Fold_01,worldcup_2006_jpn_ang_62_87,worldcup_2006,2006,classification,LightGBM Classifier,0.0,0.5
Fold_01,worldcup_2006_jpn_esp_55_104,worldcup_2006,2006,classification,LightGBM Classifier,0.0,0.5
Fold_01,worldcup_2006_jpn_pan_78_61,worldcup_2006,2006,classification,LightGBM Classifier,1.0,0.5
Fold_01,worldcup_2006_lbn_arg_72_107,worldcup_2006,2006,classification,LightGBM Classifier,0.0,0.5
Fold_01,worldcup_2006_lbn_fra_74_73,worldcup_2006,2006,classification,LightGBM Classifier,1.0,0.5
Fold_01,worldcup_2006_lbn_ngr_72_95,worldcup_2006,2006,classification,LightGBM Classifier,0.0,0.5
Fold_01,worldcup_2006_ltu_bra_79_74,worldcup_2006,2006,classification,LightGBM Classifier,1.0,0.5
Fold_01,worldcup_2006_ltu_ger_77_62,worldcup_2006,2006,classification,LightGBM Classifier,1.0,0.5
Fold_01,worldcup_2006_ltu_gre_76_81,worldcup_2006,2006,classification,LightGBM Classifier,0.0,0.5
Fold_01,worldcup_2006_ltu_qat_106_65,worldcup_2006,2006,classification,LightGBM Classifier,1.0,0.5
Fold_01,worldcup_2006_ltu_tur_84_95,worldcup_2006,2006,classification,LightGBM Classifier,0.0,0.5
Fold_01,worldcup_2006_ngr_arg_64_98,worldcup_2006,2006,classification,LightGBM Classifier,0.0,0.5
Fold_01,worldcup_2006_ngr_ven_77_84,worldcup_2006,2006,classification,LightGBM Classifier,0.0,0.5
Fold_01,worldcup_2006_nzl_ger_56_80,worldcup_2006,2006,classification,LightGBM Classifier,0.0,0.5
Fold_01,worldcup_2006_nzl_jpn_60_57,worldcup_2006,2006,classification,LightGBM Classifier,1.0,0.5
Fold_01,worldcup_2006_nzl_pan_86_75,worldcup_2006,2006,classification,LightGBM Classifier,1.0,0.5
Fold_01,worldcup_2006_pan_esp_57_101,worldcup_2006,2006,classification,LightGBM Classifier,0.0,0.5
Fold_01,worldcup_2006_pan_ger_63_81,worldcup_2006,2006,classification,LightGBM Classifier,0.0,0.5
Fold_01,worldcup_2006_pur_chn_90_87,worldcup_2006,2006,classification,LightGBM Classifier,1.0,0.5
Fold_01,worldcup_2006_pur_slo_82_90,worldcup_2006,2006,classification,LightGBM Classifier,0.0,0.5
Fold_01,worldcup_2006_pur_usa_100_111,worldcup_2006,2006,classification,LightGBM Classifier,0.0,0.5
Fold_01,worldcup_2006_qat_bra_66_97,worldcup_2006,2006,classification,LightGBM Classifier,0.0,0.5
Fold_01,worldcup_2006_qat_tur_69_76,worldcup_2006,2006,classification,LightGBM Classifier,0.0,0.5
Fold_01,worldcup_2006_scg_arg_79_83,worldcup_2006,2006,classification,LightGBM Classifier,0.0,0.5
Fold_01,worldcup_2006_scg_lbn_104_57,worldcup_2006,2006,classification,LightGBM Classifier,1.0,0.5
Fold_01,worldcup_2006_scg_ngr_75_82,worldcup_2006,2006,classification,LightGBM Classifier,0.0,0.5
Fold_01,worldcup_2006_sen_chn_83_100,worldcup_2006,2006,classification,LightGBM Classifier,0.0,0.5
Fold_01,worldcup_2006_sen_pur_79_88,worldcup_2006,2006,classification,LightGBM Classifier,0.0,0.5
Fold_01,worldcup_2006_slo_chn_77_78,worldcup_2006,2006,classification,LightGBM Classifier,0.0,0.5
Fold_01,worldcup_2006_slo_sen_96_79,worldcup_2006,2006,classification,LightGBM Classifier,1.0,0.5
Fold_01,worldcup_2006_slo_usa_95_114,worldcup_2006,2006,classification,LightGBM Classifier,0.0,0.5
Fold_01,worldcup_2006_tur_bra_73_71,worldcup_2006,2006,classification,LightGBM Classifier,1.0,0.5
Fold_01,worldcup_2006_tur_fra_56_64,worldcup_2006,2006,classification,LightGBM Classifier,0.0,0.5
Fold_01,worldcup_2006_tur_ltu_76_74,worldcup_2006,2006,classification,LightGBM Classifier,1.0,0.5
Fold_01,worldcup_2006_tur_slo_90_84,worldcup_2006,2006,classification,LightGBM Classifier,1.0,0.5
Fold_01,worldcup_2006_usa_arg_96_81,worldcup_2006,2006,classification,LightGBM Classifier,1.0,0.5
Fold_01,worldcup_2006_usa_aus_113_73,worldcup_2006,2006,classification,LightGBM Classifier,1.0,0.5
Fold_01,worldcup_2006_usa_chn_121_90,worldcup_2006,2006,classification,LightGBM Classifier,1.0,0.5
Fold_01,worldcup_2006_usa_ger_85_65,worldcup_2006,2006,classification,LightGBM Classifier,1.0,0.5
Fold_01,worldcup_2006_usa_ita_94_85,worldcup_2006,2006,classification,LightGBM Classifier,1.0,0.5
Fold_01,worldcup_2006_usa_sen_103_58,worldcup_2006,2006,classification,LightGBM Classifier,1.0,0.5
Fold_01,worldcup_2006_ven_lbn_72_82,worldcup_2006,2006,classification,LightGBM Classifier,0.0,0.5
Fold_01,worldcup_2006_ven_scg_65_90,worldcup_2006,2006,classification,LightGBM Classifier,0.0,0.5
Fold_01,worldcup_2006_ang_ger_103_108,worldcup_2006,2006,regression,Naive Margin (0.0 pts),-5.0,0.0
Fold_01,worldcup_2006_ang_nzl_95_73,worldcup_2006,2006,regression,Naive Margin (0.0 pts),22.0,0.0
Fold_01,worldcup_2006_ang_pan_83_70,worldcup_2006,2006,regression,Naive Margin (0.0 pts),13.0,0.0
Fold_01,worldcup_2006_arg_fra_80_70,worldcup_2006,2006,regression,Naive Margin (0.0 pts),10.0,0.0
Fold_01,worldcup_2006_arg_nzl_79_62,worldcup_2006,2006,regression,Naive Margin (0.0 pts),17.0,0.0
Fold_01,worldcup_2006_arg_tur_83_58,worldcup_2006,2006,regression,Naive Margin (0.0 pts),25.0,0.0
Fold_01,worldcup_2006_arg_ven_96_54,worldcup_2006,2006,regression,Naive Margin (0.0 pts),42.0,0.0
Fold_01,worldcup_2006_aus_ltu_57_78,worldcup_2006,2006,regression,Naive Margin (0.0 pts),-21.0,0.0
Fold_01,worldcup_2006_aus_qat_93_46,worldcup_2006,2006,regression,Naive Margin (0.0 pts),47.0,0.0
Fold_01,worldcup_2006_aus_tur_68_76,worldcup_2006,2006,regression,Naive Margin (0.0 pts),-8.0,0.0
Fold_01,worldcup_2006_bra_aus_77_83,worldcup_2006,2006,regression,Naive Margin (0.0 pts),-6.0,0.0
Fold_01,worldcup_2006_bra_gre_80_91,worldcup_2006,2006,regression,Naive Margin (0.0 pts),-11.0,0.0
Fold_01,worldcup_2006_chn_ita_69_84,worldcup_2006,2006,regression,Naive Margin (0.0 pts),-15.0,0.0
Fold_01,worldcup_2006_esp_ang_93_83,worldcup_2006,2006,regression,Naive Margin (0.0 pts),10.0,0.0
Fold_01,worldcup_2006_esp_arg_75_74,worldcup_2006,2006,regression,Naive Margin (0.0 pts),1.0,0.0
Fold_01,worldcup_2006_esp_ltu_89_67,worldcup_2006,2006,regression,Naive Margin (0.0 pts),22.0,0.0
Fold_01,worldcup_2006_esp_nzl_86_70,worldcup_2006,2006,regression,Naive Margin (0.0 pts),16.0,0.0
Fold_01,worldcup_2006_esp_scg_87_75,worldcup_2006,2006,regression,Naive Margin (0.0 pts),12.0,0.0
Fold_01,worldcup_2006_fra_ang_68_62,worldcup_2006,2006,regression,Naive Margin (0.0 pts),6.0,0.0
Fold_01,worldcup_2006_fra_ger_75_73,worldcup_2006,2006,regression,Naive Margin (0.0 pts),2.0,0.0
Fold_01,worldcup_2006_fra_ngr_64_53,worldcup_2006,2006,regression,Naive Margin (0.0 pts),11.0,0.0
Fold_01,worldcup_2006_fra_scg_65_61,worldcup_2006,2006,regression,Naive Margin (0.0 pts),4.0,0.0
Fold_01,worldcup_2006_fra_ven_81_61,worldcup_2006,2006,regression,Naive Margin (0.0 pts),20.0,0.0
Fold_01,worldcup_2006_ger_esp_71_92,worldcup_2006,2006,regression,Naive Margin (0.0 pts),-21.0,0.0
Fold_01,worldcup_2006_ger_jpn_81_70,worldcup_2006,2006,regression,Naive Margin (0.0 pts),11.0,0.0
Fold_01,worldcup_2006_ger_ngr_78_77,worldcup_2006,2006,regression,Naive Margin (0.0 pts),1.0,0.0
Fold_01,worldcup_2006_gre_aus_72_69,worldcup_2006,2006,regression,Naive Margin (0.0 pts),3.0,0.0
Fold_01,worldcup_2006_gre_chn_95_64,worldcup_2006,2006,regression,Naive Margin (0.0 pts),31.0,0.0
Fold_01,worldcup_2006_gre_esp_47_70,worldcup_2006,2006,regression,Naive Margin (0.0 pts),-23.0,0.0
Fold_01,worldcup_2006_gre_fra_73_56,worldcup_2006,2006,regression,Naive Margin (0.0 pts),17.0,0.0
Fold_01,worldcup_2006_gre_qat_84_64,worldcup_2006,2006,regression,Naive Margin (0.0 pts),20.0,0.0
Fold_01,worldcup_2006_gre_tur_76_69,worldcup_2006,2006,regression,Naive Margin (0.0 pts),7.0,0.0
Fold_01,worldcup_2006_gre_usa_101_95,worldcup_2006,2006,regression,Naive Margin (0.0 pts),6.0,0.0
Fold_01,worldcup_2006_ita_ltu_68_71,worldcup_2006,2006,regression,Naive Margin (0.0 pts),-3.0,0.0
Fold_01,worldcup_2006_ita_pur_73_72,worldcup_2006,2006,regression,Naive Margin (0.0 pts),1.0,0.0
Fold_01,worldcup_2006_ita_sen_64_56,worldcup_2006,2006,regression,Naive Margin (0.0 pts),8.0,0.0
Fold_01,worldcup_2006_ita_slo_80_76,worldcup_2006,2006,regression,Naive Margin (0.0 pts),4.0,0.0
Fold_01,worldcup_2006_jpn_ang_62_87,worldcup_2006,2006,regression,Naive Margin (0.0 pts),-25.0,0.0
Fold_01,worldcup_2006_jpn_esp_55_104,worldcup_2006,2006,regression,Naive Margin (0.0 pts),-49.0,0.0
Fold_01,worldcup_2006_jpn_pan_78_61,worldcup_2006,2006,regression,Naive Margin (0.0 pts),17.0,0.0
Fold_01,worldcup_2006_lbn_arg_72_107,worldcup_2006,2006,regression,Naive Margin (0.0 pts),-35.0,0.0
Fold_01,worldcup_2006_lbn_fra_74_73,worldcup_2006,2006,regression,Naive Margin (0.0 pts),1.0,0.0
Fold_01,worldcup_2006_lbn_ngr_72_95,worldcup_2006,2006,regression,Naive Margin (0.0 pts),-23.0,0.0
Fold_01,worldcup_2006_ltu_bra_79_74,worldcup_2006,2006,regression,Naive Margin (0.0 pts),5.0,0.0
Fold_01,worldcup_2006_ltu_ger_77_62,worldcup_2006,2006,regression,Naive Margin (0.0 pts),15.0,0.0
Fold_01,worldcup_2006_ltu_gre_76_81,worldcup_2006,2006,regression,Naive Margin (0.0 pts),-5.0,0.0
Fold_01,worldcup_2006_ltu_qat_106_65,worldcup_2006,2006,regression,Naive Margin (0.0 pts),41.0,0.0
Fold_01,worldcup_2006_ltu_tur_84_95,worldcup_2006,2006,regression,Naive Margin (0.0 pts),-11.0,0.0
Fold_01,worldcup_2006_ngr_arg_64_98,worldcup_2006,2006,regression,Naive Margin (0.0 pts),-34.0,0.0
Fold_01,worldcup_2006_ngr_ven_77_84,worldcup_2006,2006,regression,Naive Margin (0.0 pts),-7.0,0.0
Fold_01,worldcup_2006_nzl_ger_56_80,worldcup_2006,2006,regression,Naive Margin (0.0 pts),-24.0,0.0
Fold_01,worldcup_2006_nzl_jpn_60_57,worldcup_2006,2006,regression,Naive Margin (0.0 pts),3.0,0.0
Fold_01,worldcup_2006_nzl_pan_86_75,worldcup_2006,2006,regression,Naive Margin (0.0 pts),11.0,0.0
Fold_01,worldcup_2006_pan_esp_57_101,worldcup_2006,2006,regression,Naive Margin (0.0 pts),-44.0,0.0
Fold_01,worldcup_2006_pan_ger_63_81,worldcup_2006,2006,regression,Naive Margin (0.0 pts),-18.0,0.0
Fold_01,worldcup_2006_pur_chn_90_87,worldcup_2006,2006,regression,Naive Margin (0.0 pts),3.0,0.0
Fold_01,worldcup_2006_pur_slo_82_90,worldcup_2006,2006,regression,Naive Margin (0.0 pts),-8.0,0.0
Fold_01,worldcup_2006_pur_usa_100_111,worldcup_2006,2006,regression,Naive Margin (0.0 pts),-11.0,0.0
Fold_01,worldcup_2006_qat_bra_66_97,worldcup_2006,2006,regression,Naive Margin (0.0 pts),-31.0,0.0
Fold_01,worldcup_2006_qat_tur_69_76,worldcup_2006,2006,regression,Naive Margin (0.0 pts),-7.0,0.0
Fold_01,worldcup_2006_scg_arg_79_83,worldcup_2006,2006,regression,Naive Margin (0.0 pts),-4.0,0.0
Fold_01,worldcup_2006_scg_lbn_104_57,worldcup_2006,2006,regression,Naive Margin (0.0 pts),47.0,0.0
Fold_01,worldcup_2006_scg_ngr_75_82,worldcup_2006,2006,regression,Naive Margin (0.0 pts),-7.0,0.0
Fold_01,worldcup_2006_sen_chn_83_100,worldcup_2006,2006,regression,Naive Margin (0.0 pts),-17.0,0.0
Fold_01,worldcup_2006_sen_pur_79_88,worldcup_2006,2006,regression,Naive Margin (0.0 pts),-9.0,0.0
Fold_01,worldcup_2006_slo_chn_77_78,worldcup_2006,2006,regression,Naive Margin (0.0 pts),-1.0,0.0
Fold_01,worldcup_2006_slo_sen_96_79,worldcup_2006,2006,regression,Naive Margin (0.0 pts),17.0,0.0
Fold_01,worldcup_2006_slo_usa_95_114,worldcup_2006,2006,regression,Naive Margin (0.0 pts),-19.0,0.0
Fold_01,worldcup_2006_tur_bra_73_71,worldcup_2006,2006,regression,Naive Margin (0.0 pts),2.0,0.0
Fold_01,worldcup_2006_tur_fra_56_64,worldcup_2006,2006,regression,Naive Margin (0.0 pts),-8.0,0.0
Fold_01,worldcup_2006_tur_ltu_76_74,worldcup_2006,2006,regression,Naive Margin (0.0 pts),2.0,0.0
Fold_01,worldcup_2006_tur_slo_90_84,worldcup_2006,2006,regression,Naive Margin (0.0 pts),6.0,0.0
Fold_01,worldcup_2006_usa_arg_96_81,worldcup_2006,2006,regression,Naive Margin (0.0 pts),15.0,0.0
Fold_01,worldcup_2006_usa_aus_113_73,worldcup_2006,2006,regression,Naive Margin (0.0 pts),40.0,0.0
Fold_01,worldcup_2006_usa_chn_121_90,worldcup_2006,2006,regression,Naive Margin (0.0 pts),31.0,0.0
Fold_01,worldcup_2006_usa_ger_85_65,worldcup_2006,2006,regression,Naive Margin (0.0 pts),20.0,0.0
Fold_01,worldcup_2006_usa_ita_94_85,worldcup_2006,2006,regression,Naive Margin (0.0 pts),9.0,0.0
Fold_01,worldcup_2006_usa_sen_103_58,worldcup_2006,2006,regression,Naive Margin (0.0 pts),45.0,0.0
Fold_01,worldcup_2006_ven_lbn_72_82,worldcup_2006,2006,regression,Naive Margin (0.0 pts),-10.0,0.0
Fold_01,worldcup_2006_ven_scg_65_90,worldcup_2006,2006,regression,Naive Margin (0.0 pts),-25.0,0.0
Fold_01,worldcup_2006_ang_ger_103_108,worldcup_2006,2006,regression,Ridge Regressor,-5.0,-0.15
Fold_01,worldcup_2006_ang_nzl_95_73,worldcup_2006,2006,regression,Ridge Regressor,22.0,-0.15
Fold_01,worldcup_2006_ang_pan_83_70,worldcup_2006,2006,regression,Ridge Regressor,13.0,-0.15
Fold_01,worldcup_2006_arg_fra_80_70,worldcup_2006,2006,regression,Ridge Regressor,10.0,-0.15
Fold_01,worldcup_2006_arg_nzl_79_62,worldcup_2006,2006,regression,Ridge Regressor,17.0,-0.15
Fold_01,worldcup_2006_arg_tur_83_58,worldcup_2006,2006,regression,Ridge Regressor,25.0,-0.15
Fold_01,worldcup_2006_arg_ven_96_54,worldcup_2006,2006,regression,Ridge Regressor,42.0,-0.15
Fold_01,worldcup_2006_aus_ltu_57_78,worldcup_2006,2006,regression,Ridge Regressor,-21.0,-0.15
Fold_01,worldcup_2006_aus_qat_93_46,worldcup_2006,2006,regression,Ridge Regressor,47.0,-0.15
Fold_01,worldcup_2006_aus_tur_68_76,worldcup_2006,2006,regression,Ridge Regressor,-8.0,-0.15
Fold_01,worldcup_2006_bra_aus_77_83,worldcup_2006,2006,regression,Ridge Regressor,-6.0,-0.15
Fold_01,worldcup_2006_bra_gre_80_91,worldcup_2006,2006,regression,Ridge Regressor,-11.0,-0.15
Fold_01,worldcup_2006_chn_ita_69_84,worldcup_2006,2006,regression,Ridge Regressor,-15.0,-0.15
Fold_01,worldcup_2006_esp_ang_93_83,worldcup_2006,2006,regression,Ridge Regressor,10.0,-0.15
Fold_01,worldcup_2006_esp_arg_75_74,worldcup_2006,2006,regression,Ridge Regressor,1.0,-0.15
Fold_01,worldcup_2006_esp_ltu_89_67,worldcup_2006,2006,regression,Ridge Regressor,22.0,-0.15
Fold_01,worldcup_2006_esp_nzl_86_70,worldcup_2006,2006,regression,Ridge Regressor,16.0,-0.15
Fold_01,worldcup_2006_esp_scg_87_75,worldcup_2006,2006,regression,Ridge Regressor,12.0,-0.15
Fold_01,worldcup_2006_fra_ang_68_62,worldcup_2006,2006,regression,Ridge Regressor,6.0,-0.15
Fold_01,worldcup_2006_fra_ger_75_73,worldcup_2006,2006,regression,Ridge Regressor,2.0,-0.15
Fold_01,worldcup_2006_fra_ngr_64_53,worldcup_2006,2006,regression,Ridge Regressor,11.0,-0.15
Fold_01,worldcup_2006_fra_scg_65_61,worldcup_2006,2006,regression,Ridge Regressor,4.0,-0.15
Fold_01,worldcup_2006_fra_ven_81_61,worldcup_2006,2006,regression,Ridge Regressor,20.0,-0.15
Fold_01,worldcup_2006_ger_esp_71_92,worldcup_2006,2006,regression,Ridge Regressor,-21.0,-0.15
Fold_01,worldcup_2006_ger_jpn_81_70,worldcup_2006,2006,regression,Ridge Regressor,11.0,-0.15
Fold_01,worldcup_2006_ger_ngr_78_77,worldcup_2006,2006,regression,Ridge Regressor,1.0,-0.15
Fold_01,worldcup_2006_gre_aus_72_69,worldcup_2006,2006,regression,Ridge Regressor,3.0,-0.15
Fold_01,worldcup_2006_gre_chn_95_64,worldcup_2006,2006,regression,Ridge Regressor,31.0,-0.15
Fold_01,worldcup_2006_gre_esp_47_70,worldcup_2006,2006,regression,Ridge Regressor,-23.0,-0.15
Fold_01,worldcup_2006_gre_fra_73_56,worldcup_2006,2006,regression,Ridge Regressor,17.0,-0.15
Fold_01,worldcup_2006_gre_qat_84_64,worldcup_2006,2006,regression,Ridge Regressor,20.0,-0.15
Fold_01,worldcup_2006_gre_tur_76_69,worldcup_2006,2006,regression,Ridge Regressor,7.0,-0.15
Fold_01,worldcup_2006_gre_usa_101_95,worldcup_2006,2006,regression,Ridge Regressor,6.0,-0.15
Fold_01,worldcup_2006_ita_ltu_68_71,worldcup_2006,2006,regression,Ridge Regressor,-3.0,-0.15
Fold_01,worldcup_2006_ita_pur_73_72,worldcup_2006,2006,regression,Ridge Regressor,1.0,-0.15
Fold_01,worldcup_2006_ita_sen_64_56,worldcup_2006,2006,regression,Ridge Regressor,8.0,-0.15
Fold_01,worldcup_2006_ita_slo_80_76,worldcup_2006,2006,regression,Ridge Regressor,4.0,-0.15
Fold_01,worldcup_2006_jpn_ang_62_87,worldcup_2006,2006,regression,Ridge Regressor,-25.0,-0.15
Fold_01,worldcup_2006_jpn_esp_55_104,worldcup_2006,2006,regression,Ridge Regressor,-49.0,-0.15
Fold_01,worldcup_2006_jpn_pan_78_61,worldcup_2006,2006,regression,Ridge Regressor,17.0,-0.15
Fold_01,worldcup_2006_lbn_arg_72_107,worldcup_2006,2006,regression,Ridge Regressor,-35.0,-0.15
Fold_01,worldcup_2006_lbn_fra_74_73,worldcup_2006,2006,regression,Ridge Regressor,1.0,-0.15
Fold_01,worldcup_2006_lbn_ngr_72_95,worldcup_2006,2006,regression,Ridge Regressor,-23.0,-0.15
Fold_01,worldcup_2006_ltu_bra_79_74,worldcup_2006,2006,regression,Ridge Regressor,5.0,-0.15
Fold_01,worldcup_2006_ltu_ger_77_62,worldcup_2006,2006,regression,Ridge Regressor,15.0,-0.15
Fold_01,worldcup_2006_ltu_gre_76_81,worldcup_2006,2006,regression,Ridge Regressor,-5.0,-0.15
Fold_01,worldcup_2006_ltu_qat_106_65,worldcup_2006,2006,regression,Ridge Regressor,41.0,-0.15
Fold_01,worldcup_2006_ltu_tur_84_95,worldcup_2006,2006,regression,Ridge Regressor,-11.0,-0.15
Fold_01,worldcup_2006_ngr_arg_64_98,worldcup_2006,2006,regression,Ridge Regressor,-34.0,-0.15
Fold_01,worldcup_2006_ngr_ven_77_84,worldcup_2006,2006,regression,Ridge Regressor,-7.0,-0.15
Fold_01,worldcup_2006_nzl_ger_56_80,worldcup_2006,2006,regression,Ridge Regressor,-24.0,-0.15
Fold_01,worldcup_2006_nzl_jpn_60_57,worldcup_2006,2006,regression,Ridge Regressor,3.0,-0.15
Fold_01,worldcup_2006_nzl_pan_86_75,worldcup_2006,2006,regression,Ridge Regressor,11.0,-0.15
Fold_01,worldcup_2006_pan_esp_57_101,worldcup_2006,2006,regression,Ridge Regressor,-44.0,-0.15
Fold_01,worldcup_2006_pan_ger_63_81,worldcup_2006,2006,regression,Ridge Regressor,-18.0,-0.15
Fold_01,worldcup_2006_pur_chn_90_87,worldcup_2006,2006,regression,Ridge Regressor,3.0,-0.15
Fold_01,worldcup_2006_pur_slo_82_90,worldcup_2006,2006,regression,Ridge Regressor,-8.0,-0.15
Fold_01,worldcup_2006_pur_usa_100_111,worldcup_2006,2006,regression,Ridge Regressor,-11.0,-0.15
Fold_01,worldcup_2006_qat_bra_66_97,worldcup_2006,2006,regression,Ridge Regressor,-31.0,-0.15
Fold_01,worldcup_2006_qat_tur_69_76,worldcup_2006,2006,regression,Ridge Regressor,-7.0,-0.15
Fold_01,worldcup_2006_scg_arg_79_83,worldcup_2006,2006,regression,Ridge Regressor,-4.0,-0.15
Fold_01,worldcup_2006_scg_lbn_104_57,worldcup_2006,2006,regression,Ridge Regressor,47.0,-0.15
Fold_01,worldcup_2006_scg_ngr_75_82,worldcup_2006,2006,regression,Ridge Regressor,-7.0,-0.15
Fold_01,worldcup_2006_sen_chn_83_100,worldcup_2006,2006,regression,Ridge Regressor,-17.0,-0.15
Fold_01,worldcup_2006_sen_pur_79_88,worldcup_2006,2006,regression,Ridge Regressor,-9.0,-0.15
Fold_01,worldcup_2006_slo_chn_77_78,worldcup_2006,2006,regression,Ridge Regressor,-1.0,-0.15
Fold_01,worldcup_2006_slo_sen_96_79,worldcup_2006,2006,regression,Ridge Regressor,17.0,-0.15
Fold_01,worldcup_2006_slo_usa_95_114,worldcup_2006,2006,regression,Ridge Regressor,-19.0,-0.15
Fold_01,worldcup_2006_tur_bra_73_71,worldcup_2006,2006,regression,Ridge Regressor,2.0,-0.15
Fold_01,worldcup_2006_tur_fra_56_64,worldcup_2006,2006,regression,Ridge Regressor,-8.0,-0.15
Fold_01,worldcup_2006_tur_ltu_76_74,worldcup_2006,2006,regression,Ridge Regressor,2.0,-0.15
Fold_01,worldcup_2006_tur_slo_90_84,worldcup_2006,2006,regression,Ridge Regressor,6.0,-0.15
Fold_01,worldcup_2006_usa_arg_96_81,worldcup_2006,2006,regression,Ridge Regressor,15.0,-0.15
Fold_01,worldcup_2006_usa_aus_113_73,worldcup_2006,2006,regression,Ridge Regressor,40.0,-0.15
Fold_01,worldcup_2006_usa_chn_121_90,worldcup_2006,2006,regression,Ridge Regressor,31.0,-0.15
Fold_01,worldcup_2006_usa_ger_85_65,worldcup_2006,2006,regression,Ridge Regressor,20.0,-0.15
Fold_01,worldcup_2006_usa_ita_94_85,worldcup_2006,2006,regression,Ridge Regressor,9.0,-0.15
Fold_01,worldcup_2006_usa_sen_103_58,worldcup_2006,2006,regression,Ridge Regressor,45.0,-0.15
Fold_01,worldcup_2006_ven_lbn_72_82,worldcup_2006,2006,regression,Ridge Regressor,-10.0,-0.15
Fold_01,worldcup_2006_ven_scg_65_90,worldcup_2006,2006,regression,Ridge Regressor,-25.0,-0.15
Fold_01,worldcup_2006_ang_ger_103_108,worldcup_2006,2006,regression,ElasticNet Regressor,-5.0,-0.15
Fold_01,worldcup_2006_ang_nzl_95_73,worldcup_2006,2006,regression,ElasticNet Regressor,22.0,-0.15
Fold_01,worldcup_2006_ang_pan_83_70,worldcup_2006,2006,regression,ElasticNet Regressor,13.0,-0.15
Fold_01,worldcup_2006_arg_fra_80_70,worldcup_2006,2006,regression,ElasticNet Regressor,10.0,-0.15
Fold_01,worldcup_2006_arg_nzl_79_62,worldcup_2006,2006,regression,ElasticNet Regressor,17.0,-0.15
Fold_01,worldcup_2006_arg_tur_83_58,worldcup_2006,2006,regression,ElasticNet Regressor,25.0,-0.15
Fold_01,worldcup_2006_arg_ven_96_54,worldcup_2006,2006,regression,ElasticNet Regressor,42.0,-0.15
Fold_01,worldcup_2006_aus_ltu_57_78,worldcup_2006,2006,regression,ElasticNet Regressor,-21.0,-0.15
Fold_01,worldcup_2006_aus_qat_93_46,worldcup_2006,2006,regression,ElasticNet Regressor,47.0,-0.15
Fold_01,worldcup_2006_aus_tur_68_76,worldcup_2006,2006,regression,ElasticNet Regressor,-8.0,-0.15
Fold_01,worldcup_2006_bra_aus_77_83,worldcup_2006,2006,regression,ElasticNet Regressor,-6.0,-0.15
Fold_01,worldcup_2006_bra_gre_80_91,worldcup_2006,2006,regression,ElasticNet Regressor,-11.0,-0.15
Fold_01,worldcup_2006_chn_ita_69_84,worldcup_2006,2006,regression,ElasticNet Regressor,-15.0,-0.15
Fold_01,worldcup_2006_esp_ang_93_83,worldcup_2006,2006,regression,ElasticNet Regressor,10.0,-0.15
Fold_01,worldcup_2006_esp_arg_75_74,worldcup_2006,2006,regression,ElasticNet Regressor,1.0,-0.15
Fold_01,worldcup_2006_esp_ltu_89_67,worldcup_2006,2006,regression,ElasticNet Regressor,22.0,-0.15
Fold_01,worldcup_2006_esp_nzl_86_70,worldcup_2006,2006,regression,ElasticNet Regressor,16.0,-0.15
Fold_01,worldcup_2006_esp_scg_87_75,worldcup_2006,2006,regression,ElasticNet Regressor,12.0,-0.15
Fold_01,worldcup_2006_fra_ang_68_62,worldcup_2006,2006,regression,ElasticNet Regressor,6.0,-0.15
Fold_01,worldcup_2006_fra_ger_75_73,worldcup_2006,2006,regression,ElasticNet Regressor,2.0,-0.15
Fold_01,worldcup_2006_fra_ngr_64_53,worldcup_2006,2006,regression,ElasticNet Regressor,11.0,-0.15
Fold_01,worldcup_2006_fra_scg_65_61,worldcup_2006,2006,regression,ElasticNet Regressor,4.0,-0.15
Fold_01,worldcup_2006_fra_ven_81_61,worldcup_2006,2006,regression,ElasticNet Regressor,20.0,-0.15
Fold_01,worldcup_2006_ger_esp_71_92,worldcup_2006,2006,regression,ElasticNet Regressor,-21.0,-0.15
Fold_01,worldcup_2006_ger_jpn_81_70,worldcup_2006,2006,regression,ElasticNet Regressor,11.0,-0.15
Fold_01,worldcup_2006_ger_ngr_78_77,worldcup_2006,2006,regression,ElasticNet Regressor,1.0,-0.15
Fold_01,worldcup_2006_gre_aus_72_69,worldcup_2006,2006,regression,ElasticNet Regressor,3.0,-0.15
Fold_01,worldcup_2006_gre_chn_95_64,worldcup_2006,2006,regression,ElasticNet Regressor,31.0,-0.15
Fold_01,worldcup_2006_gre_esp_47_70,worldcup_2006,2006,regression,ElasticNet Regressor,-23.0,-0.15
Fold_01,worldcup_2006_gre_fra_73_56,worldcup_2006,2006,regression,ElasticNet Regressor,17.0,-0.15
Fold_01,worldcup_2006_gre_qat_84_64,worldcup_2006,2006,regression,ElasticNet Regressor,20.0,-0.15
Fold_01,worldcup_2006_gre_tur_76_69,worldcup_2006,2006,regression,ElasticNet Regressor,7.0,-0.15
Fold_01,worldcup_2006_gre_usa_101_95,worldcup_2006,2006,regression,ElasticNet Regressor,6.0,-0.15
Fold_01,worldcup_2006_ita_ltu_68_71,worldcup_2006,2006,regression,ElasticNet Regressor,-3.0,-0.15
Fold_01,worldcup_2006_ita_pur_73_72,worldcup_2006,2006,regression,ElasticNet Regressor,1.0,-0.15
Fold_01,worldcup_2006_ita_sen_64_56,worldcup_2006,2006,regression,ElasticNet Regressor,8.0,-0.15
Fold_01,worldcup_2006_ita_slo_80_76,worldcup_2006,2006,regression,ElasticNet Regressor,4.0,-0.15
Fold_01,worldcup_2006_jpn_ang_62_87,worldcup_2006,2006,regression,ElasticNet Regressor,-25.0,-0.15
Fold_01,worldcup_2006_jpn_esp_55_104,worldcup_2006,2006,regression,ElasticNet Regressor,-49.0,-0.15
Fold_01,worldcup_2006_jpn_pan_78_61,worldcup_2006,2006,regression,ElasticNet Regressor,17.0,-0.15
Fold_01,worldcup_2006_lbn_arg_72_107,worldcup_2006,2006,regression,ElasticNet Regressor,-35.0,-0.15
Fold_01,worldcup_2006_lbn_fra_74_73,worldcup_2006,2006,regression,ElasticNet Regressor,1.0,-0.15
Fold_01,worldcup_2006_lbn_ngr_72_95,worldcup_2006,2006,regression,ElasticNet Regressor,-23.0,-0.15
Fold_01,worldcup_2006_ltu_bra_79_74,worldcup_2006,2006,regression,ElasticNet Regressor,5.0,-0.15
Fold_01,worldcup_2006_ltu_ger_77_62,worldcup_2006,2006,regression,ElasticNet Regressor,15.0,-0.15
Fold_01,worldcup_2006_ltu_gre_76_81,worldcup_2006,2006,regression,ElasticNet Regressor,-5.0,-0.15
Fold_01,worldcup_2006_ltu_qat_106_65,worldcup_2006,2006,regression,ElasticNet Regressor,41.0,-0.15
Fold_01,worldcup_2006_ltu_tur_84_95,worldcup_2006,2006,regression,ElasticNet Regressor,-11.0,-0.15
Fold_01,worldcup_2006_ngr_arg_64_98,worldcup_2006,2006,regression,ElasticNet Regressor,-34.0,-0.15
Fold_01,worldcup_2006_ngr_ven_77_84,worldcup_2006,2006,regression,ElasticNet Regressor,-7.0,-0.15
Fold_01,worldcup_2006_nzl_ger_56_80,worldcup_2006,2006,regression,ElasticNet Regressor,-24.0,-0.15
Fold_01,worldcup_2006_nzl_jpn_60_57,worldcup_2006,2006,regression,ElasticNet Regressor,3.0,-0.15
Fold_01,worldcup_2006_nzl_pan_86_75,worldcup_2006,2006,regression,ElasticNet Regressor,11.0,-0.15
Fold_01,worldcup_2006_pan_esp_57_101,worldcup_2006,2006,regression,ElasticNet Regressor,-44.0,-0.15
Fold_01,worldcup_2006_pan_ger_63_81,worldcup_2006,2006,regression,ElasticNet Regressor,-18.0,-0.15
Fold_01,worldcup_2006_pur_chn_90_87,worldcup_2006,2006,regression,ElasticNet Regressor,3.0,-0.15
Fold_01,worldcup_2006_pur_slo_82_90,worldcup_2006,2006,regression,ElasticNet Regressor,-8.0,-0.15
Fold_01,worldcup_2006_pur_usa_100_111,worldcup_2006,2006,regression,ElasticNet Regressor,-11.0,-0.15
Fold_01,worldcup_2006_qat_bra_66_97,worldcup_2006,2006,regression,ElasticNet Regressor,-31.0,-0.15
Fold_01,worldcup_2006_qat_tur_69_76,worldcup_2006,2006,regression,ElasticNet Regressor,-7.0,-0.15
Fold_01,worldcup_2006_scg_arg_79_83,worldcup_2006,2006,regression,ElasticNet Regressor,-4.0,-0.15
Fold_01,worldcup_2006_scg_lbn_104_57,worldcup_2006,2006,regression,ElasticNet Regressor,47.0,-0.15
Fold_01,worldcup_2006_scg_ngr_75_82,worldcup_2006,2006,regression,ElasticNet Regressor,-7.0,-0.15
Fold_01,worldcup_2006_sen_chn_83_100,worldcup_2006,2006,regression,ElasticNet Regressor,-17.0,-0.15
Fold_01,worldcup_2006_sen_pur_79_88,worldcup_2006,2006,regression,ElasticNet Regressor,-9.0,-0.15
Fold_01,worldcup_2006_slo_chn_77_78,worldcup_2006,2006,regression,ElasticNet Regressor,-1.0,-0.15
Fold_01,worldcup_2006_slo_sen_96_79,worldcup_2006,2006,regression,ElasticNet Regressor,17.0,-0.15
Fold_01,worldcup_2006_slo_usa_95_114,worldcup_2006,2006,regression,ElasticNet Regressor,-19.0,-0.15
Fold_01,worldcup_2006_tur_bra_73_71,worldcup_2006,2006,regression,ElasticNet Regressor,2.0,-0.15
Fold_01,worldcup_2006_tur_fra_56_64,worldcup_2006,2006,regression,ElasticNet Regressor,-8.0,-0.15
Fold_01,worldcup_2006_tur_ltu_76_74,worldcup_2006,2006,regression,ElasticNet Regressor,2.0,-0.15
Fold_01,worldcup_2006_tur_slo_90_84,worldcup_2006,2006,regression,ElasticNet Regressor,6.0,-0.15
Fold_01,worldcup_2006_usa_arg_96_81,worldcup_2006,2006,regression,ElasticNet Regressor,15.0,-0.15
Fold_01,worldcup_2006_usa_aus_113_73,worldcup_2006,2006,regression,ElasticNet Regressor,40.0,-0.15
Fold_01,worldcup_2006_usa_chn_121_90,worldcup_2006,2006,regression,ElasticNet Regressor,31.0,-0.15
Fold_01,worldcup_2006_usa_ger_85_65,worldcup_2006,2006,regression,ElasticNet Regressor,20.0,-0.15
Fold_01,worldcup_2006_usa_ita_94_85,worldcup_2006,2006,regression,ElasticNet Regressor,9.0,-0.15
Fold_01,worldcup_2006_usa_sen_103_58,worldcup_2006,2006,regression,ElasticNet Regressor,45.0,-0.15
Fold_01,worldcup_2006_ven_lbn_72_82,worldcup_2006,2006,regression,ElasticNet Regressor,-10.0,-0.15
Fold_01,worldcup_2006_ven_scg_65_90,worldcup_2006,2006,regression,ElasticNet Regressor,-25.0,-0.15
Fold_01,worldcup_2006_ang_ger_103_108,worldcup_2006,2006,regression,LightGBM Regressor,-5.0,-0.15
Fold_01,worldcup_2006_ang_nzl_95_73,worldcup_2006,2006,regression,LightGBM Regressor,22.0,-0.15
Fold_01,worldcup_2006_ang_pan_83_70,worldcup_2006,2006,regression,LightGBM Regressor,13.0,-0.15
Fold_01,worldcup_2006_arg_fra_80_70,worldcup_2006,2006,regression,LightGBM Regressor,10.0,-0.15
Fold_01,worldcup_2006_arg_nzl_79_62,worldcup_2006,2006,regression,LightGBM Regressor,17.0,-0.15
Fold_01,worldcup_2006_arg_tur_83_58,worldcup_2006,2006,regression,LightGBM Regressor,25.0,-0.15
Fold_01,worldcup_2006_arg_ven_96_54,worldcup_2006,2006,regression,LightGBM Regressor,42.0,-0.15
Fold_01,worldcup_2006_aus_ltu_57_78,worldcup_2006,2006,regression,LightGBM Regressor,-21.0,-0.15
Fold_01,worldcup_2006_aus_qat_93_46,worldcup_2006,2006,regression,LightGBM Regressor,47.0,-0.15
Fold_01,worldcup_2006_aus_tur_68_76,worldcup_2006,2006,regression,LightGBM Regressor,-8.0,-0.15
Fold_01,worldcup_2006_bra_aus_77_83,worldcup_2006,2006,regression,LightGBM Regressor,-6.0,-0.15
Fold_01,worldcup_2006_bra_gre_80_91,worldcup_2006,2006,regression,LightGBM Regressor,-11.0,-0.15
Fold_01,worldcup_2006_chn_ita_69_84,worldcup_2006,2006,regression,LightGBM Regressor,-15.0,-0.15
Fold_01,worldcup_2006_esp_ang_93_83,worldcup_2006,2006,regression,LightGBM Regressor,10.0,-0.15
Fold_01,worldcup_2006_esp_arg_75_74,worldcup_2006,2006,regression,LightGBM Regressor,1.0,-0.15
Fold_01,worldcup_2006_esp_ltu_89_67,worldcup_2006,2006,regression,LightGBM Regressor,22.0,-0.15
Fold_01,worldcup_2006_esp_nzl_86_70,worldcup_2006,2006,regression,LightGBM Regressor,16.0,-0.15
Fold_01,worldcup_2006_esp_scg_87_75,worldcup_2006,2006,regression,LightGBM Regressor,12.0,-0.15
Fold_01,worldcup_2006_fra_ang_68_62,worldcup_2006,2006,regression,LightGBM Regressor,6.0,-0.15
Fold_01,worldcup_2006_fra_ger_75_73,worldcup_2006,2006,regression,LightGBM Regressor,2.0,-0.15
Fold_01,worldcup_2006_fra_ngr_64_53,worldcup_2006,2006,regression,LightGBM Regressor,11.0,-0.15
Fold_01,worldcup_2006_fra_scg_65_61,worldcup_2006,2006,regression,LightGBM Regressor,4.0,-0.15
Fold_01,worldcup_2006_fra_ven_81_61,worldcup_2006,2006,regression,LightGBM Regressor,20.0,-0.15
Fold_01,worldcup_2006_ger_esp_71_92,worldcup_2006,2006,regression,LightGBM Regressor,-21.0,-0.15
Fold_01,worldcup_2006_ger_jpn_81_70,worldcup_2006,2006,regression,LightGBM Regressor,11.0,-0.15
Fold_01,worldcup_2006_ger_ngr_78_77,worldcup_2006,2006,regression,LightGBM Regressor,1.0,-0.15
Fold_01,worldcup_2006_gre_aus_72_69,worldcup_2006,2006,regression,LightGBM Regressor,3.0,-0.15
Fold_01,worldcup_2006_gre_chn_95_64,worldcup_2006,2006,regression,LightGBM Regressor,31.0,-0.15
Fold_01,worldcup_2006_gre_esp_47_70,worldcup_2006,2006,regression,LightGBM Regressor,-23.0,-0.15
Fold_01,worldcup_2006_gre_fra_73_56,worldcup_2006,2006,regression,LightGBM Regressor,17.0,-0.15
Fold_01,worldcup_2006_gre_qat_84_64,worldcup_2006,2006,regression,LightGBM Regressor,20.0,-0.15
Fold_01,worldcup_2006_gre_tur_76_69,worldcup_2006,2006,regression,LightGBM Regressor,7.0,-0.15
Fold_01,worldcup_2006_gre_usa_101_95,worldcup_2006,2006,regression,LightGBM Regressor,6.0,-0.15
Fold_01,worldcup_2006_ita_ltu_68_71,worldcup_2006,2006,regression,LightGBM Regressor,-3.0,-0.15
Fold_01,worldcup_2006_ita_pur_73_72,worldcup_2006,2006,regression,LightGBM Regressor,1.0,-0.15
Fold_01,worldcup_2006_ita_sen_64_56,worldcup_2006,2006,regression,LightGBM Regressor,8.0,-0.15
Fold_01,worldcup_2006_ita_slo_80_76,worldcup_2006,2006,regression,LightGBM Regressor,4.0,-0.15
Fold_01,worldcup_2006_jpn_ang_62_87,worldcup_2006,2006,regression,LightGBM Regressor,-25.0,-0.15
Fold_01,worldcup_2006_jpn_esp_55_104,worldcup_2006,2006,regression,LightGBM Regressor,-49.0,-0.15
Fold_01,worldcup_2006_jpn_pan_78_61,worldcup_2006,2006,regression,LightGBM Regressor,17.0,-0.15
Fold_01,worldcup_2006_lbn_arg_72_107,worldcup_2006,2006,regression,LightGBM Regressor,-35.0,-0.15
Fold_01,worldcup_2006_lbn_fra_74_73,worldcup_2006,2006,regression,LightGBM Regressor,1.0,-0.15
Fold_01,worldcup_2006_lbn_ngr_72_95,worldcup_2006,2006,regression,LightGBM Regressor,-23.0,-0.15
Fold_01,worldcup_2006_ltu_bra_79_74,worldcup_2006,2006,regression,LightGBM Regressor,5.0,-0.15
Fold_01,worldcup_2006_ltu_ger_77_62,worldcup_2006,2006,regression,LightGBM Regressor,15.0,-0.15
Fold_01,worldcup_2006_ltu_gre_76_81,worldcup_2006,2006,regression,LightGBM Regressor,-5.0,-0.15
Fold_01,worldcup_2006_ltu_qat_106_65,worldcup_2006,2006,regression,LightGBM Regressor,41.0,-0.15
Fold_01,worldcup_2006_ltu_tur_84_95,worldcup_2006,2006,regression,LightGBM Regressor,-11.0,-0.15
Fold_01,worldcup_2006_ngr_arg_64_98,worldcup_2006,2006,regression,LightGBM Regressor,-34.0,-0.15
Fold_01,worldcup_2006_ngr_ven_77_84,worldcup_2006,2006,regression,LightGBM Regressor,-7.0,-0.15
Fold_01,worldcup_2006_nzl_ger_56_80,worldcup_2006,2006,regression,LightGBM Regressor,-24.0,-0.15
Fold_01,worldcup_2006_nzl_jpn_60_57,worldcup_2006,2006,regression,LightGBM Regressor,3.0,-0.15
Fold_01,worldcup_2006_nzl_pan_86_75,worldcup_2006,2006,regression,LightGBM Regressor,11.0,-0.15
Fold_01,worldcup_2006_pan_esp_57_101,worldcup_2006,2006,regression,LightGBM Regressor,-44.0,-0.15
Fold_01,worldcup_2006_pan_ger_63_81,worldcup_2006,2006,regression,LightGBM Regressor,-18.0,-0.15
Fold_01,worldcup_2006_pur_chn_90_87,worldcup_2006,2006,regression,LightGBM Regressor,3.0,-0.15
Fold_01,worldcup_2006_pur_slo_82_90,worldcup_2006,2006,regression,LightGBM Regressor,-8.0,-0.15
Fold_01,worldcup_2006_pur_usa_100_111,worldcup_2006,2006,regression,LightGBM Regressor,-11.0,-0.15
Fold_01,worldcup_2006_qat_bra_66_97,worldcup_2006,2006,regression,LightGBM Regressor,-31.0,-0.15
Fold_01,worldcup_2006_qat_tur_69_76,worldcup_2006,2006,regression,LightGBM Regressor,-7.0,-0.15
Fold_01,worldcup_2006_scg_arg_79_83,worldcup_2006,2006,regression,LightGBM Regressor,-4.0,-0.15
Fold_01,worldcup_2006_scg_lbn_104_57,worldcup_2006,2006,regression,LightGBM Regressor,47.0,-0.15
Fold_01,worldcup_2006_scg_ngr_75_82,worldcup_2006,2006,regression,LightGBM Regressor,-7.0,-0.15
Fold_01,worldcup_2006_sen_chn_83_100,worldcup_2006,2006,regression,LightGBM Regressor,-17.0,-0.15
Fold_01,worldcup_2006_sen_pur_79_88,worldcup_2006,2006,regression,LightGBM Regressor,-9.0,-0.15
Fold_01,worldcup_2006_slo_chn_77_78,worldcup_2006,2006,regression,LightGBM Regressor,-1.0,-0.15
Fold_01,worldcup_2006_slo_sen_96_79,worldcup_2006,2006,regression,LightGBM Regressor,17.0,-0.15
Fold_01,worldcup_2006_slo_usa_95_114,worldcup_2006,2006,regression,LightGBM Regressor,-19.0,-0.15
Fold_01,worldcup_2006_tur_bra_73_71,worldcup_2006,2006,regression,LightGBM Regressor,2.0,-0.15
Fold_01,worldcup_2006_tur_fra_56_64,worldcup_2006,2006,regression,LightGBM Regressor,-8.0,-0.15
Fold_01,worldcup_2006_tur_ltu_76_74,worldcup_2006,2006,regression,LightGBM Regressor,2.0,-0.15
Fold_01,worldcup_2006_tur_slo_90_84,worldcup_2006,2006,regression,LightGBM Regressor,6.0,-0.15
Fold_01,worldcup_2006_usa_arg_96_81,worldcup_2006,2006,regression,LightGBM Regressor,15.0,-0.15
Fold_01,worldcup_2006_usa_aus_113_73,worldcup_2006,2006,regression,LightGBM Regressor,40.0,-0.15
Fold_01,worldcup_2006_usa_chn_121_90,worldcup_2006,2006,regression,LightGBM Regressor,31.0,-0.15
Fold_01,worldcup_2006_usa_ger_85_65,worldcup_2006,2006,regression,LightGBM Regressor,20.0,-0.15
Fold_01,worldcup_2006_usa_ita_94_85,worldcup_2006,2006,regression,LightGBM Regressor,9.0,-0.15
Fold_01,worldcup_2006_usa_sen_103_58,worldcup_2006,2006,regression,LightGBM Regressor,45.0,-0.15
Fold_01,worldcup_2006_ven_lbn_72_82,worldcup_2006,2006,regression,LightGBM Regressor,-10.0,-0.15
Fold_01,worldcup_2006_ven_scg_65_90,worldcup_2006,2006,regression,LightGBM Regressor,-25.0,-0.15
Fold_02,eurobasket_2007_cro_esp_85_84,eurobasket_2007,2007,classification,Naive Baseline (50%),1.0,0.5
Fold_02,eurobasket_2007_cro_ger_71_80,eurobasket_2007,2007,classification,Naive Baseline (50%),0.0,0.5
Fold_02,eurobasket_2007_cro_por_90_68,eurobasket_2007,2007,classification,Naive Baseline (50%),1.0,0.5
Fold_02,eurobasket_2007_cro_rus_70_83,eurobasket_2007,2007,classification,Naive Baseline (50%),0.0,0.5
Fold_02,eurobasket_2007_cze_ger_78_83,eurobasket_2007,2007,classification,Naive Baseline (50%),0.0,0.5
Fold_02,eurobasket_2007_cze_tur_72_80,eurobasket_2007,2007,classification,Naive Baseline (50%),0.0,0.5
Fold_02,eurobasket_2007_esp_ger_83_55,eurobasket_2007,2007,classification,Naive Baseline (50%),1.0,0.5
Fold_02,eurobasket_2007_esp_gre_76_58,eurobasket_2007,2007,classification,Naive Baseline (50%),1.0,0.5
Fold_02,eurobasket_2007_esp_gre_82_77,eurobasket_2007,2007,classification,Naive Baseline (50%),1.0,0.5
Fold_02,eurobasket_2007_esp_isr_99_73,eurobasket_2007,2007,classification,Naive Baseline (50%),1.0,0.5
Fold_02,eurobasket_2007_esp_lat_93_77,eurobasket_2007,2007,classification,Naive Baseline (50%),1.0,0.5
Fold_02,eurobasket_2007_esp_rus_59_60,eurobasket_2007,2007,classification,Naive Baseline (50%),0.0,0.5
Fold_02,eurobasket_2007_fra_cro_69_86,eurobasket_2007,2007,classification,Naive Baseline (50%),0.0,0.5
Fold_02,eurobasket_2007_fra_ger_78_66,eurobasket_2007,2007,classification,Naive Baseline (50%),1.0,0.5
Fold_02,eurobasket_2007_fra_ita_69_62,eurobasket_2007,2007,classification,Naive Baseline (50%),1.0,0.5
Fold_02,eurobasket_2007_fra_slo_74_88,eurobasket_2007,2007,classification,Naive Baseline (50%),0.0,0.5
Fold_02,eurobasket_2007_fra_tur_85_64,eurobasket_2007,2007,classification,Naive Baseline (50%),1.0,0.5
Fold_02,eurobasket_2007_ger_ita_67_58,eurobasket_2007,2007,classification,Naive Baseline (50%),1.0,0.5
Fold_02,eurobasket_2007_ger_slo_47_77,eurobasket_2007,2007,classification,Naive Baseline (50%),0.0,0.5
Fold_02,eurobasket_2007_ger_slo_69_65,eurobasket_2007,2007,classification,Naive Baseline (50%),1.0,0.5
Fold_02,eurobasket_2007_ger_tur_79_49,eurobasket_2007,2007,classification,Naive Baseline (50%),1.0,0.5
Fold_02,eurobasket_2007_gre_cro_81_78,eurobasket_2007,2007,classification,Naive Baseline (50%),1.0,0.5
Fold_02,eurobasket_2007_gre_ltu_69_78,eurobasket_2007,2007,classification,Naive Baseline (50%),0.0,0.5
Fold_02,eurobasket_2007_gre_por_85_67,eurobasket_2007,2007,classification,Naive Baseline (50%),1.0,0.5
Fold_02,eurobasket_2007_gre_srb_68_67,eurobasket_2007,2007,classification,Naive Baseline (50%),1.0,0.5
Fold_02,eurobasket_2007_isr_cro_80_75,eurobasket_2007,2007,classification,Naive Baseline (50%),1.0,0.5
Fold_02,eurobasket_2007_isr_gre_66_76,eurobasket_2007,2007,classification,Naive Baseline (50%),0.0,0.5
Fold_02,eurobasket_2007_isr_srb_87_83,eurobasket_2007,2007,classification,Naive Baseline (50%),1.0,0.5
Fold_02,eurobasket_2007_ita_ltu_74_79,eurobasket_2007,2007,classification,Naive Baseline (50%),0.0,0.5
Fold_02,eurobasket_2007_ita_slo_68_69,eurobasket_2007,2007,classification,Naive Baseline (50%),0.0,0.5
Fold_02,eurobasket_2007_ita_tur_84_75,eurobasket_2007,2007,classification,Naive Baseline (50%),1.0,0.5
Fold_02,eurobasket_2007_lat_cro_85_77,eurobasket_2007,2007,classification,Naive Baseline (50%),1.0,0.5
Fold_02,eurobasket_2007_ltu_cro_74_72,eurobasket_2007,2007,classification,Naive Baseline (50%),1.0,0.5
Fold_02,eurobasket_2007_ltu_cze_95_75,eurobasket_2007,2007,classification,Naive Baseline (50%),1.0,0.5
Fold_02,eurobasket_2007_ltu_fra_88_73,eurobasket_2007,2007,classification,Naive Baseline (50%),1.0,0.5
Fold_02,eurobasket_2007_ltu_ger_84_80,eurobasket_2007,2007,classification,Naive Baseline (50%),1.0,0.5
Fold_02,eurobasket_2007_pol_fra_66_74,eurobasket_2007,2007,classification,Naive Baseline (50%),0.0,0.5
Fold_02,eurobasket_2007_pol_ita_70_79,eurobasket_2007,2007,classification,Naive Baseline (50%),0.0,0.5
Fold_02,eurobasket_2007_por_esp_56_82,eurobasket_2007,2007,classification,Naive Baseline (50%),0.0,0.5
Fold_02,eurobasket_2007_por_isr_94_85,eurobasket_2007,2007,classification,Naive Baseline (50%),1.0,0.5
Fold_02,eurobasket_2007_por_lat_77_67,eurobasket_2007,2007,classification,Naive Baseline (50%),1.0,0.5
Fold_02,eurobasket_2007_por_rus_65_78,eurobasket_2007,2007,classification,Naive Baseline (50%),0.0,0.5
Fold_02,eurobasket_2007_rus_esp_69_81,eurobasket_2007,2007,classification,Naive Baseline (50%),0.0,0.5
Fold_02,eurobasket_2007_rus_fra_75_71,eurobasket_2007,2007,classification,Naive Baseline (50%),1.0,0.5
Fold_02,eurobasket_2007_rus_gre_61_53,eurobasket_2007,2007,classification,Naive Baseline (50%),1.0,0.5
Fold_02,eurobasket_2007_rus_isr_90_56,eurobasket_2007,2007,classification,Naive Baseline (50%),1.0,0.5
Fold_02,eurobasket_2007_rus_ltu_86_74,eurobasket_2007,2007,classification,Naive Baseline (50%),1.0,0.5
Fold_02,eurobasket_2007_slo_fra_67_66,eurobasket_2007,2007,classification,Naive Baseline (50%),1.0,0.5
Fold_02,eurobasket_2007_slo_gre_62_63,eurobasket_2007,2007,classification,Naive Baseline (50%),0.0,0.5
Fold_02,eurobasket_2007_slo_ltu_61_80,eurobasket_2007,2007,classification,Naive Baseline (50%),0.0,0.5
Fold_02,eurobasket_2007_slo_pol_70_52,eurobasket_2007,2007,classification,Naive Baseline (50%),1.0,0.5
Fold_02,eurobasket_2007_srb_rus_65_73,eurobasket_2007,2007,classification,Naive Baseline (50%),0.0,0.5
Fold_02,eurobasket_2007_tur_ltu_69_86,eurobasket_2007,2007,classification,Naive Baseline (50%),0.0,0.5
Fold_02,eurobasket_2007_tur_slo_51_66,eurobasket_2007,2007,classification,Naive Baseline (50%),0.0,0.5
Fold_02,eurobasket_2007_cro_esp_85_84,eurobasket_2007,2007,classification,Logistic Regression L2,1.0,0.271
Fold_02,eurobasket_2007_cro_ger_71_80,eurobasket_2007,2007,classification,Logistic Regression L2,0.0,0.1318
Fold_02,eurobasket_2007_cro_por_90_68,eurobasket_2007,2007,classification,Logistic Regression L2,1.0,0.869
Fold_02,eurobasket_2007_cro_rus_70_83,eurobasket_2007,2007,classification,Logistic Regression L2,0.0,0.6129
Fold_02,eurobasket_2007_cze_ger_78_83,eurobasket_2007,2007,classification,Logistic Regression L2,0.0,0.0274
Fold_02,eurobasket_2007_cze_tur_72_80,eurobasket_2007,2007,classification,Logistic Regression L2,0.0,0.0395
Fold_02,eurobasket_2007_esp_ger_83_55,eurobasket_2007,2007,classification,Logistic Regression L2,1.0,0.3346
Fold_02,eurobasket_2007_esp_gre_76_58,eurobasket_2007,2007,classification,Logistic Regression L2,1.0,0.4139
Fold_02,eurobasket_2007_esp_gre_82_77,eurobasket_2007,2007,classification,Logistic Regression L2,1.0,0.4139
Fold_02,eurobasket_2007_esp_isr_99_73,eurobasket_2007,2007,classification,Logistic Regression L2,1.0,0.8852
Fold_02,eurobasket_2007_esp_lat_93_77,eurobasket_2007,2007,classification,Logistic Regression L2,1.0,0.8536
Fold_02,eurobasket_2007_esp_rus_59_60,eurobasket_2007,2007,classification,Logistic Regression L2,0.0,0.8398
Fold_02,eurobasket_2007_fra_cro_69_86,eurobasket_2007,2007,classification,Logistic Regression L2,0.0,0.8997
Fold_02,eurobasket_2007_fra_ger_78_66,eurobasket_2007,2007,classification,Logistic Regression L2,1.0,0.5252
Fold_02,eurobasket_2007_fra_ita_69_62,eurobasket_2007,2007,classification,Logistic Regression L2,1.0,0.8243
Fold_02,eurobasket_2007_fra_slo_74_88,eurobasket_2007,2007,classification,Logistic Regression L2,0.0,0.7351
Fold_02,eurobasket_2007_fra_tur_85_64,eurobasket_2007,2007,classification,Logistic Regression L2,1.0,0.6171
Fold_02,eurobasket_2007_ger_ita_67_58,eurobasket_2007,2007,classification,Logistic Regression L2,1.0,0.8392
Fold_02,eurobasket_2007_ger_slo_47_77,eurobasket_2007,2007,classification,Logistic Regression L2,0.0,0.7554
Fold_02,eurobasket_2007_ger_slo_69_65,eurobasket_2007,2007,classification,Logistic Regression L2,1.0,0.7554
Fold_02,eurobasket_2007_ger_tur_79_49,eurobasket_2007,2007,classification,Logistic Regression L2,1.0,0.642
Fold_02,eurobasket_2007_gre_cro_81_78,eurobasket_2007,2007,classification,Logistic Regression L2,1.0,0.8767
Fold_02,eurobasket_2007_gre_ltu_69_78,eurobasket_2007,2007,classification,Logistic Regression L2,0.0,0.5785
Fold_02,eurobasket_2007_gre_por_85_67,eurobasket_2007,2007,classification,Logistic Regression L2,1.0,0.9745
Fold_02,eurobasket_2007_gre_srb_68_67,eurobasket_2007,2007,classification,Logistic Regression L2,1.0,0.9745
Fold_02,eurobasket_2007_isr_cro_80_75,eurobasket_2007,2007,classification,Logistic Regression L2,1.0,0.3944
Fold_02,eurobasket_2007_isr_gre_66_76,eurobasket_2007,2007,classification,Logistic Regression L2,0.0,0.1014
Fold_02,eurobasket_2007_isr_srb_87_83,eurobasket_2007,2007,classification,Logistic Regression L2,1.0,0.7781
Fold_02,eurobasket_2007_ita_ltu_74_79,eurobasket_2007,2007,classification,Logistic Regression L2,0.0,0.3125
Fold_02,eurobasket_2007_ita_slo_68_69,eurobasket_2007,2007,classification,Logistic Regression L2,0.0,0.4215
Fold_02,eurobasket_2007_ita_tur_84_75,eurobasket_2007,2007,classification,Logistic Regression L2,1.0,0.2973
Fold_02,eurobasket_2007_lat_cro_85_77,eurobasket_2007,2007,classification,Logistic Regression L2,1.0,0.4627
Fold_02,eurobasket_2007_ltu_cro_74_72,eurobasket_2007,2007,classification,Logistic Regression L2,1.0,0.8644
Fold_02,eurobasket_2007_ltu_cze_95_75,eurobasket_2007,2007,classification,Logistic Regression L2,1.0,0.9717
Fold_02,eurobasket_2007_ltu_fra_88_73,eurobasket_2007,2007,classification,Logistic Regression L2,1.0,0.4667
Fold_02,eurobasket_2007_ltu_ger_84_80,eurobasket_2007,2007,classification,Logistic Regression L2,1.0,0.4402
Fold_02,eurobasket_2007_pol_fra_66_74,eurobasket_2007,2007,classification,Logistic Regression L2,0.0,0.0304
Fold_02,eurobasket_2007_pol_ita_70_79,eurobasket_2007,2007,classification,Logistic Regression L2,0.0,0.1068
Fold_02,eurobasket_2007_por_esp_56_82,eurobasket_2007,2007,classification,Logistic Regression L2,0.0,0.0646
Fold_02,eurobasket_2007_por_isr_94_85,eurobasket_2007,2007,classification,Logistic Regression L2,1.0,0.3018
Fold_02,eurobasket_2007_por_lat_77_67,eurobasket_2007,2007,classification,Logistic Regression L2,1.0,0.2463
Fold_02,eurobasket_2007_por_rus_65_78,eurobasket_2007,2007,classification,Logistic Regression L2,0.0,0.2272
Fold_02,eurobasket_2007_rus_esp_69_81,eurobasket_2007,2007,classification,Logistic Regression L2,0.0,0.2243
Fold_02,eurobasket_2007_rus_fra_75_71,eurobasket_2007,2007,classification,Logistic Regression L2,1.0,0.1161
Fold_02,eurobasket_2007_rus_gre_61_53,eurobasket_2007,2007,classification,Logistic Regression L2,1.0,0.1422
Fold_02,eurobasket_2007_rus_isr_90_56,eurobasket_2007,2007,classification,Logistic Regression L2,1.0,0.6441
Fold_02,eurobasket_2007_rus_ltu_86_74,eurobasket_2007,2007,classification,Logistic Regression L2,1.0,0.156
Fold_02,eurobasket_2007_slo_fra_67_66,eurobasket_2007,2007,classification,Logistic Regression L2,1.0,0.3532
Fold_02,eurobasket_2007_slo_gre_62_63,eurobasket_2007,2007,classification,Logistic Regression L2,0.0,0.408
Fold_02,eurobasket_2007_slo_ltu_61_80,eurobasket_2007,2007,classification,Logistic Regression L2,0.0,0.4344
Fold_02,eurobasket_2007_slo_pol_70_52,eurobasket_2007,2007,classification,Logistic Regression L2,1.0,0.9554
Fold_02,eurobasket_2007_srb_rus_65_73,eurobasket_2007,2007,classification,Logistic Regression L2,0.0,0.2272
Fold_02,eurobasket_2007_tur_ltu_69_86,eurobasket_2007,2007,classification,Logistic Regression L2,0.0,0.5695
Fold_02,eurobasket_2007_tur_slo_51_66,eurobasket_2007,2007,classification,Logistic Regression L2,0.0,0.6795
Fold_02,eurobasket_2007_cro_esp_85_84,eurobasket_2007,2007,classification,ElasticNet Classifier,1.0,0.2544
Fold_02,eurobasket_2007_cro_ger_71_80,eurobasket_2007,2007,classification,ElasticNet Classifier,0.0,0.1487
Fold_02,eurobasket_2007_cro_por_90_68,eurobasket_2007,2007,classification,ElasticNet Classifier,1.0,0.8373
Fold_02,eurobasket_2007_cro_rus_70_83,eurobasket_2007,2007,classification,ElasticNet Classifier,0.0,0.5887
Fold_02,eurobasket_2007_cze_ger_78_83,eurobasket_2007,2007,classification,ElasticNet Classifier,0.0,0.0374
Fold_02,eurobasket_2007_cze_tur_72_80,eurobasket_2007,2007,classification,ElasticNet Classifier,0.0,0.055
Fold_02,eurobasket_2007_esp_ger_83_55,eurobasket_2007,2007,classification,ElasticNet Classifier,1.0,0.3696
Fold_02,eurobasket_2007_esp_gre_76_58,eurobasket_2007,2007,classification,ElasticNet Classifier,1.0,0.4261
Fold_02,eurobasket_2007_esp_gre_82_77,eurobasket_2007,2007,classification,ElasticNet Classifier,1.0,0.4261
Fold_02,eurobasket_2007_esp_isr_99_73,eurobasket_2007,2007,classification,ElasticNet Classifier,1.0,0.8735
Fold_02,eurobasket_2007_esp_lat_93_77,eurobasket_2007,2007,classification,ElasticNet Classifier,1.0,0.8563
Fold_02,eurobasket_2007_esp_rus_59_60,eurobasket_2007,2007,classification,ElasticNet Classifier,0.0,0.8277
Fold_02,eurobasket_2007_fra_cro_69_86,eurobasket_2007,2007,classification,ElasticNet Classifier,0.0,0.8747
Fold_02,eurobasket_2007_fra_ger_78_66,eurobasket_2007,2007,classification,ElasticNet Classifier,1.0,0.5154
Fold_02,eurobasket_2007_fra_ita_69_62,eurobasket_2007,2007,classification,ElasticNet Classifier,1.0,0.7941
Fold_02,eurobasket_2007_fra_slo_74_88,eurobasket_2007,2007,classification,ElasticNet Classifier,0.0,0.709
Fold_02,eurobasket_2007_fra_tur_85_64,eurobasket_2007,2007,classification,ElasticNet Classifier,1.0,0.6143
Fold_02,eurobasket_2007_ger_ita_67_58,eurobasket_2007,2007,classification,ElasticNet Classifier,1.0,0.806
Fold_02,eurobasket_2007_ger_slo_47_77,eurobasket_2007,2007,classification,ElasticNet Classifier,0.0,0.7241
Fold_02,eurobasket_2007_ger_slo_69_65,eurobasket_2007,2007,classification,ElasticNet Classifier,1.0,0.7241
Fold_02,eurobasket_2007_ger_tur_79_49,eurobasket_2007,2007,classification,ElasticNet Classifier,1.0,0.6318
Fold_02,eurobasket_2007_gre_cro_81_78,eurobasket_2007,2007,classification,ElasticNet Classifier,1.0,0.8558
Fold_02,eurobasket_2007_gre_ltu_69_78,eurobasket_2007,2007,classification,ElasticNet Classifier,0.0,0.5644
Fold_02,eurobasket_2007_gre_por_85_67,eurobasket_2007,2007,classification,ElasticNet Classifier,1.0,0.9639
Fold_02,eurobasket_2007_gre_srb_68_67,eurobasket_2007,2007,classification,ElasticNet Classifier,1.0,0.9639
Fold_02,eurobasket_2007_isr_cro_80_75,eurobasket_2007,2007,classification,ElasticNet Classifier,1.0,0.3896
Fold_02,eurobasket_2007_isr_gre_66_76,eurobasket_2007,2007,classification,ElasticNet Classifier,0.0,0.1097
Fold_02,eurobasket_2007_isr_srb_87_83,eurobasket_2007,2007,classification,ElasticNet Classifier,1.0,0.7415
Fold_02,eurobasket_2007_ita_ltu_74_79,eurobasket_2007,2007,classification,ElasticNet Classifier,0.0,0.3115
Fold_02,eurobasket_2007_ita_slo_68_69,eurobasket_2007,2007,classification,ElasticNet Classifier,0.0,0.4199
Fold_02,eurobasket_2007_ita_tur_84_75,eurobasket_2007,2007,classification,ElasticNet Classifier,1.0,0.3211
Fold_02,eurobasket_2007_lat_cro_85_77,eurobasket_2007,2007,classification,ElasticNet Classifier,1.0,0.4251
Fold_02,eurobasket_2007_ltu_cro_74_72,eurobasket_2007,2007,classification,ElasticNet Classifier,1.0,0.84
Fold_02,eurobasket_2007_ltu_cze_95_75,eurobasket_2007,2007,classification,ElasticNet Classifier,1.0,0.9593
Fold_02,eurobasket_2007_ltu_fra_88_73,eurobasket_2007,2007,classification,ElasticNet Classifier,1.0,0.4629
Fold_02,eurobasket_2007_ltu_ger_84_80,eurobasket_2007,2007,classification,ElasticNet Classifier,1.0,0.4445
Fold_02,eurobasket_2007_pol_fra_66_74,eurobasket_2007,2007,classification,ElasticNet Classifier,0.0,0.0402
Fold_02,eurobasket_2007_pol_ita_70_79,eurobasket_2007,2007,classification,ElasticNet Classifier,0.0,0.1236
Fold_02,eurobasket_2007_por_esp_56_82,eurobasket_2007,2007,classification,ElasticNet Classifier,0.0,0.0706
Fold_02,eurobasket_2007_por_isr_94_85,eurobasket_2007,2007,classification,ElasticNet Classifier,1.0,0.314
Fold_02,eurobasket_2007_por_lat_77_67,eurobasket_2007,2007,classification,ElasticNet Classifier,1.0,0.2832
Fold_02,eurobasket_2007_por_rus_65_78,eurobasket_2007,2007,classification,ElasticNet Classifier,0.0,0.2416
Fold_02,eurobasket_2007_rus_esp_69_81,eurobasket_2007,2007,classification,ElasticNet Classifier,0.0,0.2146
Fold_02,eurobasket_2007_rus_fra_75_71,eurobasket_2007,2007,classification,ElasticNet Classifier,1.0,0.1309
Fold_02,eurobasket_2007_rus_gre_61_53,eurobasket_2007,2007,classification,ElasticNet Classifier,1.0,0.1504
Fold_02,eurobasket_2007_rus_isr_90_56,eurobasket_2007,2007,classification,ElasticNet Classifier,1.0,0.6221
Fold_02,eurobasket_2007_rus_ltu_86_74,eurobasket_2007,2007,classification,ElasticNet Classifier,1.0,0.1668
Fold_02,eurobasket_2007_slo_fra_67_66,eurobasket_2007,2007,classification,ElasticNet Classifier,1.0,0.3501
Fold_02,eurobasket_2007_slo_gre_62_63,eurobasket_2007,2007,classification,ElasticNet Classifier,0.0,0.3878
Fold_02,eurobasket_2007_slo_ltu_61_80,eurobasket_2007,2007,classification,ElasticNet Classifier,0.0,0.4173
Fold_02,eurobasket_2007_slo_pol_70_52,eurobasket_2007,2007,classification,ElasticNet Classifier,1.0,0.9365
Fold_02,eurobasket_2007_srb_rus_65_73,eurobasket_2007,2007,classification,ElasticNet Classifier,0.0,0.2416
Fold_02,eurobasket_2007_tur_ltu_69_86,eurobasket_2007,2007,classification,ElasticNet Classifier,0.0,0.5229
Fold_02,eurobasket_2007_tur_slo_51_66,eurobasket_2007,2007,classification,ElasticNet Classifier,0.0,0.6368
Fold_02,eurobasket_2007_cro_esp_85_84,eurobasket_2007,2007,classification,LightGBM Classifier,1.0,0.6037
Fold_02,eurobasket_2007_cro_ger_71_80,eurobasket_2007,2007,classification,LightGBM Classifier,0.0,0.5542
Fold_02,eurobasket_2007_cro_por_90_68,eurobasket_2007,2007,classification,LightGBM Classifier,1.0,0.7992
Fold_02,eurobasket_2007_cro_rus_70_83,eurobasket_2007,2007,classification,LightGBM Classifier,0.0,0.4496
Fold_02,eurobasket_2007_cze_ger_78_83,eurobasket_2007,2007,classification,LightGBM Classifier,0.0,0.2918
Fold_02,eurobasket_2007_cze_tur_72_80,eurobasket_2007,2007,classification,LightGBM Classifier,0.0,0.2249
Fold_02,eurobasket_2007_esp_ger_83_55,eurobasket_2007,2007,classification,LightGBM Classifier,1.0,0.5044
Fold_02,eurobasket_2007_esp_gre_76_58,eurobasket_2007,2007,classification,LightGBM Classifier,1.0,0.52
Fold_02,eurobasket_2007_esp_gre_82_77,eurobasket_2007,2007,classification,LightGBM Classifier,1.0,0.52
Fold_02,eurobasket_2007_esp_isr_99_73,eurobasket_2007,2007,classification,LightGBM Classifier,1.0,0.5885
Fold_02,eurobasket_2007_esp_lat_93_77,eurobasket_2007,2007,classification,LightGBM Classifier,1.0,0.6034
Fold_02,eurobasket_2007_esp_rus_59_60,eurobasket_2007,2007,classification,LightGBM Classifier,0.0,0.6034
Fold_02,eurobasket_2007_fra_cro_69_86,eurobasket_2007,2007,classification,LightGBM Classifier,0.0,0.7824
Fold_02,eurobasket_2007_fra_ger_78_66,eurobasket_2007,2007,classification,LightGBM Classifier,1.0,0.6928
Fold_02,eurobasket_2007_fra_ita_69_62,eurobasket_2007,2007,classification,LightGBM Classifier,1.0,0.763
Fold_02,eurobasket_2007_fra_slo_74_88,eurobasket_2007,2007,classification,LightGBM Classifier,0.0,0.6415
Fold_02,eurobasket_2007_fra_tur_85_64,eurobasket_2007,2007,classification,LightGBM Classifier,1.0,0.7897
Fold_02,eurobasket_2007_ger_ita_67_58,eurobasket_2007,2007,classification,LightGBM Classifier,1.0,0.7895
Fold_02,eurobasket_2007_ger_slo_47_77,eurobasket_2007,2007,classification,LightGBM Classifier,0.0,0.7966
Fold_02,eurobasket_2007_ger_slo_69_65,eurobasket_2007,2007,classification,LightGBM Classifier,1.0,0.7966
Fold_02,eurobasket_2007_ger_tur_79_49,eurobasket_2007,2007,classification,LightGBM Classifier,1.0,0.6034
Fold_02,eurobasket_2007_gre_cro_81_78,eurobasket_2007,2007,classification,LightGBM Classifier,1.0,0.7824
Fold_02,eurobasket_2007_gre_ltu_69_78,eurobasket_2007,2007,classification,LightGBM Classifier,0.0,0.6928
Fold_02,eurobasket_2007_gre_por_85_67,eurobasket_2007,2007,classification,LightGBM Classifier,1.0,0.8206
Fold_02,eurobasket_2007_gre_srb_68_67,eurobasket_2007,2007,classification,LightGBM Classifier,1.0,0.8206
Fold_02,eurobasket_2007_isr_cro_80_75,eurobasket_2007,2007,classification,LightGBM Classifier,1.0,0.7626
Fold_02,eurobasket_2007_isr_gre_66_76,eurobasket_2007,2007,classification,LightGBM Classifier,0.0,0.6037
Fold_02,eurobasket_2007_isr_srb_87_83,eurobasket_2007,2007,classification,LightGBM Classifier,1.0,0.8674
Fold_02,eurobasket_2007_ita_ltu_74_79,eurobasket_2007,2007,classification,LightGBM Classifier,0.0,0.6037
Fold_02,eurobasket_2007_ita_slo_68_69,eurobasket_2007,2007,classification,LightGBM Classifier,0.0,0.736
Fold_02,eurobasket_2007_ita_tur_84_75,eurobasket_2007,2007,classification,LightGBM Classifier,1.0,0.52
Fold_02,eurobasket_2007_lat_cro_85_77,eurobasket_2007,2007,classification,LightGBM Classifier,1.0,0.7641
Fold_02,eurobasket_2007_ltu_cro_74_72,eurobasket_2007,2007,classification,LightGBM Classifier,1.0,0.5885
Fold_02,eurobasket_2007_ltu_cze_95_75,eurobasket_2007,2007,classification,LightGBM Classifier,1.0,0.7544
Fold_02,eurobasket_2007_ltu_fra_88_73,eurobasket_2007,2007,classification,LightGBM Classifier,1.0,0.4808
Fold_02,eurobasket_2007_ltu_ger_84_80,eurobasket_2007,2007,classification,LightGBM Classifier,1.0,0.4808
Fold_02,eurobasket_2007_pol_fra_66_74,eurobasket_2007,2007,classification,LightGBM Classifier,0.0,0.2918
Fold_02,eurobasket_2007_pol_ita_70_79,eurobasket_2007,2007,classification,LightGBM Classifier,0.0,0.2781
Fold_02,eurobasket_2007_por_esp_56_82,eurobasket_2007,2007,classification,LightGBM Classifier,0.0,0.2918
Fold_02,eurobasket_2007_por_isr_94_85,eurobasket_2007,2007,classification,LightGBM Classifier,1.0,0.2505
Fold_02,eurobasket_2007_por_lat_77_67,eurobasket_2007,2007,classification,LightGBM Classifier,1.0,0.2418
Fold_02,eurobasket_2007_por_rus_65_78,eurobasket_2007,2007,classification,LightGBM Classifier,0.0,0.2781
Fold_02,eurobasket_2007_rus_esp_69_81,eurobasket_2007,2007,classification,LightGBM Classifier,0.0,0.6037
Fold_02,eurobasket_2007_rus_fra_75_71,eurobasket_2007,2007,classification,LightGBM Classifier,1.0,0.5708
Fold_02,eurobasket_2007_rus_gre_61_53,eurobasket_2007,2007,classification,LightGBM Classifier,1.0,0.5708
Fold_02,eurobasket_2007_rus_isr_90_56,eurobasket_2007,2007,classification,LightGBM Classifier,1.0,0.4808
Fold_02,eurobasket_2007_rus_ltu_86_74,eurobasket_2007,2007,classification,LightGBM Classifier,1.0,0.7641
Fold_02,eurobasket_2007_slo_fra_67_66,eurobasket_2007,2007,classification,LightGBM Classifier,1.0,0.5716
Fold_02,eurobasket_2007_slo_gre_62_63,eurobasket_2007,2007,classification,LightGBM Classifier,0.0,0.586
Fold_02,eurobasket_2007_slo_ltu_61_80,eurobasket_2007,2007,classification,LightGBM Classifier,0.0,0.7746
Fold_02,eurobasket_2007_slo_pol_70_52,eurobasket_2007,2007,classification,LightGBM Classifier,1.0,0.7334
Fold_02,eurobasket_2007_srb_rus_65_73,eurobasket_2007,2007,classification,LightGBM Classifier,0.0,0.2781
Fold_02,eurobasket_2007_tur_ltu_69_86,eurobasket_2007,2007,classification,LightGBM Classifier,0.0,0.6037
Fold_02,eurobasket_2007_tur_slo_51_66,eurobasket_2007,2007,classification,LightGBM Classifier,0.0,0.6037
Fold_02,eurobasket_2007_cro_esp_85_84,eurobasket_2007,2007,regression,Naive Margin (0.0 pts),1.0,0.0
Fold_02,eurobasket_2007_cro_ger_71_80,eurobasket_2007,2007,regression,Naive Margin (0.0 pts),-9.0,0.0
Fold_02,eurobasket_2007_cro_por_90_68,eurobasket_2007,2007,regression,Naive Margin (0.0 pts),22.0,0.0
Fold_02,eurobasket_2007_cro_rus_70_83,eurobasket_2007,2007,regression,Naive Margin (0.0 pts),-13.0,0.0
Fold_02,eurobasket_2007_cze_ger_78_83,eurobasket_2007,2007,regression,Naive Margin (0.0 pts),-5.0,0.0
Fold_02,eurobasket_2007_cze_tur_72_80,eurobasket_2007,2007,regression,Naive Margin (0.0 pts),-8.0,0.0
Fold_02,eurobasket_2007_esp_ger_83_55,eurobasket_2007,2007,regression,Naive Margin (0.0 pts),28.0,0.0
Fold_02,eurobasket_2007_esp_gre_76_58,eurobasket_2007,2007,regression,Naive Margin (0.0 pts),18.0,0.0
Fold_02,eurobasket_2007_esp_gre_82_77,eurobasket_2007,2007,regression,Naive Margin (0.0 pts),5.0,0.0
Fold_02,eurobasket_2007_esp_isr_99_73,eurobasket_2007,2007,regression,Naive Margin (0.0 pts),26.0,0.0
Fold_02,eurobasket_2007_esp_lat_93_77,eurobasket_2007,2007,regression,Naive Margin (0.0 pts),16.0,0.0
Fold_02,eurobasket_2007_esp_rus_59_60,eurobasket_2007,2007,regression,Naive Margin (0.0 pts),-1.0,0.0
Fold_02,eurobasket_2007_fra_cro_69_86,eurobasket_2007,2007,regression,Naive Margin (0.0 pts),-17.0,0.0
Fold_02,eurobasket_2007_fra_ger_78_66,eurobasket_2007,2007,regression,Naive Margin (0.0 pts),12.0,0.0
Fold_02,eurobasket_2007_fra_ita_69_62,eurobasket_2007,2007,regression,Naive Margin (0.0 pts),7.0,0.0
Fold_02,eurobasket_2007_fra_slo_74_88,eurobasket_2007,2007,regression,Naive Margin (0.0 pts),-14.0,0.0
Fold_02,eurobasket_2007_fra_tur_85_64,eurobasket_2007,2007,regression,Naive Margin (0.0 pts),21.0,0.0
Fold_02,eurobasket_2007_ger_ita_67_58,eurobasket_2007,2007,regression,Naive Margin (0.0 pts),9.0,0.0
Fold_02,eurobasket_2007_ger_slo_47_77,eurobasket_2007,2007,regression,Naive Margin (0.0 pts),-30.0,0.0
Fold_02,eurobasket_2007_ger_slo_69_65,eurobasket_2007,2007,regression,Naive Margin (0.0 pts),4.0,0.0
Fold_02,eurobasket_2007_ger_tur_79_49,eurobasket_2007,2007,regression,Naive Margin (0.0 pts),30.0,0.0
Fold_02,eurobasket_2007_gre_cro_81_78,eurobasket_2007,2007,regression,Naive Margin (0.0 pts),3.0,0.0
Fold_02,eurobasket_2007_gre_ltu_69_78,eurobasket_2007,2007,regression,Naive Margin (0.0 pts),-9.0,0.0
Fold_02,eurobasket_2007_gre_por_85_67,eurobasket_2007,2007,regression,Naive Margin (0.0 pts),18.0,0.0
Fold_02,eurobasket_2007_gre_srb_68_67,eurobasket_2007,2007,regression,Naive Margin (0.0 pts),1.0,0.0
Fold_02,eurobasket_2007_isr_cro_80_75,eurobasket_2007,2007,regression,Naive Margin (0.0 pts),5.0,0.0
Fold_02,eurobasket_2007_isr_gre_66_76,eurobasket_2007,2007,regression,Naive Margin (0.0 pts),-10.0,0.0
Fold_02,eurobasket_2007_isr_srb_87_83,eurobasket_2007,2007,regression,Naive Margin (0.0 pts),4.0,0.0
Fold_02,eurobasket_2007_ita_ltu_74_79,eurobasket_2007,2007,regression,Naive Margin (0.0 pts),-5.0,0.0
Fold_02,eurobasket_2007_ita_slo_68_69,eurobasket_2007,2007,regression,Naive Margin (0.0 pts),-1.0,0.0
Fold_02,eurobasket_2007_ita_tur_84_75,eurobasket_2007,2007,regression,Naive Margin (0.0 pts),9.0,0.0
Fold_02,eurobasket_2007_lat_cro_85_77,eurobasket_2007,2007,regression,Naive Margin (0.0 pts),8.0,0.0
Fold_02,eurobasket_2007_ltu_cro_74_72,eurobasket_2007,2007,regression,Naive Margin (0.0 pts),2.0,0.0
Fold_02,eurobasket_2007_ltu_cze_95_75,eurobasket_2007,2007,regression,Naive Margin (0.0 pts),20.0,0.0
Fold_02,eurobasket_2007_ltu_fra_88_73,eurobasket_2007,2007,regression,Naive Margin (0.0 pts),15.0,0.0
Fold_02,eurobasket_2007_ltu_ger_84_80,eurobasket_2007,2007,regression,Naive Margin (0.0 pts),4.0,0.0
Fold_02,eurobasket_2007_pol_fra_66_74,eurobasket_2007,2007,regression,Naive Margin (0.0 pts),-8.0,0.0
Fold_02,eurobasket_2007_pol_ita_70_79,eurobasket_2007,2007,regression,Naive Margin (0.0 pts),-9.0,0.0
Fold_02,eurobasket_2007_por_esp_56_82,eurobasket_2007,2007,regression,Naive Margin (0.0 pts),-26.0,0.0
Fold_02,eurobasket_2007_por_isr_94_85,eurobasket_2007,2007,regression,Naive Margin (0.0 pts),9.0,0.0
Fold_02,eurobasket_2007_por_lat_77_67,eurobasket_2007,2007,regression,Naive Margin (0.0 pts),10.0,0.0
Fold_02,eurobasket_2007_por_rus_65_78,eurobasket_2007,2007,regression,Naive Margin (0.0 pts),-13.0,0.0
Fold_02,eurobasket_2007_rus_esp_69_81,eurobasket_2007,2007,regression,Naive Margin (0.0 pts),-12.0,0.0
Fold_02,eurobasket_2007_rus_fra_75_71,eurobasket_2007,2007,regression,Naive Margin (0.0 pts),4.0,0.0
Fold_02,eurobasket_2007_rus_gre_61_53,eurobasket_2007,2007,regression,Naive Margin (0.0 pts),8.0,0.0
Fold_02,eurobasket_2007_rus_isr_90_56,eurobasket_2007,2007,regression,Naive Margin (0.0 pts),34.0,0.0
Fold_02,eurobasket_2007_rus_ltu_86_74,eurobasket_2007,2007,regression,Naive Margin (0.0 pts),12.0,0.0
Fold_02,eurobasket_2007_slo_fra_67_66,eurobasket_2007,2007,regression,Naive Margin (0.0 pts),1.0,0.0
Fold_02,eurobasket_2007_slo_gre_62_63,eurobasket_2007,2007,regression,Naive Margin (0.0 pts),-1.0,0.0
Fold_02,eurobasket_2007_slo_ltu_61_80,eurobasket_2007,2007,regression,Naive Margin (0.0 pts),-19.0,0.0
Fold_02,eurobasket_2007_slo_pol_70_52,eurobasket_2007,2007,regression,Naive Margin (0.0 pts),18.0,0.0
Fold_02,eurobasket_2007_srb_rus_65_73,eurobasket_2007,2007,regression,Naive Margin (0.0 pts),-8.0,0.0
Fold_02,eurobasket_2007_tur_ltu_69_86,eurobasket_2007,2007,regression,Naive Margin (0.0 pts),-17.0,0.0
Fold_02,eurobasket_2007_tur_slo_51_66,eurobasket_2007,2007,regression,Naive Margin (0.0 pts),-15.0,0.0
Fold_02,eurobasket_2007_cro_esp_85_84,eurobasket_2007,2007,regression,Ridge Regressor,1.0,-9.246
Fold_02,eurobasket_2007_cro_ger_71_80,eurobasket_2007,2007,regression,Ridge Regressor,-9.0,-14.646
Fold_02,eurobasket_2007_cro_por_90_68,eurobasket_2007,2007,regression,Ridge Regressor,22.0,13.479
Fold_02,eurobasket_2007_cro_rus_70_83,eurobasket_2007,2007,regression,Ridge Regressor,-13.0,2.792
Fold_02,eurobasket_2007_cze_ger_78_83,eurobasket_2007,2007,regression,Ridge Regressor,-5.0,-27.155
Fold_02,eurobasket_2007_cze_tur_72_80,eurobasket_2007,2007,regression,Ridge Regressor,-8.0,-23.736
Fold_02,eurobasket_2007_esp_ger_83_55,eurobasket_2007,2007,regression,Ridge Regressor,28.0,-4.43
Fold_02,eurobasket_2007_esp_gre_76_58,eurobasket_2007,2007,regression,Ridge Regressor,18.0,-2.548
Fold_02,eurobasket_2007_esp_gre_82_77,eurobasket_2007,2007,regression,Ridge Regressor,5.0,-2.548
Fold_02,eurobasket_2007_esp_isr_99_73,eurobasket_2007,2007,regression,Ridge Regressor,26.0,16.053
Fold_02,eurobasket_2007_esp_lat_93_77,eurobasket_2007,2007,regression,Ridge Regressor,16.0,14.928
Fold_02,eurobasket_2007_esp_rus_59_60,eurobasket_2007,2007,regression,Ridge Regressor,-1.0,13.008
Fold_02,eurobasket_2007_fra_cro_69_86,eurobasket_2007,2007,regression,Ridge Regressor,-17.0,15.983
Fold_02,eurobasket_2007_fra_ger_78_66,eurobasket_2007,2007,regression,Ridge Regressor,12.0,0.368
Fold_02,eurobasket_2007_fra_ita_69_62,eurobasket_2007,2007,regression,Ridge Regressor,7.0,11.047
Fold_02,eurobasket_2007_fra_slo_74_88,eurobasket_2007,2007,regression,Ridge Regressor,-14.0,7.238
Fold_02,eurobasket_2007_fra_tur_85_64,eurobasket_2007,2007,regression,Ridge Regressor,21.0,3.787
Fold_02,eurobasket_2007_ger_ita_67_58,eurobasket_2007,2007,regression,Ridge Regressor,9.0,11.649
Fold_02,eurobasket_2007_ger_slo_47_77,eurobasket_2007,2007,regression,Ridge Regressor,-30.0,7.839
Fold_02,eurobasket_2007_ger_slo_69_65,eurobasket_2007,2007,regression,Ridge Regressor,4.0,7.839
Fold_02,eurobasket_2007_ger_tur_79_49,eurobasket_2007,2007,regression,Ridge Regressor,30.0,4.389
Fold_02,eurobasket_2007_gre_cro_81_78,eurobasket_2007,2007,regression,Ridge Regressor,3.0,14.702
Fold_02,eurobasket_2007_gre_ltu_69_78,eurobasket_2007,2007,regression,Ridge Regressor,-9.0,2.012
Fold_02,eurobasket_2007_gre_por_85_67,eurobasket_2007,2007,regression,Ridge Regressor,18.0,27.212
Fold_02,eurobasket_2007_gre_srb_68_67,eurobasket_2007,2007,regression,Ridge Regressor,1.0,27.212
Fold_02,eurobasket_2007_isr_cro_80_75,eurobasket_2007,2007,regression,Ridge Regressor,5.0,-3.899
Fold_02,eurobasket_2007_isr_gre_66_76,eurobasket_2007,2007,regression,Ridge Regressor,-10.0,-17.632
Fold_02,eurobasket_2007_isr_srb_87_83,eurobasket_2007,2007,regression,Ridge Regressor,4.0,8.611
Fold_02,eurobasket_2007_ita_ltu_74_79,eurobasket_2007,2007,regression,Ridge Regressor,-5.0,-6.786
Fold_02,eurobasket_2007_ita_slo_68_69,eurobasket_2007,2007,regression,Ridge Regressor,-1.0,-2.84
Fold_02,eurobasket_2007_ita_tur_84_75,eurobasket_2007,2007,regression,Ridge Regressor,9.0,-6.291
Fold_02,eurobasket_2007_lat_cro_85_77,eurobasket_2007,2007,regression,Ridge Regressor,8.0,-2.774
Fold_02,eurobasket_2007_ltu_cro_74_72,eurobasket_2007,2007,regression,Ridge Regressor,2.0,13.66
Fold_02,eurobasket_2007_ltu_cze_95_75,eurobasket_2007,2007,regression,Ridge Regressor,20.0,26.17
Fold_02,eurobasket_2007_ltu_fra_88_73,eurobasket_2007,2007,regression,Ridge Regressor,15.0,-1.354
Fold_02,eurobasket_2007_ltu_ger_84_80,eurobasket_2007,2007,regression,Ridge Regressor,4.0,-1.955
Fold_02,eurobasket_2007_pol_fra_66_74,eurobasket_2007,2007,regression,Ridge Regressor,-8.0,-26.554
Fold_02,eurobasket_2007_pol_ita_70_79,eurobasket_2007,2007,regression,Ridge Regressor,-9.0,-16.476
Fold_02,eurobasket_2007_por_esp_56_82,eurobasket_2007,2007,regression,Ridge Regressor,-26.0,-21.756
Fold_02,eurobasket_2007_por_isr_94_85,eurobasket_2007,2007,regression,Ridge Regressor,9.0,-6.672
Fold_02,eurobasket_2007_por_lat_77_67,eurobasket_2007,2007,regression,Ridge Regressor,10.0,-7.798
Fold_02,eurobasket_2007_por_rus_65_78,eurobasket_2007,2007,regression,Ridge Regressor,-13.0,-9.718
Fold_02,eurobasket_2007_rus_esp_69_81,eurobasket_2007,2007,regression,Ridge Regressor,-12.0,-11.069
Fold_02,eurobasket_2007_rus_fra_75_71,eurobasket_2007,2007,regression,Ridge Regressor,4.0,-15.867
Fold_02,eurobasket_2007_rus_gre_61_53,eurobasket_2007,2007,regression,Ridge Regressor,8.0,-14.587
Fold_02,eurobasket_2007_rus_isr_90_56,eurobasket_2007,2007,regression,Ridge Regressor,34.0,4.015
Fold_02,eurobasket_2007_rus_ltu_86_74,eurobasket_2007,2007,regression,Ridge Regressor,12.0,-13.544
Fold_02,eurobasket_2007_slo_fra_67_66,eurobasket_2007,2007,regression,Ridge Regressor,1.0,-5.299
Fold_02,eurobasket_2007_slo_gre_62_63,eurobasket_2007,2007,regression,Ridge Regressor,-1.0,-4.018
Fold_02,eurobasket_2007_slo_ltu_61_80,eurobasket_2007,2007,regression,Ridge Regressor,-19.0,-2.976
Fold_02,eurobasket_2007_slo_pol_70_52,eurobasket_2007,2007,regression,Ridge Regressor,18.0,22.224
Fold_02,eurobasket_2007_srb_rus_65_73,eurobasket_2007,2007,regression,Ridge Regressor,-8.0,-9.718
Fold_02,eurobasket_2007_tur_ltu_69_86,eurobasket_2007,2007,regression,Ridge Regressor,-17.0,0.474
Fold_02,eurobasket_2007_tur_slo_51_66,eurobasket_2007,2007,regression,Ridge Regressor,-15.0,4.42
Fold_02,eurobasket_2007_cro_esp_85_84,eurobasket_2007,2007,regression,ElasticNet Regressor,1.0,-9.297
Fold_02,eurobasket_2007_cro_ger_71_80,eurobasket_2007,2007,regression,ElasticNet Regressor,-9.0,-14.723
Fold_02,eurobasket_2007_cro_por_90_68,eurobasket_2007,2007,regression,ElasticNet Regressor,22.0,13.494
Fold_02,eurobasket_2007_cro_rus_70_83,eurobasket_2007,2007,regression,ElasticNet Regressor,-13.0,2.817
Fold_02,eurobasket_2007_cze_ger_78_83,eurobasket_2007,2007,regression,ElasticNet Regressor,-5.0,-27.248
Fold_02,eurobasket_2007_cze_tur_72_80,eurobasket_2007,2007,regression,ElasticNet Regressor,-8.0,-23.803
Fold_02,eurobasket_2007_esp_ger_83_55,eurobasket_2007,2007,regression,ElasticNet Regressor,28.0,-4.457
Fold_02,eurobasket_2007_esp_gre_76_58,eurobasket_2007,2007,regression,ElasticNet Regressor,18.0,-2.569
Fold_02,eurobasket_2007_esp_gre_82_77,eurobasket_2007,2007,regression,ElasticNet Regressor,5.0,-2.569
Fold_02,eurobasket_2007_esp_isr_99_73,eurobasket_2007,2007,regression,ElasticNet Regressor,26.0,16.129
Fold_02,eurobasket_2007_esp_lat_93_77,eurobasket_2007,2007,regression,ElasticNet Regressor,16.0,15.025
Fold_02,eurobasket_2007_esp_rus_59_60,eurobasket_2007,2007,regression,ElasticNet Regressor,-1.0,13.083
Fold_02,eurobasket_2007_fra_cro_69_86,eurobasket_2007,2007,regression,ElasticNet Regressor,-17.0,16.066
Fold_02,eurobasket_2007_fra_ger_78_66,eurobasket_2007,2007,regression,ElasticNet Regressor,12.0,0.373
Fold_02,eurobasket_2007_fra_ita_69_62,eurobasket_2007,2007,regression,ElasticNet Regressor,7.0,11.108
Fold_02,eurobasket_2007_fra_slo_74_88,eurobasket_2007,2007,regression,ElasticNet Regressor,-14.0,7.289
Fold_02,eurobasket_2007_fra_tur_85_64,eurobasket_2007,2007,regression,ElasticNet Regressor,21.0,3.819
Fold_02,eurobasket_2007_ger_ita_67_58,eurobasket_2007,2007,regression,ElasticNet Regressor,9.0,11.704
Fold_02,eurobasket_2007_ger_slo_47_77,eurobasket_2007,2007,regression,ElasticNet Regressor,-30.0,7.885
Fold_02,eurobasket_2007_ger_slo_69_65,eurobasket_2007,2007,regression,ElasticNet Regressor,4.0,7.885
Fold_02,eurobasket_2007_ger_tur_79_49,eurobasket_2007,2007,regression,ElasticNet Regressor,30.0,4.414
Fold_02,eurobasket_2007_gre_cro_81_78,eurobasket_2007,2007,regression,ElasticNet Regressor,3.0,14.774
Fold_02,eurobasket_2007_gre_ltu_69_78,eurobasket_2007,2007,regression,ElasticNet Regressor,-9.0,2.023
Fold_02,eurobasket_2007_gre_por_85_67,eurobasket_2007,2007,regression,ElasticNet Regressor,18.0,27.299
Fold_02,eurobasket_2007_gre_srb_68_67,eurobasket_2007,2007,regression,ElasticNet Regressor,1.0,27.299
Fold_02,eurobasket_2007_isr_cro_80_75,eurobasket_2007,2007,regression,ElasticNet Regressor,5.0,-3.924
Fold_02,eurobasket_2007_isr_gre_66_76,eurobasket_2007,2007,regression,ElasticNet Regressor,-10.0,-17.729
Fold_02,eurobasket_2007_isr_srb_87_83,eurobasket_2007,2007,regression,ElasticNet Regressor,4.0,8.601
Fold_02,eurobasket_2007_ita_ltu_74_79,eurobasket_2007,2007,regression,ElasticNet Regressor,-5.0,-6.824
Fold_02,eurobasket_2007_ita_slo_68_69,eurobasket_2007,2007,regression,ElasticNet Regressor,-1.0,-2.85
Fold_02,eurobasket_2007_ita_tur_84_75,eurobasket_2007,2007,regression,ElasticNet Regressor,9.0,-6.321
Fold_02,eurobasket_2007_lat_cro_85_77,eurobasket_2007,2007,regression,ElasticNet Regressor,8.0,-2.821
Fold_02,eurobasket_2007_ltu_cro_74_72,eurobasket_2007,2007,regression,ElasticNet Regressor,2.0,13.72
Fold_02,eurobasket_2007_ltu_cze_95_75,eurobasket_2007,2007,regression,ElasticNet Regressor,20.0,26.245
Fold_02,eurobasket_2007_ltu_fra_88_73,eurobasket_2007,2007,regression,ElasticNet Regressor,15.0,-1.377
Fold_02,eurobasket_2007_ltu_ger_84_80,eurobasket_2007,2007,regression,ElasticNet Regressor,4.0,-1.973
Fold_02,eurobasket_2007_pol_fra_66_74,eurobasket_2007,2007,regression,ElasticNet Regressor,-8.0,-26.653
Fold_02,eurobasket_2007_pol_ita_70_79,eurobasket_2007,2007,regression,ElasticNet Regressor,-9.0,-16.514
Fold_02,eurobasket_2007_por_esp_56_82,eurobasket_2007,2007,regression,ElasticNet Regressor,-26.0,-21.822
Fold_02,eurobasket_2007_por_isr_94_85,eurobasket_2007,2007,regression,ElasticNet Regressor,9.0,-6.663
Fold_02,eurobasket_2007_por_lat_77_67,eurobasket_2007,2007,regression,ElasticNet Regressor,10.0,-7.766
Fold_02,eurobasket_2007_por_rus_65_78,eurobasket_2007,2007,regression,ElasticNet Regressor,-13.0,-9.708
Fold_02,eurobasket_2007_rus_esp_69_81,eurobasket_2007,2007,regression,ElasticNet Regressor,-12.0,-11.145
Fold_02,eurobasket_2007_rus_fra_75_71,eurobasket_2007,2007,regression,ElasticNet Regressor,4.0,-15.975
Fold_02,eurobasket_2007_rus_gre_61_53,eurobasket_2007,2007,regression,ElasticNet Regressor,8.0,-14.683
Fold_02,eurobasket_2007_rus_isr_90_56,eurobasket_2007,2007,regression,ElasticNet Regressor,34.0,4.015
Fold_02,eurobasket_2007_rus_ltu_86_74,eurobasket_2007,2007,regression,ElasticNet Regressor,12.0,-13.629
Fold_02,eurobasket_2007_slo_fra_67_66,eurobasket_2007,2007,regression,ElasticNet Regressor,1.0,-5.351
Fold_02,eurobasket_2007_slo_gre_62_63,eurobasket_2007,2007,regression,ElasticNet Regressor,-1.0,-4.059
Fold_02,eurobasket_2007_slo_ltu_61_80,eurobasket_2007,2007,regression,ElasticNet Regressor,-19.0,-3.005
Fold_02,eurobasket_2007_slo_pol_70_52,eurobasket_2007,2007,regression,ElasticNet Regressor,18.0,22.271
Fold_02,eurobasket_2007_srb_rus_65_73,eurobasket_2007,2007,regression,ElasticNet Regressor,-8.0,-9.708
Fold_02,eurobasket_2007_tur_ltu_69_86,eurobasket_2007,2007,regression,ElasticNet Regressor,-17.0,0.466
Fold_02,eurobasket_2007_tur_slo_51_66,eurobasket_2007,2007,regression,ElasticNet Regressor,-15.0,4.44
Fold_02,eurobasket_2007_cro_esp_85_84,eurobasket_2007,2007,regression,LightGBM Regressor,1.0,-3.604
Fold_02,eurobasket_2007_cro_ger_71_80,eurobasket_2007,2007,regression,LightGBM Regressor,-9.0,0.504
Fold_02,eurobasket_2007_cro_por_90_68,eurobasket_2007,2007,regression,LightGBM Regressor,22.0,6.944
Fold_02,eurobasket_2007_cro_rus_70_83,eurobasket_2007,2007,regression,LightGBM Regressor,-13.0,-4.891
Fold_02,eurobasket_2007_cze_ger_78_83,eurobasket_2007,2007,regression,LightGBM Regressor,-5.0,-8.96
Fold_02,eurobasket_2007_cze_tur_72_80,eurobasket_2007,2007,regression,LightGBM Regressor,-8.0,-13.388
Fold_02,eurobasket_2007_esp_ger_83_55,eurobasket_2007,2007,regression,LightGBM Regressor,28.0,3.913
Fold_02,eurobasket_2007_esp_gre_76_58,eurobasket_2007,2007,regression,LightGBM Regressor,18.0,3.389
Fold_02,eurobasket_2007_esp_gre_82_77,eurobasket_2007,2007,regression,LightGBM Regressor,5.0,3.389
Fold_02,eurobasket_2007_esp_isr_99_73,eurobasket_2007,2007,regression,LightGBM Regressor,26.0,3.814
Fold_02,eurobasket_2007_esp_lat_93_77,eurobasket_2007,2007,regression,LightGBM Regressor,16.0,6.545
Fold_02,eurobasket_2007_esp_rus_59_60,eurobasket_2007,2007,regression,LightGBM Regressor,-1.0,6.545
Fold_02,eurobasket_2007_fra_cro_69_86,eurobasket_2007,2007,regression,LightGBM Regressor,-17.0,4.213
Fold_02,eurobasket_2007_fra_ger_78_66,eurobasket_2007,2007,regression,LightGBM Regressor,12.0,2.062
Fold_02,eurobasket_2007_fra_ita_69_62,eurobasket_2007,2007,regression,LightGBM Regressor,7.0,1.963
Fold_02,eurobasket_2007_fra_slo_74_88,eurobasket_2007,2007,regression,LightGBM Regressor,-14.0,-6.87
Fold_02,eurobasket_2007_fra_tur_85_64,eurobasket_2007,2007,regression,LightGBM Regressor,21.0,10.199
Fold_02,eurobasket_2007_ger_ita_67_58,eurobasket_2007,2007,regression,LightGBM Regressor,9.0,1.963
Fold_02,eurobasket_2007_ger_slo_47_77,eurobasket_2007,2007,regression,LightGBM Regressor,-30.0,4.331
Fold_02,eurobasket_2007_ger_slo_69_65,eurobasket_2007,2007,regression,LightGBM Regressor,4.0,4.331
Fold_02,eurobasket_2007_ger_tur_79_49,eurobasket_2007,2007,regression,LightGBM Regressor,30.0,6.545
Fold_02,eurobasket_2007_gre_cro_81_78,eurobasket_2007,2007,regression,LightGBM Regressor,3.0,7.468
Fold_02,eurobasket_2007_gre_ltu_69_78,eurobasket_2007,2007,regression,LightGBM Regressor,-9.0,4.213
Fold_02,eurobasket_2007_gre_por_85_67,eurobasket_2007,2007,regression,LightGBM Regressor,18.0,10.976
Fold_02,eurobasket_2007_gre_srb_68_67,eurobasket_2007,2007,regression,LightGBM Regressor,1.0,10.976
Fold_02,eurobasket_2007_isr_cro_80_75,eurobasket_2007,2007,regression,LightGBM Regressor,5.0,6.527
Fold_02,eurobasket_2007_isr_gre_66_76,eurobasket_2007,2007,regression,LightGBM Regressor,-10.0,-3.604
Fold_02,eurobasket_2007_isr_srb_87_83,eurobasket_2007,2007,regression,LightGBM Regressor,4.0,9.55
Fold_02,eurobasket_2007_ita_ltu_74_79,eurobasket_2007,2007,regression,LightGBM Regressor,-5.0,-3.604
Fold_02,eurobasket_2007_ita_slo_68_69,eurobasket_2007,2007,regression,LightGBM Regressor,-1.0,4.43
Fold_02,eurobasket_2007_ita_tur_84_75,eurobasket_2007,2007,regression,LightGBM Regressor,9.0,3.389
Fold_02,eurobasket_2007_lat_cro_85_77,eurobasket_2007,2007,regression,LightGBM Regressor,8.0,6.49
Fold_02,eurobasket_2007_ltu_cro_74_72,eurobasket_2007,2007,regression,LightGBM Regressor,2.0,0.559
Fold_02,eurobasket_2007_ltu_cze_95_75,eurobasket_2007,2007,regression,LightGBM Regressor,20.0,12.154
Fold_02,eurobasket_2007_ltu_fra_88_73,eurobasket_2007,2007,regression,LightGBM Regressor,15.0,0.658
Fold_02,eurobasket_2007_ltu_ger_84_80,eurobasket_2007,2007,regression,LightGBM Regressor,4.0,0.658
Fold_02,eurobasket_2007_pol_fra_66_74,eurobasket_2007,2007,regression,LightGBM Regressor,-8.0,-8.96
Fold_02,eurobasket_2007_pol_ita_70_79,eurobasket_2007,2007,regression,LightGBM Regressor,-9.0,-10.814
Fold_02,eurobasket_2007_por_esp_56_82,eurobasket_2007,2007,regression,LightGBM Regressor,-26.0,-8.96
Fold_02,eurobasket_2007_por_isr_94_85,eurobasket_2007,2007,regression,LightGBM Regressor,9.0,-13.388
Fold_02,eurobasket_2007_por_lat_77_67,eurobasket_2007,2007,regression,LightGBM Regressor,10.0,-10.133
Fold_02,eurobasket_2007_por_rus_65_78,eurobasket_2007,2007,regression,LightGBM Regressor,-13.0,-10.814
Fold_02,eurobasket_2007_rus_esp_69_81,eurobasket_2007,2007,regression,LightGBM Regressor,-12.0,-3.665
Fold_02,eurobasket_2007_rus_fra_75_71,eurobasket_2007,2007,regression,LightGBM Regressor,4.0,4.609
Fold_02,eurobasket_2007_rus_gre_61_53,eurobasket_2007,2007,regression,LightGBM Regressor,8.0,2.359
Fold_02,eurobasket_2007_rus_isr_90_56,eurobasket_2007,2007,regression,LightGBM Regressor,34.0,0.559
Fold_02,eurobasket_2007_rus_ltu_86_74,eurobasket_2007,2007,regression,LightGBM Regressor,12.0,6.013
Fold_02,eurobasket_2007_slo_fra_67_66,eurobasket_2007,2007,regression,LightGBM Regressor,1.0,4.731
Fold_02,eurobasket_2007_slo_gre_62_63,eurobasket_2007,2007,regression,LightGBM Regressor,-1.0,3.944
Fold_02,eurobasket_2007_slo_ltu_61_80,eurobasket_2007,2007,regression,LightGBM Regressor,-19.0,7.598
Fold_02,eurobasket_2007_slo_pol_70_52,eurobasket_2007,2007,regression,LightGBM Regressor,18.0,8.899
Fold_02,eurobasket_2007_srb_rus_65_73,eurobasket_2007,2007,regression,LightGBM Regressor,-8.0,-10.814
Fold_02,eurobasket_2007_tur_ltu_69_86,eurobasket_2007,2007,regression,LightGBM Regressor,-17.0,-3.604
Fold_02,eurobasket_2007_tur_slo_51_66,eurobasket_2007,2007,regression,LightGBM Regressor,-15.0,-3.764
Fold_03,olympics_2008_ang_chn_68_85,olympics_2008,2008,classification,Naive Baseline (50%),0.0,0.5
Fold_03,olympics_2008_ang_esp_50_98,olympics_2008,2008,classification,Naive Baseline (50%),0.0,0.5
Fold_03,olympics_2008_ang_usa_76_97,olympics_2008,2008,classification,Naive Baseline (50%),0.0,0.5
Fold_03,olympics_2008_arg_aus_85_68,olympics_2008,2008,classification,Naive Baseline (50%),1.0,0.5
Fold_03,olympics_2008_arg_cro_77_53,olympics_2008,2008,classification,Naive Baseline (50%),1.0,0.5
Fold_03,olympics_2008_arg_gre_80_78,olympics_2008,2008,classification,Naive Baseline (50%),1.0,0.5
Fold_03,olympics_2008_arg_rus_91_79,olympics_2008,2008,classification,Naive Baseline (50%),1.0,0.5
Fold_03,olympics_2008_arg_usa_81_101,olympics_2008,2008,classification,Naive Baseline (50%),0.0,0.5
Fold_03,olympics_2008_aus_cro_82_97,olympics_2008,2008,classification,Naive Baseline (50%),0.0,0.5
Fold_03,olympics_2008_aus_iri_106_68,olympics_2008,2008,classification,Naive Baseline (50%),1.0,0.5
Fold_03,olympics_2008_aus_ltu_106_75,olympics_2008,2008,classification,Naive Baseline (50%),1.0,0.5
Fold_03,olympics_2008_chn_esp_75_85,olympics_2008,2008,classification,Naive Baseline (50%),0.0,0.5
Fold_03,olympics_2008_chn_ger_59_55,olympics_2008,2008,classification,Naive Baseline (50%),1.0,0.5
Fold_03,olympics_2008_cro_ltu_73_86,olympics_2008,2008,classification,Naive Baseline (50%),0.0,0.5
Fold_03,olympics_2008_cro_rus_85_78,olympics_2008,2008,classification,Naive Baseline (50%),1.0,0.5
Fold_03,olympics_2008_esp_cro_72_59,olympics_2008,2008,classification,Naive Baseline (50%),1.0,0.5
Fold_03,olympics_2008_esp_gre_81_66,olympics_2008,2008,classification,Naive Baseline (50%),1.0,0.5
Fold_03,olympics_2008_esp_ltu_91_86,olympics_2008,2008,classification,Naive Baseline (50%),1.0,0.5
Fold_03,olympics_2008_esp_usa_107_118,olympics_2008,2008,classification,Naive Baseline (50%),0.0,0.5
Fold_03,olympics_2008_esp_usa_82_119,olympics_2008,2008,classification,Naive Baseline (50%),0.0,0.5
Fold_03,olympics_2008_ger_ang_95_66,olympics_2008,2008,classification,Naive Baseline (50%),1.0,0.5
Fold_03,olympics_2008_ger_esp_59_72,olympics_2008,2008,classification,Naive Baseline (50%),0.0,0.5
Fold_03,olympics_2008_gre_ang_102_61,olympics_2008,2008,classification,Naive Baseline (50%),1.0,0.5
Fold_03,olympics_2008_gre_chn_91_77,olympics_2008,2008,classification,Naive Baseline (50%),1.0,0.5
Fold_03,olympics_2008_gre_ger_87_64,olympics_2008,2008,classification,Naive Baseline (50%),1.0,0.5
Fold_03,olympics_2008_iri_arg_82_97,olympics_2008,2008,classification,Naive Baseline (50%),0.0,0.5
Fold_03,olympics_2008_iri_cro_57_91,olympics_2008,2008,classification,Naive Baseline (50%),0.0,0.5
Fold_03,olympics_2008_iri_ltu_67_99,olympics_2008,2008,classification,Naive Baseline (50%),0.0,0.5
Fold_03,olympics_2008_ltu_arg_75_87,olympics_2008,2008,classification,Naive Baseline (50%),0.0,0.5
Fold_03,olympics_2008_ltu_arg_79_75,olympics_2008,2008,classification,Naive Baseline (50%),1.0,0.5
Fold_03,olympics_2008_ltu_chn_94_68,olympics_2008,2008,classification,Naive Baseline (50%),1.0,0.5
Fold_03,olympics_2008_ltu_rus_86_79,olympics_2008,2008,classification,Naive Baseline (50%),1.0,0.5
Fold_03,olympics_2008_rus_aus_80_95,olympics_2008,2008,classification,Naive Baseline (50%),0.0,0.5
Fold_03,olympics_2008_rus_iri_71_49,olympics_2008,2008,classification,Naive Baseline (50%),1.0,0.5
Fold_03,olympics_2008_usa_aus_116_85,olympics_2008,2008,classification,Naive Baseline (50%),1.0,0.5
Fold_03,olympics_2008_usa_chn_101_70,olympics_2008,2008,classification,Naive Baseline (50%),1.0,0.5
Fold_03,olympics_2008_usa_ger_106_57,olympics_2008,2008,classification,Naive Baseline (50%),1.0,0.5
Fold_03,olympics_2008_usa_gre_92_69,olympics_2008,2008,classification,Naive Baseline (50%),1.0,0.5
Fold_03,olympics_2008_ang_chn_68_85,olympics_2008,2008,classification,Logistic Regression L2,0.0,0.5631
Fold_03,olympics_2008_ang_esp_50_98,olympics_2008,2008,classification,Logistic Regression L2,0.0,0.0889
Fold_03,olympics_2008_ang_usa_76_97,olympics_2008,2008,classification,Logistic Regression L2,0.0,0.4743
Fold_03,olympics_2008_arg_aus_85_68,olympics_2008,2008,classification,Logistic Regression L2,1.0,0.6647
Fold_03,olympics_2008_arg_cro_77_53,olympics_2008,2008,classification,Logistic Regression L2,1.0,0.3133
Fold_03,olympics_2008_arg_gre_80_78,olympics_2008,2008,classification,Logistic Regression L2,1.0,0.1094
Fold_03,olympics_2008_arg_rus_91_79,olympics_2008,2008,classification,Logistic Regression L2,1.0,0.3503
Fold_03,olympics_2008_arg_usa_81_101,olympics_2008,2008,classification,Logistic Regression L2,0.0,0.5754
Fold_03,olympics_2008_aus_cro_82_97,olympics_2008,2008,classification,Logistic Regression L2,0.0,0.2378
Fold_03,olympics_2008_aus_iri_106_68,olympics_2008,2008,classification,Logistic Regression L2,1.0,0.7695
Fold_03,olympics_2008_aus_ltu_106_75,olympics_2008,2008,classification,Logistic Regression L2,1.0,0.0893
Fold_03,olympics_2008_chn_esp_75_85,olympics_2008,2008,classification,Logistic Regression L2,0.0,0.0931
Fold_03,olympics_2008_chn_ger_59_55,olympics_2008,2008,classification,Logistic Regression L2,1.0,0.0783
Fold_03,olympics_2008_cro_ltu_73_86,olympics_2008,2008,classification,Logistic Regression L2,0.0,0.2987
Fold_03,olympics_2008_cro_rus_85_78,olympics_2008,2008,classification,Logistic Regression L2,1.0,0.6157
Fold_03,olympics_2008_esp_cro_72_59,olympics_2008,2008,classification,Logistic Regression L2,1.0,0.8085
Fold_03,olympics_2008_esp_gre_81_66,olympics_2008,2008,classification,Logistic Regression L2,1.0,0.5319
Fold_03,olympics_2008_esp_ltu_91_86,olympics_2008,2008,classification,Logistic Regression L2,1.0,0.5701
Fold_03,olympics_2008_esp_usa_107_118,olympics_2008,2008,classification,Logistic Regression L2,0.0,0.9262
Fold_03,olympics_2008_esp_usa_82_119,olympics_2008,2008,classification,Logistic Regression L2,0.0,0.9262
Fold_03,olympics_2008_ger_ang_95_66,olympics_2008,2008,classification,Logistic Regression L2,1.0,0.9579
Fold_03,olympics_2008_ger_esp_59_72,olympics_2008,2008,classification,Logistic Regression L2,0.0,0.6209
Fold_03,olympics_2008_gre_ang_102_61,olympics_2008,2008,classification,Logistic Regression L2,1.0,0.9574
Fold_03,olympics_2008_gre_chn_91_77,olympics_2008,2008,classification,Logistic Regression L2,1.0,0.9553
Fold_03,olympics_2008_gre_ger_87_64,olympics_2008,2008,classification,Logistic Regression L2,1.0,0.5725
Fold_03,olympics_2008_iri_arg_82_97,olympics_2008,2008,classification,Logistic Regression L2,0.0,0.2736
Fold_03,olympics_2008_iri_cro_57_91,olympics_2008,2008,classification,Logistic Regression L2,0.0,0.1125
Fold_03,olympics_2008_iri_ltu_67_99,olympics_2008,2008,classification,Logistic Regression L2,0.0,0.0383
Fold_03,olympics_2008_ltu_arg_75_87,olympics_2008,2008,classification,Logistic Regression L2,0.0,0.9277
Fold_03,olympics_2008_ltu_arg_79_75,olympics_2008,2008,classification,Logistic Regression L2,1.0,0.9277
Fold_03,olympics_2008_ltu_chn_94_68,olympics_2008,2008,classification,Logistic Regression L2,1.0,0.9482
Fold_03,olympics_2008_ltu_rus_86_79,olympics_2008,2008,classification,Logistic Regression L2,1.0,0.836
Fold_03,olympics_2008_rus_aus_80_95,olympics_2008,2008,classification,Logistic Regression L2,0.0,0.8329
Fold_03,olympics_2008_rus_iri_71_49,olympics_2008,2008,classification,Logistic Regression L2,1.0,0.9247
Fold_03,olympics_2008_usa_aus_116_85,olympics_2008,2008,classification,Logistic Regression L2,1.0,0.6648
Fold_03,olympics_2008_usa_chn_101_70,olympics_2008,2008,classification,Logistic Regression L2,1.0,0.6595
Fold_03,olympics_2008_usa_ger_106_57,olympics_2008,2008,classification,Logistic Regression L2,1.0,0.1082
Fold_03,olympics_2008_usa_gre_92_69,olympics_2008,2008,classification,Logistic Regression L2,1.0,0.1094
Fold_03,olympics_2008_ang_chn_68_85,olympics_2008,2008,classification,ElasticNet Classifier,0.0,0.544
Fold_03,olympics_2008_ang_esp_50_98,olympics_2008,2008,classification,ElasticNet Classifier,0.0,0.0887
Fold_03,olympics_2008_ang_usa_76_97,olympics_2008,2008,classification,ElasticNet Classifier,0.0,0.44
Fold_03,olympics_2008_arg_aus_85_68,olympics_2008,2008,classification,ElasticNet Classifier,1.0,0.6443
Fold_03,olympics_2008_arg_cro_77_53,olympics_2008,2008,classification,ElasticNet Classifier,1.0,0.3105
Fold_03,olympics_2008_arg_gre_80_78,olympics_2008,2008,classification,ElasticNet Classifier,1.0,0.114
Fold_03,olympics_2008_arg_rus_91_79,olympics_2008,2008,classification,ElasticNet Classifier,1.0,0.341
Fold_03,olympics_2008_arg_usa_81_101,olympics_2008,2008,classification,ElasticNet Classifier,0.0,0.544
Fold_03,olympics_2008_aus_cro_82_97,olympics_2008,2008,classification,ElasticNet Classifier,0.0,0.2287
Fold_03,olympics_2008_aus_iri_106_68,olympics_2008,2008,classification,ElasticNet Classifier,1.0,0.7334
Fold_03,olympics_2008_aus_ltu_106_75,olympics_2008,2008,classification,ElasticNet Classifier,1.0,0.0887
Fold_03,olympics_2008_chn_esp_75_85,olympics_2008,2008,classification,ElasticNet Classifier,0.0,0.0887
Fold_03,olympics_2008_chn_ger_59_55,olympics_2008,2008,classification,ElasticNet Classifier,1.0,0.0781
Fold_03,olympics_2008_cro_ltu_73_86,olympics_2008,2008,classification,ElasticNet Classifier,0.0,0.2815
Fold_03,olympics_2008_cro_rus_85_78,olympics_2008,2008,classification,ElasticNet Classifier,1.0,0.5783
Fold_03,olympics_2008_esp_cro_72_59,olympics_2008,2008,classification,ElasticNet Classifier,1.0,0.7842
Fold_03,olympics_2008_esp_gre_81_66,olympics_2008,2008,classification,ElasticNet Classifier,1.0,0.5094
Fold_03,olympics_2008_esp_ltu_91_86,olympics_2008,2008,classification,ElasticNet Classifier,1.0,0.544
Fold_03,olympics_2008_esp_usa_107_118,olympics_2008,2008,classification,ElasticNet Classifier,0.0,0.9059
Fold_03,olympics_2008_esp_usa_82_119,olympics_2008,2008,classification,ElasticNet Classifier,0.0,0.9059
Fold_03,olympics_2008_ger_ang_95_66,olympics_2008,2008,classification,ElasticNet Classifier,1.0,0.9438
Fold_03,olympics_2008_ger_esp_59_72,olympics_2008,2008,classification,ElasticNet Classifier,0.0,0.5783
Fold_03,olympics_2008_gre_ang_102_61,olympics_2008,2008,classification,ElasticNet Classifier,1.0,0.9438
Fold_03,olympics_2008_gre_chn_91_77,olympics_2008,2008,classification,ElasticNet Classifier,1.0,0.9438
Fold_03,olympics_2008_gre_ger_87_64,olympics_2008,2008,classification,ElasticNet Classifier,1.0,0.544
Fold_03,olympics_2008_iri_arg_82_97,olympics_2008,2008,classification,ElasticNet Classifier,0.0,0.2542
Fold_03,olympics_2008_iri_cro_57_91,olympics_2008,2008,classification,ElasticNet Classifier,0.0,0.114
Fold_03,olympics_2008_iri_ltu_67_99,olympics_2008,2008,classification,ElasticNet Classifier,0.0,0.0405
Fold_03,olympics_2008_ltu_arg_75_87,olympics_2008,2008,classification,ElasticNet Classifier,0.0,0.9059
Fold_03,olympics_2008_ltu_arg_79_75,olympics_2008,2008,classification,ElasticNet Classifier,1.0,0.9059
Fold_03,olympics_2008_ltu_chn_94_68,olympics_2008,2008,classification,ElasticNet Classifier,1.0,0.936
Fold_03,olympics_2008_ltu_rus_86_79,olympics_2008,2008,classification,ElasticNet Classifier,1.0,0.8068
Fold_03,olympics_2008_rus_aus_80_95,olympics_2008,2008,classification,ElasticNet Classifier,0.0,0.8068
Fold_03,olympics_2008_rus_iri_71_49,olympics_2008,2008,classification,ElasticNet Classifier,1.0,0.9059
Fold_03,olympics_2008_usa_aus_116_85,olympics_2008,2008,classification,ElasticNet Classifier,1.0,0.6443
Fold_03,olympics_2008_usa_chn_101_70,olympics_2008,2008,classification,ElasticNet Classifier,1.0,0.6443
Fold_03,olympics_2008_usa_ger_106_57,olympics_2008,2008,classification,ElasticNet Classifier,1.0,0.114
Fold_03,olympics_2008_usa_gre_92_69,olympics_2008,2008,classification,ElasticNet Classifier,1.0,0.114
Fold_03,olympics_2008_ang_chn_68_85,olympics_2008,2008,classification,LightGBM Classifier,0.0,0.8674
Fold_03,olympics_2008_ang_esp_50_98,olympics_2008,2008,classification,LightGBM Classifier,0.0,0.7016
Fold_03,olympics_2008_ang_usa_76_97,olympics_2008,2008,classification,LightGBM Classifier,0.0,0.4563
Fold_03,olympics_2008_arg_aus_85_68,olympics_2008,2008,classification,LightGBM Classifier,1.0,0.874
Fold_03,olympics_2008_arg_cro_77_53,olympics_2008,2008,classification,LightGBM Classifier,1.0,0.8907
Fold_03,olympics_2008_arg_gre_80_78,olympics_2008,2008,classification,LightGBM Classifier,1.0,0.8541
Fold_03,olympics_2008_arg_rus_91_79,olympics_2008,2008,classification,LightGBM Classifier,1.0,0.8915
Fold_03,olympics_2008_arg_usa_81_101,olympics_2008,2008,classification,LightGBM Classifier,0.0,0.3175
Fold_03,olympics_2008_aus_cro_82_97,olympics_2008,2008,classification,LightGBM Classifier,0.0,0.546
Fold_03,olympics_2008_aus_iri_106_68,olympics_2008,2008,classification,LightGBM Classifier,1.0,0.9328
Fold_03,olympics_2008_aus_ltu_106_75,olympics_2008,2008,classification,LightGBM Classifier,1.0,0.3754
Fold_03,olympics_2008_chn_esp_75_85,olympics_2008,2008,classification,LightGBM Classifier,0.0,0.2562
Fold_03,olympics_2008_chn_ger_59_55,olympics_2008,2008,classification,LightGBM Classifier,1.0,0.4488
Fold_03,olympics_2008_cro_ltu_73_86,olympics_2008,2008,classification,LightGBM Classifier,0.0,0.2868
Fold_03,olympics_2008_cro_rus_85_78,olympics_2008,2008,classification,LightGBM Classifier,1.0,0.3107
Fold_03,olympics_2008_esp_cro_72_59,olympics_2008,2008,classification,LightGBM Classifier,1.0,0.8881
Fold_03,olympics_2008_esp_gre_81_66,olympics_2008,2008,classification,LightGBM Classifier,1.0,0.8276
Fold_03,olympics_2008_esp_ltu_91_86,olympics_2008,2008,classification,LightGBM Classifier,1.0,0.892
Fold_03,olympics_2008_esp_usa_107_118,olympics_2008,2008,classification,LightGBM Classifier,0.0,0.497
Fold_03,olympics_2008_esp_usa_82_119,olympics_2008,2008,classification,LightGBM Classifier,0.0,0.497
Fold_03,olympics_2008_ger_ang_95_66,olympics_2008,2008,classification,LightGBM Classifier,1.0,0.368
Fold_03,olympics_2008_ger_esp_59_72,olympics_2008,2008,classification,LightGBM Classifier,0.0,0.366
Fold_03,olympics_2008_gre_ang_102_61,olympics_2008,2008,classification,LightGBM Classifier,1.0,0.2279
Fold_03,olympics_2008_gre_chn_91_77,olympics_2008,2008,classification,LightGBM Classifier,1.0,0.8959
Fold_03,olympics_2008_gre_ger_87_64,olympics_2008,2008,classification,LightGBM Classifier,1.0,0.9196
Fold_03,olympics_2008_iri_arg_82_97,olympics_2008,2008,classification,LightGBM Classifier,0.0,0.2081
Fold_03,olympics_2008_iri_cro_57_91,olympics_2008,2008,classification,LightGBM Classifier,0.0,0.2673
Fold_03,olympics_2008_iri_ltu_67_99,olympics_2008,2008,classification,LightGBM Classifier,0.0,0.1517
Fold_03,olympics_2008_ltu_arg_75_87,olympics_2008,2008,classification,LightGBM Classifier,0.0,0.5144
Fold_03,olympics_2008_ltu_arg_79_75,olympics_2008,2008,classification,LightGBM Classifier,1.0,0.5144
Fold_03,olympics_2008_ltu_chn_94_68,olympics_2008,2008,classification,LightGBM Classifier,1.0,0.8573
Fold_03,olympics_2008_ltu_rus_86_79,olympics_2008,2008,classification,LightGBM Classifier,1.0,0.5787
Fold_03,olympics_2008_rus_aus_80_95,olympics_2008,2008,classification,LightGBM Classifier,0.0,0.863
Fold_03,olympics_2008_rus_iri_71_49,olympics_2008,2008,classification,LightGBM Classifier,1.0,0.8076
Fold_03,olympics_2008_usa_aus_116_85,olympics_2008,2008,classification,LightGBM Classifier,1.0,0.8585
Fold_03,olympics_2008_usa_chn_101_70,olympics_2008,2008,classification,LightGBM Classifier,1.0,0.7247
Fold_03,olympics_2008_usa_ger_106_57,olympics_2008,2008,classification,LightGBM Classifier,1.0,0.8917
Fold_03,olympics_2008_usa_gre_92_69,olympics_2008,2008,classification,LightGBM Classifier,1.0,0.8409
Fold_03,olympics_2008_ang_chn_68_85,olympics_2008,2008,regression,Naive Margin (0.0 pts),-17.0,0.0
Fold_03,olympics_2008_ang_esp_50_98,olympics_2008,2008,regression,Naive Margin (0.0 pts),-48.0,0.0
Fold_03,olympics_2008_ang_usa_76_97,olympics_2008,2008,regression,Naive Margin (0.0 pts),-21.0,0.0
Fold_03,olympics_2008_arg_aus_85_68,olympics_2008,2008,regression,Naive Margin (0.0 pts),17.0,0.0
Fold_03,olympics_2008_arg_cro_77_53,olympics_2008,2008,regression,Naive Margin (0.0 pts),24.0,0.0
Fold_03,olympics_2008_arg_gre_80_78,olympics_2008,2008,regression,Naive Margin (0.0 pts),2.0,0.0
Fold_03,olympics_2008_arg_rus_91_79,olympics_2008,2008,regression,Naive Margin (0.0 pts),12.0,0.0
Fold_03,olympics_2008_arg_usa_81_101,olympics_2008,2008,regression,Naive Margin (0.0 pts),-20.0,0.0
Fold_03,olympics_2008_aus_cro_82_97,olympics_2008,2008,regression,Naive Margin (0.0 pts),-15.0,0.0
Fold_03,olympics_2008_aus_iri_106_68,olympics_2008,2008,regression,Naive Margin (0.0 pts),38.0,0.0
Fold_03,olympics_2008_aus_ltu_106_75,olympics_2008,2008,regression,Naive Margin (0.0 pts),31.0,0.0
Fold_03,olympics_2008_chn_esp_75_85,olympics_2008,2008,regression,Naive Margin (0.0 pts),-10.0,0.0
Fold_03,olympics_2008_chn_ger_59_55,olympics_2008,2008,regression,Naive Margin (0.0 pts),4.0,0.0
Fold_03,olympics_2008_cro_ltu_73_86,olympics_2008,2008,regression,Naive Margin (0.0 pts),-13.0,0.0
Fold_03,olympics_2008_cro_rus_85_78,olympics_2008,2008,regression,Naive Margin (0.0 pts),7.0,0.0
Fold_03,olympics_2008_esp_cro_72_59,olympics_2008,2008,regression,Naive Margin (0.0 pts),13.0,0.0
Fold_03,olympics_2008_esp_gre_81_66,olympics_2008,2008,regression,Naive Margin (0.0 pts),15.0,0.0
Fold_03,olympics_2008_esp_ltu_91_86,olympics_2008,2008,regression,Naive Margin (0.0 pts),5.0,0.0
Fold_03,olympics_2008_esp_usa_107_118,olympics_2008,2008,regression,Naive Margin (0.0 pts),-11.0,0.0
Fold_03,olympics_2008_esp_usa_82_119,olympics_2008,2008,regression,Naive Margin (0.0 pts),-37.0,0.0
Fold_03,olympics_2008_ger_ang_95_66,olympics_2008,2008,regression,Naive Margin (0.0 pts),29.0,0.0
Fold_03,olympics_2008_ger_esp_59_72,olympics_2008,2008,regression,Naive Margin (0.0 pts),-13.0,0.0
Fold_03,olympics_2008_gre_ang_102_61,olympics_2008,2008,regression,Naive Margin (0.0 pts),41.0,0.0
Fold_03,olympics_2008_gre_chn_91_77,olympics_2008,2008,regression,Naive Margin (0.0 pts),14.0,0.0
Fold_03,olympics_2008_gre_ger_87_64,olympics_2008,2008,regression,Naive Margin (0.0 pts),23.0,0.0
Fold_03,olympics_2008_iri_arg_82_97,olympics_2008,2008,regression,Naive Margin (0.0 pts),-15.0,0.0
Fold_03,olympics_2008_iri_cro_57_91,olympics_2008,2008,regression,Naive Margin (0.0 pts),-34.0,0.0
Fold_03,olympics_2008_iri_ltu_67_99,olympics_2008,2008,regression,Naive Margin (0.0 pts),-32.0,0.0
Fold_03,olympics_2008_ltu_arg_75_87,olympics_2008,2008,regression,Naive Margin (0.0 pts),-12.0,0.0
Fold_03,olympics_2008_ltu_arg_79_75,olympics_2008,2008,regression,Naive Margin (0.0 pts),4.0,0.0
Fold_03,olympics_2008_ltu_chn_94_68,olympics_2008,2008,regression,Naive Margin (0.0 pts),26.0,0.0
Fold_03,olympics_2008_ltu_rus_86_79,olympics_2008,2008,regression,Naive Margin (0.0 pts),7.0,0.0
Fold_03,olympics_2008_rus_aus_80_95,olympics_2008,2008,regression,Naive Margin (0.0 pts),-15.0,0.0
Fold_03,olympics_2008_rus_iri_71_49,olympics_2008,2008,regression,Naive Margin (0.0 pts),22.0,0.0
Fold_03,olympics_2008_usa_aus_116_85,olympics_2008,2008,regression,Naive Margin (0.0 pts),31.0,0.0
Fold_03,olympics_2008_usa_chn_101_70,olympics_2008,2008,regression,Naive Margin (0.0 pts),31.0,0.0
Fold_03,olympics_2008_usa_ger_106_57,olympics_2008,2008,regression,Naive Margin (0.0 pts),49.0,0.0
Fold_03,olympics_2008_usa_gre_92_69,olympics_2008,2008,regression,Naive Margin (0.0 pts),23.0,0.0
Fold_03,olympics_2008_ang_chn_68_85,olympics_2008,2008,regression,Ridge Regressor,-17.0,6.05
Fold_03,olympics_2008_ang_esp_50_98,olympics_2008,2008,regression,Ridge Regressor,-48.0,-13.703
Fold_03,olympics_2008_ang_usa_76_97,olympics_2008,2008,regression,Ridge Regressor,-21.0,-3.688
Fold_03,olympics_2008_arg_aus_85_68,olympics_2008,2008,regression,Ridge Regressor,17.0,8.926
Fold_03,olympics_2008_arg_cro_77_53,olympics_2008,2008,regression,Ridge Regressor,24.0,0.933
Fold_03,olympics_2008_arg_gre_80_78,olympics_2008,2008,regression,Ridge Regressor,2.0,-6.948
Fold_03,olympics_2008_arg_rus_91_79,olympics_2008,2008,regression,Ridge Regressor,12.0,0.025
Fold_03,olympics_2008_arg_usa_81_101,olympics_2008,2008,regression,Ridge Regressor,-20.0,1.246
Fold_03,olympics_2008_aus_cro_82_97,olympics_2008,2008,regression,Ridge Regressor,-15.0,-6.444
Fold_03,olympics_2008_aus_iri_106_68,olympics_2008,2008,regression,Ridge Regressor,38.0,5.933
Fold_03,olympics_2008_aus_ltu_106_75,olympics_2008,2008,regression,Ridge Regressor,31.0,-14.218
Fold_03,olympics_2008_chn_esp_75_85,olympics_2008,2008,regression,Ridge Regressor,-10.0,-18.204
Fold_03,olympics_2008_chn_ger_59_55,olympics_2008,2008,regression,Ridge Regressor,4.0,-15.29
Fold_03,olympics_2008_cro_ltu_73_86,olympics_2008,2008,regression,Ridge Regressor,-13.0,-6.225
Fold_03,olympics_2008_cro_rus_85_78,olympics_2008,2008,regression,Ridge Regressor,7.0,0.641
Fold_03,olympics_2008_esp_cro_72_59,olympics_2008,2008,regression,Ridge Regressor,13.0,11.251
Fold_03,olympics_2008_esp_gre_81_66,olympics_2008,2008,regression,Ridge Regressor,15.0,3.37
Fold_03,olympics_2008_esp_ltu_91_86,olympics_2008,2008,regression,Ridge Regressor,5.0,3.477
Fold_03,olympics_2008_esp_usa_107_118,olympics_2008,2008,regression,Ridge Regressor,-11.0,11.564
Fold_03,olympics_2008_esp_usa_82_119,olympics_2008,2008,regression,Ridge Regressor,-37.0,11.564
Fold_03,olympics_2008_ger_ang_95_66,olympics_2008,2008,regression,Ridge Regressor,29.0,13.887
Fold_03,olympics_2008_ger_esp_59_72,olympics_2008,2008,regression,Ridge Regressor,-13.0,-1.365
Fold_03,olympics_2008_gre_ang_102_61,olympics_2008,2008,regression,Ridge Regressor,41.0,14.98
Fold_03,olympics_2008_gre_chn_91_77,olympics_2008,2008,regression,Ridge Regressor,14.0,19.481
Fold_03,olympics_2008_gre_ger_87_64,olympics_2008,2008,regression,Ridge Regressor,23.0,2.642
Fold_03,olympics_2008_iri_arg_82_97,olympics_2008,2008,regression,Ridge Regressor,-15.0,-10.212
Fold_03,olympics_2008_iri_cro_57_91,olympics_2008,2008,regression,Ridge Regressor,-34.0,-10.828
Fold_03,olympics_2008_iri_ltu_67_99,olympics_2008,2008,regression,Ridge Regressor,-32.0,-18.602
Fold_03,olympics_2008_ltu_arg_75_87,olympics_2008,2008,regression,Ridge Regressor,-12.0,9.939
Fold_03,olympics_2008_ltu_arg_79_75,olympics_2008,2008,regression,Ridge Regressor,4.0,9.939
Fold_03,olympics_2008_ltu_chn_94_68,olympics_2008,2008,regression,Ridge Regressor,26.0,19.374
Fold_03,olympics_2008_ltu_rus_86_79,olympics_2008,2008,regression,Ridge Regressor,7.0,8.415
Fold_03,olympics_2008_rus_aus_80_95,olympics_2008,2008,regression,Ridge Regressor,-15.0,10.45
Fold_03,olympics_2008_rus_iri_71_49,olympics_2008,2008,regression,Ridge Regressor,22.0,14.834
Fold_03,olympics_2008_usa_aus_116_85,olympics_2008,2008,regression,Ridge Regressor,31.0,9.229
Fold_03,olympics_2008_usa_chn_101_70,olympics_2008,2008,regression,Ridge Regressor,31.0,11.287
Fold_03,olympics_2008_usa_ger_106_57,olympics_2008,2008,regression,Ridge Regressor,49.0,-5.552
Fold_03,olympics_2008_usa_gre_92_69,olympics_2008,2008,regression,Ridge Regressor,23.0,-6.645
Fold_03,olympics_2008_ang_chn_68_85,olympics_2008,2008,regression,ElasticNet Regressor,-17.0,5.948
Fold_03,olympics_2008_ang_esp_50_98,olympics_2008,2008,regression,ElasticNet Regressor,-48.0,-13.932
Fold_03,olympics_2008_ang_usa_76_97,olympics_2008,2008,regression,ElasticNet Regressor,-21.0,-3.657
Fold_03,olympics_2008_arg_aus_85_68,olympics_2008,2008,regression,ElasticNet Regressor,17.0,8.881
Fold_03,olympics_2008_arg_cro_77_53,olympics_2008,2008,regression,ElasticNet Regressor,24.0,0.749
Fold_03,olympics_2008_arg_gre_80_78,olympics_2008,2008,regression,ElasticNet Regressor,2.0,-7.25
Fold_03,olympics_2008_arg_rus_91_79,olympics_2008,2008,regression,ElasticNet Regressor,12.0,-0.107
Fold_03,olympics_2008_arg_usa_81_101,olympics_2008,2008,regression,ElasticNet Regressor,-20.0,1.279
Fold_03,olympics_2008_aus_cro_82_97,olympics_2008,2008,regression,ElasticNet Regressor,-15.0,-6.578
Fold_03,olympics_2008_aus_iri_106_68,olympics_2008,2008,regression,ElasticNet Regressor,38.0,5.87
Fold_03,olympics_2008_aus_ltu_106_75,olympics_2008,2008,regression,ElasticNet Regressor,31.0,-14.442
Fold_03,olympics_2008_chn_esp_75_85,olympics_2008,2008,regression,ElasticNet Regressor,-10.0,-18.326
Fold_03,olympics_2008_chn_ger_59_55,olympics_2008,2008,regression,ElasticNet Regressor,4.0,-15.51
Fold_03,olympics_2008_cro_ltu_73_86,olympics_2008,2008,regression,ElasticNet Regressor,-13.0,-6.31
Fold_03,olympics_2008_cro_rus_85_78,olympics_2008,2008,regression,ElasticNet Regressor,7.0,0.699
Fold_03,olympics_2008_esp_cro_72_59,olympics_2008,2008,regression,ElasticNet Regressor,13.0,11.299
Fold_03,olympics_2008_esp_gre_81_66,olympics_2008,2008,regression,ElasticNet Regressor,15.0,3.3
Fold_03,olympics_2008_esp_ltu_91_86,olympics_2008,2008,regression,ElasticNet Regressor,5.0,3.435
Fold_03,olympics_2008_esp_usa_107_118,olympics_2008,2008,regression,ElasticNet Regressor,-11.0,11.83
Fold_03,olympics_2008_esp_usa_82_119,olympics_2008,2008,regression,ElasticNet Regressor,-37.0,11.83
Fold_03,olympics_2008_ger_ang_95_66,olympics_2008,2008,regression,ElasticNet Regressor,29.0,14.225
Fold_03,olympics_2008_ger_esp_59_72,olympics_2008,2008,regression,ElasticNet Regressor,-13.0,-1.261
Fold_03,olympics_2008_gre_ang_102_61,olympics_2008,2008,regression,ElasticNet Regressor,41.0,15.294
Fold_03,olympics_2008_gre_chn_91_77,olympics_2008,2008,regression,ElasticNet Regressor,14.0,19.688
Fold_03,olympics_2008_gre_ger_87_64,olympics_2008,2008,regression,ElasticNet Regressor,23.0,2.623
Fold_03,olympics_2008_iri_arg_82_97,olympics_2008,2008,regression,ElasticNet Regressor,-15.0,-10.088
Fold_03,olympics_2008_iri_cro_57_91,olympics_2008,2008,regression,ElasticNet Regressor,-34.0,-10.894
Fold_03,olympics_2008_iri_ltu_67_99,olympics_2008,2008,regression,ElasticNet Regressor,-32.0,-18.758
Fold_03,olympics_2008_ltu_arg_75_87,olympics_2008,2008,regression,ElasticNet Regressor,-12.0,10.224
Fold_03,olympics_2008_ltu_arg_79_75,olympics_2008,2008,regression,ElasticNet Regressor,4.0,10.224
Fold_03,olympics_2008_ltu_chn_94_68,olympics_2008,2008,regression,ElasticNet Regressor,26.0,19.553
Fold_03,olympics_2008_ltu_rus_86_79,olympics_2008,2008,regression,ElasticNet Regressor,7.0,8.563
Fold_03,olympics_2008_rus_aus_80_95,olympics_2008,2008,regression,ElasticNet Regressor,-15.0,10.542
Fold_03,olympics_2008_rus_iri_71_49,olympics_2008,2008,regression,ElasticNet Regressor,22.0,14.857
Fold_03,olympics_2008_usa_aus_116_85,olympics_2008,2008,regression,ElasticNet Regressor,31.0,9.156
Fold_03,olympics_2008_usa_chn_101_70,olympics_2008,2008,regression,ElasticNet Regressor,31.0,11.159
Fold_03,olympics_2008_usa_ger_106_57,olympics_2008,2008,regression,ElasticNet Regressor,49.0,-5.906
Fold_03,olympics_2008_usa_gre_92_69,olympics_2008,2008,regression,ElasticNet Regressor,23.0,-6.975
Fold_03,olympics_2008_ang_chn_68_85,olympics_2008,2008,regression,LightGBM Regressor,-17.0,13.187
Fold_03,olympics_2008_ang_esp_50_98,olympics_2008,2008,regression,LightGBM Regressor,-48.0,-2.955
Fold_03,olympics_2008_ang_usa_76_97,olympics_2008,2008,regression,LightGBM Regressor,-21.0,-3.088
Fold_03,olympics_2008_arg_aus_85_68,olympics_2008,2008,regression,LightGBM Regressor,17.0,11.429
Fold_03,olympics_2008_arg_cro_77_53,olympics_2008,2008,regression,LightGBM Regressor,24.0,12.488
Fold_03,olympics_2008_arg_gre_80_78,olympics_2008,2008,regression,LightGBM Regressor,2.0,9.92
Fold_03,olympics_2008_arg_rus_91_79,olympics_2008,2008,regression,LightGBM Regressor,12.0,10.628
Fold_03,olympics_2008_arg_usa_81_101,olympics_2008,2008,regression,LightGBM Regressor,-20.0,-8.658
Fold_03,olympics_2008_aus_cro_82_97,olympics_2008,2008,regression,LightGBM Regressor,-15.0,-10.272
Fold_03,olympics_2008_aus_iri_106_68,olympics_2008,2008,regression,LightGBM Regressor,38.0,5.112
Fold_03,olympics_2008_aus_ltu_106_75,olympics_2008,2008,regression,LightGBM Regressor,31.0,-7.727
Fold_03,olympics_2008_chn_esp_75_85,olympics_2008,2008,regression,LightGBM Regressor,-10.0,-14.263
Fold_03,olympics_2008_chn_ger_59_55,olympics_2008,2008,regression,LightGBM Regressor,4.0,-5.038
Fold_03,olympics_2008_cro_ltu_73_86,olympics_2008,2008,regression,LightGBM Regressor,-13.0,-9.391
Fold_03,olympics_2008_cro_rus_85_78,olympics_2008,2008,regression,LightGBM Regressor,7.0,-6.157
Fold_03,olympics_2008_esp_cro_72_59,olympics_2008,2008,regression,LightGBM Regressor,13.0,11.231
Fold_03,olympics_2008_esp_gre_81_66,olympics_2008,2008,regression,LightGBM Regressor,15.0,12.142
Fold_03,olympics_2008_esp_ltu_91_86,olympics_2008,2008,regression,LightGBM Regressor,5.0,11.981
Fold_03,olympics_2008_esp_usa_107_118,olympics_2008,2008,regression,LightGBM Regressor,-11.0,-8.692
Fold_03,olympics_2008_esp_usa_82_119,olympics_2008,2008,regression,LightGBM Regressor,-37.0,-8.692
Fold_03,olympics_2008_ger_ang_95_66,olympics_2008,2008,regression,LightGBM Regressor,29.0,-8.882
Fold_03,olympics_2008_ger_esp_59_72,olympics_2008,2008,regression,LightGBM Regressor,-13.0,-4.804
Fold_03,olympics_2008_gre_ang_102_61,olympics_2008,2008,regression,LightGBM Regressor,41.0,-9.372
Fold_03,olympics_2008_gre_chn_91_77,olympics_2008,2008,regression,LightGBM Regressor,14.0,11.571
Fold_03,olympics_2008_gre_ger_87_64,olympics_2008,2008,regression,LightGBM Regressor,23.0,10.227
Fold_03,olympics_2008_iri_arg_82_97,olympics_2008,2008,regression,LightGBM Regressor,-15.0,-15.904
Fold_03,olympics_2008_iri_cro_57_91,olympics_2008,2008,regression,LightGBM Regressor,-34.0,-10.381
Fold_03,olympics_2008_iri_ltu_67_99,olympics_2008,2008,regression,LightGBM Regressor,-32.0,-18.98
Fold_03,olympics_2008_ltu_arg_75_87,olympics_2008,2008,regression,LightGBM Regressor,-12.0,-0.988
Fold_03,olympics_2008_ltu_arg_79_75,olympics_2008,2008,regression,LightGBM Regressor,4.0,-0.988
Fold_03,olympics_2008_ltu_chn_94_68,olympics_2008,2008,regression,LightGBM Regressor,26.0,14.396
Fold_03,olympics_2008_ltu_rus_86_79,olympics_2008,2008,regression,LightGBM Regressor,7.0,2.586
Fold_03,olympics_2008_rus_aus_80_95,olympics_2008,2008,regression,LightGBM Regressor,-15.0,10.523
Fold_03,olympics_2008_rus_iri_71_49,olympics_2008,2008,regression,LightGBM Regressor,22.0,11.493
Fold_03,olympics_2008_usa_aus_116_85,olympics_2008,2008,regression,LightGBM Regressor,31.0,12.356
Fold_03,olympics_2008_usa_chn_101_70,olympics_2008,2008,regression,LightGBM Regressor,31.0,14.396
Fold_03,olympics_2008_usa_ger_106_57,olympics_2008,2008,regression,LightGBM Regressor,49.0,12.832
Fold_03,olympics_2008_usa_gre_92_69,olympics_2008,2008,regression,LightGBM Regressor,23.0,13.333
Fold_04,eurobasket_2009_bul_tur_66_94,eurobasket_2009,2009,classification,Naive Baseline (50%),0.0,0.5
Fold_04,eurobasket_2009_cro_fra_79_87,eurobasket_2009,2009,classification,Naive Baseline (50%),0.0,0.5
Fold_04,eurobasket_2009_cro_isr_86_79,eurobasket_2009,2009,classification,Naive Baseline (50%),1.0,0.5
Fold_04,eurobasket_2009_esp_gbr_84_76,eurobasket_2009,2009,classification,Naive Baseline (50%),1.0,0.5
Fold_04,eurobasket_2009_esp_gre_82_64,eurobasket_2009,2009,classification,Naive Baseline (50%),1.0,0.5
Fold_04,eurobasket_2009_esp_ltu_84_70,eurobasket_2009,2009,classification,Naive Baseline (50%),1.0,0.5
Fold_04,eurobasket_2009_esp_slo_90_84,eurobasket_2009,2009,classification,Naive Baseline (50%),1.0,0.5
Fold_04,eurobasket_2009_esp_srb_85_63,eurobasket_2009,2009,classification,Naive Baseline (50%),1.0,0.5
Fold_04,eurobasket_2009_fra_cro_69_62,eurobasket_2009,2009,classification,Naive Baseline (50%),1.0,0.5
Fold_04,eurobasket_2009_fra_esp_66_86,eurobasket_2009,2009,classification,Naive Baseline (50%),0.0,0.5
Fold_04,eurobasket_2009_fra_ger_70_65,eurobasket_2009,2009,classification,Naive Baseline (50%),1.0,0.5
Fold_04,eurobasket_2009_fra_gre_71_69,eurobasket_2009,2009,classification,Naive Baseline (50%),1.0,0.5
Fold_04,eurobasket_2009_fra_mkd_83_57,eurobasket_2009,2009,classification,Naive Baseline (50%),1.0,0.5
Fold_04,eurobasket_2009_fra_tur_80_68,eurobasket_2009,2009,classification,Naive Baseline (50%),1.0,0.5
Fold_04,eurobasket_2009_gbr_slo_59_72,eurobasket_2009,2009,classification,Naive Baseline (50%),0.0,0.5
Fold_04,eurobasket_2009_gbr_srb_59_77,eurobasket_2009,2009,classification,Naive Baseline (50%),0.0,0.5
Fold_04,eurobasket_2009_ger_cro_68_70,eurobasket_2009,2009,classification,Naive Baseline (50%),0.0,0.5
Fold_04,eurobasket_2009_ger_gre_76_84,eurobasket_2009,2009,classification,Naive Baseline (50%),0.0,0.5
Fold_04,eurobasket_2009_ger_lat_62_68,eurobasket_2009,2009,classification,Naive Baseline (50%),0.0,0.5
Fold_04,eurobasket_2009_ger_rus_76_73,eurobasket_2009,2009,classification,Naive Baseline (50%),1.0,0.5
Fold_04,eurobasket_2009_gre_cro_76_68,eurobasket_2009,2009,classification,Naive Baseline (50%),1.0,0.5
Fold_04,eurobasket_2009_gre_rus_65_68,eurobasket_2009,2009,classification,Naive Baseline (50%),0.0,0.5
Fold_04,eurobasket_2009_gre_slo_57_56,eurobasket_2009,2009,classification,Naive Baseline (50%),1.0,0.5
Fold_04,eurobasket_2009_isr_gre_80_106,eurobasket_2009,2009,classification,Naive Baseline (50%),0.0,0.5
Fold_04,eurobasket_2009_isr_mkd_79_82,eurobasket_2009,2009,classification,Naive Baseline (50%),0.0,0.5
Fold_04,eurobasket_2009_lat_fra_51_60,eurobasket_2009,2009,classification,Naive Baseline (50%),0.0,0.5
Fold_04,eurobasket_2009_ltu_bul_84_69,eurobasket_2009,2009,classification,Naive Baseline (50%),1.0,0.5
Fold_04,eurobasket_2009_ltu_pol_75_86,eurobasket_2009,2009,classification,Naive Baseline (50%),0.0,0.5
Fold_04,eurobasket_2009_ltu_slo_58_81,eurobasket_2009,2009,classification,Naive Baseline (50%),0.0,0.5
Fold_04,eurobasket_2009_ltu_srb_79_89,eurobasket_2009,2009,classification,Naive Baseline (50%),0.0,0.5
Fold_04,eurobasket_2009_mkd_cro_71_81,eurobasket_2009,2009,classification,Naive Baseline (50%),0.0,0.5
Fold_04,eurobasket_2009_mkd_ger_86_75,eurobasket_2009,2009,classification,Naive Baseline (50%),1.0,0.5
Fold_04,eurobasket_2009_mkd_gre_54_86,eurobasket_2009,2009,classification,Naive Baseline (50%),0.0,0.5
Fold_04,eurobasket_2009_pol_bul_90_78,eurobasket_2009,2009,classification,Naive Baseline (50%),1.0,0.5
Fold_04,eurobasket_2009_pol_esp_68_90,eurobasket_2009,2009,classification,Naive Baseline (50%),0.0,0.5
Fold_04,eurobasket_2009_pol_srb_72_77,eurobasket_2009,2009,classification,Naive Baseline (50%),0.0,0.5
Fold_04,eurobasket_2009_pol_tur_69_87,eurobasket_2009,2009,classification,Naive Baseline (50%),0.0,0.5
Fold_04,eurobasket_2009_rus_cro_62_59,eurobasket_2009,2009,classification,Naive Baseline (50%),1.0,0.5
Fold_04,eurobasket_2009_rus_cro_69_76,eurobasket_2009,2009,classification,Naive Baseline (50%),0.0,0.5
Fold_04,eurobasket_2009_rus_fra_64_69,eurobasket_2009,2009,classification,Naive Baseline (50%),0.0,0.5
Fold_04,eurobasket_2009_rus_lat_81_68,eurobasket_2009,2009,classification,Naive Baseline (50%),1.0,0.5
Fold_04,eurobasket_2009_rus_mkd_71_69,eurobasket_2009,2009,classification,Naive Baseline (50%),1.0,0.5
Fold_04,eurobasket_2009_rus_srb_68_79,eurobasket_2009,2009,classification,Naive Baseline (50%),0.0,0.5
Fold_04,eurobasket_2009_slo_cro_67_65,eurobasket_2009,2009,classification,Naive Baseline (50%),1.0,0.5
Fold_04,eurobasket_2009_slo_pol_76_60,eurobasket_2009,2009,classification,Naive Baseline (50%),1.0,0.5
Fold_04,eurobasket_2009_slo_srb_80_69,eurobasket_2009,2009,classification,Naive Baseline (50%),1.0,0.5
Fold_04,eurobasket_2009_srb_esp_66_57,eurobasket_2009,2009,classification,Naive Baseline (50%),1.0,0.5
Fold_04,eurobasket_2009_srb_slo_96_92,eurobasket_2009,2009,classification,Naive Baseline (50%),1.0,0.5
Fold_04,eurobasket_2009_srb_tur_64_69,eurobasket_2009,2009,classification,Naive Baseline (50%),0.0,0.5
Fold_04,eurobasket_2009_tur_esp_63_60,eurobasket_2009,2009,classification,Naive Baseline (50%),1.0,0.5
Fold_04,eurobasket_2009_tur_gre_74_76,eurobasket_2009,2009,classification,Naive Baseline (50%),0.0,0.5
Fold_04,eurobasket_2009_tur_ltu_84_76,eurobasket_2009,2009,classification,Naive Baseline (50%),1.0,0.5
Fold_04,eurobasket_2009_tur_rus_66_89,eurobasket_2009,2009,classification,Naive Baseline (50%),0.0,0.5
Fold_04,eurobasket_2009_tur_slo_67_69,eurobasket_2009,2009,classification,Naive Baseline (50%),0.0,0.5
Fold_04,eurobasket_2009_bul_tur_66_94,eurobasket_2009,2009,classification,Logistic Regression L2,0.0,0.3582
Fold_04,eurobasket_2009_cro_fra_79_87,eurobasket_2009,2009,classification,Logistic Regression L2,0.0,0.4769
Fold_04,eurobasket_2009_cro_isr_86_79,eurobasket_2009,2009,classification,Logistic Regression L2,1.0,0.8218
Fold_04,eurobasket_2009_esp_gbr_84_76,eurobasket_2009,2009,classification,Logistic Regression L2,1.0,0.9566
Fold_04,eurobasket_2009_esp_gre_82_64,eurobasket_2009,2009,classification,Logistic Regression L2,1.0,0.7146
Fold_04,eurobasket_2009_esp_ltu_84_70,eurobasket_2009,2009,classification,Logistic Regression L2,1.0,0.6805
Fold_04,eurobasket_2009_esp_slo_90_84,eurobasket_2009,2009,classification,Logistic Regression L2,1.0,0.8251
Fold_04,eurobasket_2009_esp_srb_85_63,eurobasket_2009,2009,classification,Logistic Regression L2,1.0,0.9623
Fold_04,eurobasket_2009_fra_cro_69_62,eurobasket_2009,2009,classification,Logistic Regression L2,1.0,0.6583
Fold_04,eurobasket_2009_fra_esp_66_86,eurobasket_2009,2009,classification,Logistic Regression L2,0.0,0.2975
Fold_04,eurobasket_2009_fra_ger_70_65,eurobasket_2009,2009,classification,Logistic Regression L2,1.0,0.5767
Fold_04,eurobasket_2009_fra_gre_71_69,eurobasket_2009,2009,classification,Logistic Regression L2,1.0,0.4444
Fold_04,eurobasket_2009_fra_mkd_83_57,eurobasket_2009,2009,classification,Logistic Regression L2,1.0,0.8756
Fold_04,eurobasket_2009_fra_tur_80_68,eurobasket_2009,2009,classification,Logistic Regression L2,1.0,0.7988
Fold_04,eurobasket_2009_gbr_slo_59_72,eurobasket_2009,2009,classification,Logistic Regression L2,0.0,0.221
Fold_04,eurobasket_2009_gbr_srb_59_77,eurobasket_2009,2009,classification,Logistic Regression L2,0.0,0.6053
Fold_04,eurobasket_2009_ger_cro_68_70,eurobasket_2009,2009,classification,Logistic Regression L2,0.0,0.6521
Fold_04,eurobasket_2009_ger_gre_76_84,eurobasket_2009,2009,classification,Logistic Regression L2,0.0,0.4377
Fold_04,eurobasket_2009_ger_lat_62_68,eurobasket_2009,2009,classification,Logistic Regression L2,0.0,0.8941
Fold_04,eurobasket_2009_ger_rus_76_73,eurobasket_2009,2009,classification,Logistic Regression L2,1.0,0.6085
Fold_04,eurobasket_2009_gre_cro_76_68,eurobasket_2009,2009,classification,Logistic Regression L2,1.0,0.7614
Fold_04,eurobasket_2009_gre_rus_65_68,eurobasket_2009,2009,classification,Logistic Regression L2,0.0,0.7257
Fold_04,eurobasket_2009_gre_slo_57_56,eurobasket_2009,2009,classification,Logistic Regression L2,1.0,0.714
Fold_04,eurobasket_2009_isr_gre_80_106,eurobasket_2009,2009,classification,Logistic Regression L2,0.0,0.1365
Fold_04,eurobasket_2009_isr_mkd_79_82,eurobasket_2009,2009,classification,Logistic Regression L2,0.0,0.5819
Fold_04,eurobasket_2009_lat_fra_51_60,eurobasket_2009,2009,classification,Logistic Regression L2,0.0,0.1683
Fold_04,eurobasket_2009_ltu_bul_84_69,eurobasket_2009,2009,classification,Logistic Regression L2,1.0,0.9483
Fold_04,eurobasket_2009_ltu_pol_75_86,eurobasket_2009,2009,classification,Logistic Regression L2,0.0,0.969
Fold_04,eurobasket_2009_ltu_slo_58_81,eurobasket_2009,2009,classification,Logistic Regression L2,0.0,0.7458
Fold_04,eurobasket_2009_ltu_srb_79_89,eurobasket_2009,2009,classification,Logistic Regression L2,0.0,0.9407
Fold_04,eurobasket_2009_mkd_cro_71_81,eurobasket_2009,2009,classification,Logistic Regression L2,0.0,0.2661
Fold_04,eurobasket_2009_mkd_ger_86_75,eurobasket_2009,2009,classification,Logistic Regression L2,1.0,0.2041
Fold_04,eurobasket_2009_mkd_gre_54_86,eurobasket_2009,2009,classification,Logistic Regression L2,0.0,0.1309
Fold_04,eurobasket_2009_pol_bul_90_78,eurobasket_2009,2009,classification,Logistic Regression L2,1.0,0.4376
Fold_04,eurobasket_2009_pol_esp_68_90,eurobasket_2009,2009,classification,Logistic Regression L2,0.0,0.0338
Fold_04,eurobasket_2009_pol_srb_72_77,eurobasket_2009,2009,classification,Logistic Regression L2,0.0,0.402
Fold_04,eurobasket_2009_pol_tur_69_87,eurobasket_2009,2009,classification,Logistic Regression L2,0.0,0.2468
Fold_04,eurobasket_2009_rus_cro_62_59,eurobasket_2009,2009,classification,Logistic Regression L2,1.0,0.6151
Fold_04,eurobasket_2009_rus_cro_69_76,eurobasket_2009,2009,classification,Logistic Regression L2,0.0,0.6151
Fold_04,eurobasket_2009_rus_fra_64_69,eurobasket_2009,2009,classification,Logistic Regression L2,0.0,0.5237
Fold_04,eurobasket_2009_rus_lat_81_68,eurobasket_2009,2009,classification,Logistic Regression L2,1.0,0.8781
Fold_04,eurobasket_2009_rus_mkd_71_69,eurobasket_2009,2009,classification,Logistic Regression L2,1.0,0.8538
Fold_04,eurobasket_2009_rus_srb_68_79,eurobasket_2009,2009,classification,Logistic Regression L2,0.0,0.8711
Fold_04,eurobasket_2009_slo_cro_67_65,eurobasket_2009,2009,classification,Logistic Regression L2,1.0,0.6288
Fold_04,eurobasket_2009_slo_pol_76_60,eurobasket_2009,2009,classification,Logistic Regression L2,1.0,0.9339
Fold_04,eurobasket_2009_slo_srb_80_69,eurobasket_2009,2009,classification,Logistic Regression L2,1.0,0.8775
Fold_04,eurobasket_2009_srb_esp_66_57,eurobasket_2009,2009,classification,Logistic Regression L2,1.0,0.0644
Fold_04,eurobasket_2009_srb_slo_96_92,eurobasket_2009,2009,classification,Logistic Regression L2,1.0,0.1969
Fold_04,eurobasket_2009_srb_tur_64_69,eurobasket_2009,2009,classification,Logistic Regression L2,0.0,0.3924
Fold_04,eurobasket_2009_tur_esp_63_60,eurobasket_2009,2009,classification,Logistic Regression L2,1.0,0.1238
Fold_04,eurobasket_2009_tur_gre_74_76,eurobasket_2009,2009,classification,Logistic Regression L2,0.0,0.2107
Fold_04,eurobasket_2009_tur_ltu_84_76,eurobasket_2009,2009,classification,Logistic Regression L2,1.0,0.1851
Fold_04,eurobasket_2009_tur_rus_66_89,eurobasket_2009,2009,classification,Logistic Regression L2,0.0,0.3477
Fold_04,eurobasket_2009_tur_slo_67_69,eurobasket_2009,2009,classification,Logistic Regression L2,0.0,0.3346
Fold_04,eurobasket_2009_bul_tur_66_94,eurobasket_2009,2009,classification,ElasticNet Classifier,0.0,0.3575
Fold_04,eurobasket_2009_cro_fra_79_87,eurobasket_2009,2009,classification,ElasticNet Classifier,0.0,0.4733
Fold_04,eurobasket_2009_cro_isr_86_79,eurobasket_2009,2009,classification,ElasticNet Classifier,1.0,0.8154
Fold_04,eurobasket_2009_esp_gbr_84_76,eurobasket_2009,2009,classification,ElasticNet Classifier,1.0,0.9523
Fold_04,eurobasket_2009_esp_gre_82_64,eurobasket_2009,2009,classification,ElasticNet Classifier,1.0,0.7077
Fold_04,eurobasket_2009_esp_ltu_84_70,eurobasket_2009,2009,classification,ElasticNet Classifier,1.0,0.6741
Fold_04,eurobasket_2009_esp_slo_90_84,eurobasket_2009,2009,classification,ElasticNet Classifier,1.0,0.8184
Fold_04,eurobasket_2009_esp_srb_85_63,eurobasket_2009,2009,classification,ElasticNet Classifier,1.0,0.9592
Fold_04,eurobasket_2009_fra_cro_69_62,eurobasket_2009,2009,classification,ElasticNet Classifier,1.0,0.6527
Fold_04,eurobasket_2009_fra_esp_66_86,eurobasket_2009,2009,classification,ElasticNet Classifier,0.0,0.2985
Fold_04,eurobasket_2009_fra_ger_70_65,eurobasket_2009,2009,classification,ElasticNet Classifier,1.0,0.5721
Fold_04,eurobasket_2009_fra_gre_71_69,eurobasket_2009,2009,classification,ElasticNet Classifier,1.0,0.4422
Fold_04,eurobasket_2009_fra_mkd_83_57,eurobasket_2009,2009,classification,ElasticNet Classifier,1.0,0.8673
Fold_04,eurobasket_2009_fra_tur_80_68,eurobasket_2009,2009,classification,ElasticNet Classifier,1.0,0.7924
Fold_04,eurobasket_2009_gbr_slo_59_72,eurobasket_2009,2009,classification,ElasticNet Classifier,0.0,0.2268
Fold_04,eurobasket_2009_gbr_srb_59_77,eurobasket_2009,2009,classification,ElasticNet Classifier,0.0,0.6051
Fold_04,eurobasket_2009_ger_cro_68_70,eurobasket_2009,2009,classification,ElasticNet Classifier,0.0,0.6463
Fold_04,eurobasket_2009_ger_gre_76_84,eurobasket_2009,2009,classification,ElasticNet Classifier,0.0,0.4353
Fold_04,eurobasket_2009_ger_lat_62_68,eurobasket_2009,2009,classification,ElasticNet Classifier,0.0,0.8889
Fold_04,eurobasket_2009_ger_rus_76_73,eurobasket_2009,2009,classification,ElasticNet Classifier,1.0,0.6031
Fold_04,eurobasket_2009_gre_cro_76_68,eurobasket_2009,2009,classification,ElasticNet Classifier,1.0,0.755
Fold_04,eurobasket_2009_gre_rus_65_68,eurobasket_2009,2009,classification,ElasticNet Classifier,0.0,0.7193
Fold_04,eurobasket_2009_gre_slo_57_56,eurobasket_2009,2009,classification,ElasticNet Classifier,1.0,0.7076
Fold_04,eurobasket_2009_isr_gre_80_106,eurobasket_2009,2009,classification,ElasticNet Classifier,0.0,0.1389
Fold_04,eurobasket_2009_isr_mkd_79_82,eurobasket_2009,2009,classification,ElasticNet Classifier,0.0,0.5708
Fold_04,eurobasket_2009_lat_fra_51_60,eurobasket_2009,2009,classification,ElasticNet Classifier,0.0,0.1703
Fold_04,eurobasket_2009_ltu_bul_84_69,eurobasket_2009,2009,classification,ElasticNet Classifier,1.0,0.9448
Fold_04,eurobasket_2009_ltu_pol_75_86,eurobasket_2009,2009,classification,ElasticNet Classifier,0.0,0.9666
Fold_04,eurobasket_2009_ltu_slo_58_81,eurobasket_2009,2009,classification,ElasticNet Classifier,0.0,0.7391
Fold_04,eurobasket_2009_ltu_srb_79_89,eurobasket_2009,2009,classification,ElasticNet Classifier,0.0,0.9367
Fold_04,eurobasket_2009_mkd_cro_71_81,eurobasket_2009,2009,classification,ElasticNet Classifier,0.0,0.272
Fold_04,eurobasket_2009_mkd_ger_86_75,eurobasket_2009,2009,classification,ElasticNet Classifier,1.0,0.21
Fold_04,eurobasket_2009_mkd_gre_54_86,eurobasket_2009,2009,classification,ElasticNet Classifier,0.0,0.1361
Fold_04,eurobasket_2009_pol_bul_90_78,eurobasket_2009,2009,classification,ElasticNet Classifier,1.0,0.4349
Fold_04,eurobasket_2009_pol_esp_68_90,eurobasket_2009,2009,classification,ElasticNet Classifier,0.0,0.0354
Fold_04,eurobasket_2009_pol_srb_72_77,eurobasket_2009,2009,classification,ElasticNet Classifier,0.0,0.3994
Fold_04,eurobasket_2009_pol_tur_69_87,eurobasket_2009,2009,classification,ElasticNet Classifier,0.0,0.2478
Fold_04,eurobasket_2009_rus_cro_62_59,eurobasket_2009,2009,classification,ElasticNet Classifier,1.0,0.6099
Fold_04,eurobasket_2009_rus_cro_69_76,eurobasket_2009,2009,classification,ElasticNet Classifier,0.0,0.6099
Fold_04,eurobasket_2009_rus_fra_64_69,eurobasket_2009,2009,classification,ElasticNet Classifier,0.0,0.5194
Fold_04,eurobasket_2009_rus_lat_81_68,eurobasket_2009,2009,classification,ElasticNet Classifier,1.0,0.8725
Fold_04,eurobasket_2009_rus_mkd_71_69,eurobasket_2009,2009,classification,ElasticNet Classifier,1.0,0.8447
Fold_04,eurobasket_2009_rus_srb_68_79,eurobasket_2009,2009,classification,ElasticNet Classifier,0.0,0.8651
Fold_04,eurobasket_2009_slo_cro_67_65,eurobasket_2009,2009,classification,ElasticNet Classifier,1.0,0.6234
Fold_04,eurobasket_2009_slo_pol_76_60,eurobasket_2009,2009,classification,ElasticNet Classifier,1.0,0.9299
Fold_04,eurobasket_2009_slo_srb_80_69,eurobasket_2009,2009,classification,ElasticNet Classifier,1.0,0.8716
Fold_04,eurobasket_2009_srb_esp_66_57,eurobasket_2009,2009,classification,ElasticNet Classifier,1.0,0.067
Fold_04,eurobasket_2009_srb_slo_96_92,eurobasket_2009,2009,classification,ElasticNet Classifier,1.0,0.1993
Fold_04,eurobasket_2009_srb_tur_64_69,eurobasket_2009,2009,classification,ElasticNet Classifier,0.0,0.3917
Fold_04,eurobasket_2009_tur_esp_63_60,eurobasket_2009,2009,classification,ElasticNet Classifier,1.0,0.1265
Fold_04,eurobasket_2009_tur_gre_74_76,eurobasket_2009,2009,classification,ElasticNet Classifier,0.0,0.2125
Fold_04,eurobasket_2009_tur_ltu_84_76,eurobasket_2009,2009,classification,ElasticNet Classifier,1.0,0.1873
Fold_04,eurobasket_2009_tur_rus_66_89,eurobasket_2009,2009,classification,ElasticNet Classifier,0.0,0.3473
Fold_04,eurobasket_2009_tur_slo_67_69,eurobasket_2009,2009,classification,ElasticNet Classifier,0.0,0.3344
Fold_04,eurobasket_2009_bul_tur_66_94,eurobasket_2009,2009,classification,LightGBM Classifier,0.0,0.9308
Fold_04,eurobasket_2009_cro_fra_79_87,eurobasket_2009,2009,classification,LightGBM Classifier,0.0,0.605
Fold_04,eurobasket_2009_cro_isr_86_79,eurobasket_2009,2009,classification,LightGBM Classifier,1.0,0.8422
Fold_04,eurobasket_2009_esp_gbr_84_76,eurobasket_2009,2009,classification,LightGBM Classifier,1.0,0.8696
Fold_04,eurobasket_2009_esp_gre_82_64,eurobasket_2009,2009,classification,LightGBM Classifier,1.0,0.802
Fold_04,eurobasket_2009_esp_ltu_84_70,eurobasket_2009,2009,classification,LightGBM Classifier,1.0,0.8737
Fold_04,eurobasket_2009_esp_slo_90_84,eurobasket_2009,2009,classification,LightGBM Classifier,1.0,0.785
Fold_04,eurobasket_2009_esp_srb_85_63,eurobasket_2009,2009,classification,LightGBM Classifier,1.0,0.8716
Fold_04,eurobasket_2009_fra_cro_69_62,eurobasket_2009,2009,classification,LightGBM Classifier,1.0,0.6685
Fold_04,eurobasket_2009_fra_esp_66_86,eurobasket_2009,2009,classification,LightGBM Classifier,0.0,0.3616
Fold_04,eurobasket_2009_fra_ger_70_65,eurobasket_2009,2009,classification,LightGBM Classifier,1.0,0.9231
Fold_04,eurobasket_2009_fra_gre_71_69,eurobasket_2009,2009,classification,LightGBM Classifier,1.0,0.2911
Fold_04,eurobasket_2009_fra_mkd_83_57,eurobasket_2009,2009,classification,LightGBM Classifier,1.0,0.7722
Fold_04,eurobasket_2009_fra_tur_80_68,eurobasket_2009,2009,classification,LightGBM Classifier,1.0,0.8844
Fold_04,eurobasket_2009_gbr_slo_59_72,eurobasket_2009,2009,classification,LightGBM Classifier,0.0,0.0893
Fold_04,eurobasket_2009_gbr_srb_59_77,eurobasket_2009,2009,classification,LightGBM Classifier,0.0,0.5138
Fold_04,eurobasket_2009_ger_cro_68_70,eurobasket_2009,2009,classification,LightGBM Classifier,0.0,0.4754
Fold_04,eurobasket_2009_ger_gre_76_84,eurobasket_2009,2009,classification,LightGBM Classifier,0.0,0.3851
Fold_04,eurobasket_2009_ger_lat_62_68,eurobasket_2009,2009,classification,LightGBM Classifier,0.0,0.6879
Fold_04,eurobasket_2009_ger_rus_76_73,eurobasket_2009,2009,classification,LightGBM Classifier,1.0,0.5036
Fold_04,eurobasket_2009_gre_cro_76_68,eurobasket_2009,2009,classification,LightGBM Classifier,1.0,0.9432
Fold_04,eurobasket_2009_gre_rus_65_68,eurobasket_2009,2009,classification,LightGBM Classifier,0.0,0.7113
Fold_04,eurobasket_2009_gre_slo_57_56,eurobasket_2009,2009,classification,LightGBM Classifier,1.0,0.5793
Fold_04,eurobasket_2009_isr_gre_80_106,eurobasket_2009,2009,classification,LightGBM Classifier,0.0,0.3522
Fold_04,eurobasket_2009_isr_mkd_79_82,eurobasket_2009,2009,classification,LightGBM Classifier,0.0,0.9128
Fold_04,eurobasket_2009_lat_fra_51_60,eurobasket_2009,2009,classification,LightGBM Classifier,0.0,0.3422
Fold_04,eurobasket_2009_ltu_bul_84_69,eurobasket_2009,2009,classification,LightGBM Classifier,1.0,0.915
Fold_04,eurobasket_2009_ltu_pol_75_86,eurobasket_2009,2009,classification,LightGBM Classifier,0.0,0.728
Fold_04,eurobasket_2009_ltu_slo_58_81,eurobasket_2009,2009,classification,LightGBM Classifier,0.0,0.7134
Fold_04,eurobasket_2009_ltu_srb_79_89,eurobasket_2009,2009,classification,LightGBM Classifier,0.0,0.8467
Fold_04,eurobasket_2009_mkd_cro_71_81,eurobasket_2009,2009,classification,LightGBM Classifier,0.0,0.2662
Fold_04,eurobasket_2009_mkd_ger_86_75,eurobasket_2009,2009,classification,LightGBM Classifier,1.0,0.3682
Fold_04,eurobasket_2009_mkd_gre_54_86,eurobasket_2009,2009,classification,LightGBM Classifier,0.0,0.0893
Fold_04,eurobasket_2009_pol_bul_90_78,eurobasket_2009,2009,classification,LightGBM Classifier,1.0,0.4191
Fold_04,eurobasket_2009_pol_esp_68_90,eurobasket_2009,2009,classification,LightGBM Classifier,0.0,0.3318
Fold_04,eurobasket_2009_pol_srb_72_77,eurobasket_2009,2009,classification,LightGBM Classifier,0.0,0.5578
Fold_04,eurobasket_2009_pol_tur_69_87,eurobasket_2009,2009,classification,LightGBM Classifier,0.0,0.5172
Fold_04,eurobasket_2009_rus_cro_62_59,eurobasket_2009,2009,classification,LightGBM Classifier,1.0,0.9169
Fold_04,eurobasket_2009_rus_cro_69_76,eurobasket_2009,2009,classification,LightGBM Classifier,0.0,0.9169
Fold_04,eurobasket_2009_rus_fra_64_69,eurobasket_2009,2009,classification,LightGBM Classifier,0.0,0.8297
Fold_04,eurobasket_2009_rus_lat_81_68,eurobasket_2009,2009,classification,LightGBM Classifier,1.0,0.8447
Fold_04,eurobasket_2009_rus_mkd_71_69,eurobasket_2009,2009,classification,LightGBM Classifier,1.0,0.7916
Fold_04,eurobasket_2009_rus_srb_68_79,eurobasket_2009,2009,classification,LightGBM Classifier,0.0,0.8289
Fold_04,eurobasket_2009_slo_cro_67_65,eurobasket_2009,2009,classification,LightGBM Classifier,1.0,0.9169
Fold_04,eurobasket_2009_slo_pol_76_60,eurobasket_2009,2009,classification,LightGBM Classifier,1.0,0.8426
Fold_04,eurobasket_2009_slo_srb_80_69,eurobasket_2009,2009,classification,LightGBM Classifier,1.0,0.8216
Fold_04,eurobasket_2009_srb_esp_66_57,eurobasket_2009,2009,classification,LightGBM Classifier,1.0,0.4897
Fold_04,eurobasket_2009_srb_slo_96_92,eurobasket_2009,2009,classification,LightGBM Classifier,1.0,0.4019
Fold_04,eurobasket_2009_srb_tur_64_69,eurobasket_2009,2009,classification,LightGBM Classifier,0.0,0.7358
Fold_04,eurobasket_2009_tur_esp_63_60,eurobasket_2009,2009,classification,LightGBM Classifier,1.0,0.3687
Fold_04,eurobasket_2009_tur_gre_74_76,eurobasket_2009,2009,classification,LightGBM Classifier,0.0,0.3283
Fold_04,eurobasket_2009_tur_ltu_84_76,eurobasket_2009,2009,classification,LightGBM Classifier,1.0,0.3687
Fold_04,eurobasket_2009_tur_rus_66_89,eurobasket_2009,2009,classification,LightGBM Classifier,0.0,0.2946
Fold_04,eurobasket_2009_tur_slo_67_69,eurobasket_2009,2009,classification,LightGBM Classifier,0.0,0.2946
Fold_04,eurobasket_2009_bul_tur_66_94,eurobasket_2009,2009,regression,Naive Margin (0.0 pts),-28.0,0.0
Fold_04,eurobasket_2009_cro_fra_79_87,eurobasket_2009,2009,regression,Naive Margin (0.0 pts),-8.0,0.0
Fold_04,eurobasket_2009_cro_isr_86_79,eurobasket_2009,2009,regression,Naive Margin (0.0 pts),7.0,0.0
Fold_04,eurobasket_2009_esp_gbr_84_76,eurobasket_2009,2009,regression,Naive Margin (0.0 pts),8.0,0.0
Fold_04,eurobasket_2009_esp_gre_82_64,eurobasket_2009,2009,regression,Naive Margin (0.0 pts),18.0,0.0
Fold_04,eurobasket_2009_esp_ltu_84_70,eurobasket_2009,2009,regression,Naive Margin (0.0 pts),14.0,0.0
Fold_04,eurobasket_2009_esp_slo_90_84,eurobasket_2009,2009,regression,Naive Margin (0.0 pts),6.0,0.0
Fold_04,eurobasket_2009_esp_srb_85_63,eurobasket_2009,2009,regression,Naive Margin (0.0 pts),22.0,0.0
Fold_04,eurobasket_2009_fra_cro_69_62,eurobasket_2009,2009,regression,Naive Margin (0.0 pts),7.0,0.0
Fold_04,eurobasket_2009_fra_esp_66_86,eurobasket_2009,2009,regression,Naive Margin (0.0 pts),-20.0,0.0
Fold_04,eurobasket_2009_fra_ger_70_65,eurobasket_2009,2009,regression,Naive Margin (0.0 pts),5.0,0.0
Fold_04,eurobasket_2009_fra_gre_71_69,eurobasket_2009,2009,regression,Naive Margin (0.0 pts),2.0,0.0
Fold_04,eurobasket_2009_fra_mkd_83_57,eurobasket_2009,2009,regression,Naive Margin (0.0 pts),26.0,0.0
Fold_04,eurobasket_2009_fra_tur_80_68,eurobasket_2009,2009,regression,Naive Margin (0.0 pts),12.0,0.0
Fold_04,eurobasket_2009_gbr_slo_59_72,eurobasket_2009,2009,regression,Naive Margin (0.0 pts),-13.0,0.0
Fold_04,eurobasket_2009_gbr_srb_59_77,eurobasket_2009,2009,regression,Naive Margin (0.0 pts),-18.0,0.0
Fold_04,eurobasket_2009_ger_cro_68_70,eurobasket_2009,2009,regression,Naive Margin (0.0 pts),-2.0,0.0
Fold_04,eurobasket_2009_ger_gre_76_84,eurobasket_2009,2009,regression,Naive Margin (0.0 pts),-8.0,0.0
Fold_04,eurobasket_2009_ger_lat_62_68,eurobasket_2009,2009,regression,Naive Margin (0.0 pts),-6.0,0.0
Fold_04,eurobasket_2009_ger_rus_76_73,eurobasket_2009,2009,regression,Naive Margin (0.0 pts),3.0,0.0
Fold_04,eurobasket_2009_gre_cro_76_68,eurobasket_2009,2009,regression,Naive Margin (0.0 pts),8.0,0.0
Fold_04,eurobasket_2009_gre_rus_65_68,eurobasket_2009,2009,regression,Naive Margin (0.0 pts),-3.0,0.0
Fold_04,eurobasket_2009_gre_slo_57_56,eurobasket_2009,2009,regression,Naive Margin (0.0 pts),1.0,0.0
Fold_04,eurobasket_2009_isr_gre_80_106,eurobasket_2009,2009,regression,Naive Margin (0.0 pts),-26.0,0.0
Fold_04,eurobasket_2009_isr_mkd_79_82,eurobasket_2009,2009,regression,Naive Margin (0.0 pts),-3.0,0.0
Fold_04,eurobasket_2009_lat_fra_51_60,eurobasket_2009,2009,regression,Naive Margin (0.0 pts),-9.0,0.0
Fold_04,eurobasket_2009_ltu_bul_84_69,eurobasket_2009,2009,regression,Naive Margin (0.0 pts),15.0,0.0
Fold_04,eurobasket_2009_ltu_pol_75_86,eurobasket_2009,2009,regression,Naive Margin (0.0 pts),-11.0,0.0
Fold_04,eurobasket_2009_ltu_slo_58_81,eurobasket_2009,2009,regression,Naive Margin (0.0 pts),-23.0,0.0
Fold_04,eurobasket_2009_ltu_srb_79_89,eurobasket_2009,2009,regression,Naive Margin (0.0 pts),-10.0,0.0
Fold_04,eurobasket_2009_mkd_cro_71_81,eurobasket_2009,2009,regression,Naive Margin (0.0 pts),-10.0,0.0
Fold_04,eurobasket_2009_mkd_ger_86_75,eurobasket_2009,2009,regression,Naive Margin (0.0 pts),11.0,0.0
Fold_04,eurobasket_2009_mkd_gre_54_86,eurobasket_2009,2009,regression,Naive Margin (0.0 pts),-32.0,0.0
Fold_04,eurobasket_2009_pol_bul_90_78,eurobasket_2009,2009,regression,Naive Margin (0.0 pts),12.0,0.0
Fold_04,eurobasket_2009_pol_esp_68_90,eurobasket_2009,2009,regression,Naive Margin (0.0 pts),-22.0,0.0
Fold_04,eurobasket_2009_pol_srb_72_77,eurobasket_2009,2009,regression,Naive Margin (0.0 pts),-5.0,0.0
Fold_04,eurobasket_2009_pol_tur_69_87,eurobasket_2009,2009,regression,Naive Margin (0.0 pts),-18.0,0.0
Fold_04,eurobasket_2009_rus_cro_62_59,eurobasket_2009,2009,regression,Naive Margin (0.0 pts),3.0,0.0
Fold_04,eurobasket_2009_rus_cro_69_76,eurobasket_2009,2009,regression,Naive Margin (0.0 pts),-7.0,0.0
Fold_04,eurobasket_2009_rus_fra_64_69,eurobasket_2009,2009,regression,Naive Margin (0.0 pts),-5.0,0.0
Fold_04,eurobasket_2009_rus_lat_81_68,eurobasket_2009,2009,regression,Naive Margin (0.0 pts),13.0,0.0
Fold_04,eurobasket_2009_rus_mkd_71_69,eurobasket_2009,2009,regression,Naive Margin (0.0 pts),2.0,0.0
Fold_04,eurobasket_2009_rus_srb_68_79,eurobasket_2009,2009,regression,Naive Margin (0.0 pts),-11.0,0.0
Fold_04,eurobasket_2009_slo_cro_67_65,eurobasket_2009,2009,regression,Naive Margin (0.0 pts),2.0,0.0
Fold_04,eurobasket_2009_slo_pol_76_60,eurobasket_2009,2009,regression,Naive Margin (0.0 pts),16.0,0.0
Fold_04,eurobasket_2009_slo_srb_80_69,eurobasket_2009,2009,regression,Naive Margin (0.0 pts),11.0,0.0
Fold_04,eurobasket_2009_srb_esp_66_57,eurobasket_2009,2009,regression,Naive Margin (0.0 pts),9.0,0.0
Fold_04,eurobasket_2009_srb_slo_96_92,eurobasket_2009,2009,regression,Naive Margin (0.0 pts),4.0,0.0
Fold_04,eurobasket_2009_srb_tur_64_69,eurobasket_2009,2009,regression,Naive Margin (0.0 pts),-5.0,0.0
Fold_04,eurobasket_2009_tur_esp_63_60,eurobasket_2009,2009,regression,Naive Margin (0.0 pts),3.0,0.0
Fold_04,eurobasket_2009_tur_gre_74_76,eurobasket_2009,2009,regression,Naive Margin (0.0 pts),-2.0,0.0
Fold_04,eurobasket_2009_tur_ltu_84_76,eurobasket_2009,2009,regression,Naive Margin (0.0 pts),8.0,0.0
Fold_04,eurobasket_2009_tur_rus_66_89,eurobasket_2009,2009,regression,Naive Margin (0.0 pts),-23.0,0.0
Fold_04,eurobasket_2009_tur_slo_67_69,eurobasket_2009,2009,regression,Naive Margin (0.0 pts),-2.0,0.0
Fold_04,eurobasket_2009_bul_tur_66_94,eurobasket_2009,2009,regression,Ridge Regressor,-28.0,-4.188
Fold_04,eurobasket_2009_cro_fra_79_87,eurobasket_2009,2009,regression,Ridge Regressor,-8.0,-1.434
Fold_04,eurobasket_2009_cro_isr_86_79,eurobasket_2009,2009,regression,Ridge Regressor,7.0,11.584
Fold_04,eurobasket_2009_esp_gbr_84_76,eurobasket_2009,2009,regression,Ridge Regressor,8.0,24.053
Fold_04,eurobasket_2009_esp_gre_82_64,eurobasket_2009,2009,regression,Ridge Regressor,18.0,7.507
Fold_04,eurobasket_2009_esp_ltu_84_70,eurobasket_2009,2009,regression,Ridge Regressor,14.0,6.109
Fold_04,eurobasket_2009_esp_slo_90_84,eurobasket_2009,2009,regression,Ridge Regressor,6.0,11.995
Fold_04,eurobasket_2009_esp_srb_85_63,eurobasket_2009,2009,regression,Ridge Regressor,22.0,25.315
Fold_04,eurobasket_2009_fra_cro_69_62,eurobasket_2009,2009,regression,Ridge Regressor,7.0,4.633
Fold_04,eurobasket_2009_fra_esp_66_86,eurobasket_2009,2009,regression,Ridge Regressor,-20.0,-8.205
Fold_04,eurobasket_2009_fra_ger_70_65,eurobasket_2009,2009,regression,Ridge Regressor,5.0,2.568
Fold_04,eurobasket_2009_fra_gre_71_69,eurobasket_2009,2009,regression,Ridge Regressor,2.0,-2.298
Fold_04,eurobasket_2009_fra_mkd_83_57,eurobasket_2009,2009,regression,Ridge Regressor,26.0,14.249
Fold_04,eurobasket_2009_fra_tur_80_68,eurobasket_2009,2009,regression,Ridge Regressor,12.0,11.036
Fold_04,eurobasket_2009_gbr_slo_59_72,eurobasket_2009,2009,regression,Ridge Regressor,-13.0,-10.458
Fold_04,eurobasket_2009_gbr_srb_59_77,eurobasket_2009,2009,regression,Ridge Regressor,-18.0,2.861
Fold_04,eurobasket_2009_ger_cro_68_70,eurobasket_2009,2009,regression,Ridge Regressor,-2.0,3.665
Fold_04,eurobasket_2009_ger_gre_76_84,eurobasket_2009,2009,regression,Ridge Regressor,-8.0,-3.266
Fold_04,eurobasket_2009_ger_lat_62_68,eurobasket_2009,2009,regression,Ridge Regressor,-6.0,15.497
Fold_04,eurobasket_2009_ger_rus_76_73,eurobasket_2009,2009,regression,Ridge Regressor,3.0,1.622
Fold_04,eurobasket_2009_gre_cro_76_68,eurobasket_2009,2009,regression,Ridge Regressor,8.0,8.53
Fold_04,eurobasket_2009_gre_rus_65_68,eurobasket_2009,2009,regression,Ridge Regressor,-3.0,6.487
Fold_04,eurobasket_2009_gre_slo_57_56,eurobasket_2009,2009,regression,Ridge Regressor,1.0,6.088
Fold_04,eurobasket_2009_isr_gre_80_106,eurobasket_2009,2009,regression,Ridge Regressor,-26.0,-15.316
Fold_04,eurobasket_2009_isr_mkd_79_82,eurobasket_2009,2009,regression,Ridge Regressor,-3.0,1.23
Fold_04,eurobasket_2009_lat_fra_51_60,eurobasket_2009,2009,regression,Ridge Regressor,-9.0,-13.267
Fold_04,eurobasket_2009_ltu_bul_84_69,eurobasket_2009,2009,regression,Ridge Regressor,15.0,22.117
Fold_04,eurobasket_2009_ltu_pol_75_86,eurobasket_2009,2009,regression,Ridge Regressor,-11.0,27.093
Fold_04,eurobasket_2009_ltu_slo_58_81,eurobasket_2009,2009,regression,Ridge Regressor,-23.0,7.486
Fold_04,eurobasket_2009_ltu_srb_79_89,eurobasket_2009,2009,regression,Ridge Regressor,-10.0,20.805
Fold_04,eurobasket_2009_mkd_cro_71_81,eurobasket_2009,2009,regression,Ridge Regressor,-10.0,-8.016
Fold_04,eurobasket_2009_mkd_ger_86_75,eurobasket_2009,2009,regression,Ridge Regressor,11.0,-10.081
Fold_04,eurobasket_2009_mkd_gre_54_86,eurobasket_2009,2009,regression,Ridge Regressor,-32.0,-14.947
Fold_04,eurobasket_2009_pol_bul_90_78,eurobasket_2009,2009,regression,Ridge Regressor,12.0,-3.377
Fold_04,eurobasket_2009_pol_esp_68_90,eurobasket_2009,2009,regression,Ridge Regressor,-22.0,-28.405
Fold_04,eurobasket_2009_pol_srb_72_77,eurobasket_2009,2009,regression,Ridge Regressor,-5.0,-4.69
Fold_04,eurobasket_2009_pol_tur_69_87,eurobasket_2009,2009,regression,Ridge Regressor,-18.0,-9.164
Fold_04,eurobasket_2009_rus_cro_62_59,eurobasket_2009,2009,regression,Ridge Regressor,3.0,3.641
Fold_04,eurobasket_2009_rus_cro_69_76,eurobasket_2009,2009,regression,Ridge Regressor,-7.0,3.641
Fold_04,eurobasket_2009_rus_fra_64_69,eurobasket_2009,2009,regression,Ridge Regressor,-5.0,0.608
Fold_04,eurobasket_2009_rus_lat_81_68,eurobasket_2009,2009,regression,Ridge Regressor,13.0,15.475
Fold_04,eurobasket_2009_rus_mkd_71_69,eurobasket_2009,2009,regression,Ridge Regressor,2.0,13.258
Fold_04,eurobasket_2009_rus_srb_68_79,eurobasket_2009,2009,regression,Ridge Regressor,-11.0,14.519
Fold_04,eurobasket_2009_slo_cro_67_65,eurobasket_2009,2009,regression,Ridge Regressor,2.0,4.041
Fold_04,eurobasket_2009_slo_pol_76_60,eurobasket_2009,2009,regression,Ridge Regressor,16.0,21.207
Fold_04,eurobasket_2009_slo_srb_80_69,eurobasket_2009,2009,regression,Ridge Regressor,11.0,14.918
Fold_04,eurobasket_2009_srb_esp_66_57,eurobasket_2009,2009,regression,Ridge Regressor,9.0,-22.116
Fold_04,eurobasket_2009_srb_slo_96_92,eurobasket_2009,2009,regression,Ridge Regressor,4.0,-11.719
Fold_04,eurobasket_2009_srb_tur_64_69,eurobasket_2009,2009,regression,Ridge Regressor,-5.0,-2.875
Fold_04,eurobasket_2009_tur_esp_63_60,eurobasket_2009,2009,regression,Ridge Regressor,3.0,-17.641
Fold_04,eurobasket_2009_tur_gre_74_76,eurobasket_2009,2009,regression,Ridge Regressor,-2.0,-11.734
Fold_04,eurobasket_2009_tur_ltu_84_76,eurobasket_2009,2009,regression,Ridge Regressor,8.0,-13.131
Fold_04,eurobasket_2009_tur_rus_66_89,eurobasket_2009,2009,regression,Ridge Regressor,-23.0,-6.845
Fold_04,eurobasket_2009_tur_slo_67_69,eurobasket_2009,2009,regression,Ridge Regressor,-2.0,-7.245
Fold_04,eurobasket_2009_bul_tur_66_94,eurobasket_2009,2009,regression,ElasticNet Regressor,-28.0,-4.369
Fold_04,eurobasket_2009_cro_fra_79_87,eurobasket_2009,2009,regression,ElasticNet Regressor,-8.0,-1.482
Fold_04,eurobasket_2009_cro_isr_86_79,eurobasket_2009,2009,regression,ElasticNet Regressor,7.0,11.724
Fold_04,eurobasket_2009_esp_gbr_84_76,eurobasket_2009,2009,regression,ElasticNet Regressor,8.0,24.108
Fold_04,eurobasket_2009_esp_gre_82_64,eurobasket_2009,2009,regression,ElasticNet Regressor,18.0,7.499
Fold_04,eurobasket_2009_esp_ltu_84_70,eurobasket_2009,2009,regression,ElasticNet Regressor,14.0,6.097
Fold_04,eurobasket_2009_esp_slo_90_84,eurobasket_2009,2009,regression,ElasticNet Regressor,6.0,12.106
Fold_04,eurobasket_2009_esp_srb_85_63,eurobasket_2009,2009,regression,ElasticNet Regressor,22.0,25.601
Fold_04,eurobasket_2009_fra_cro_69_62,eurobasket_2009,2009,regression,ElasticNet Regressor,7.0,4.687
Fold_04,eurobasket_2009_fra_esp_66_86,eurobasket_2009,2009,regression,ElasticNet Regressor,-20.0,-8.253
Fold_04,eurobasket_2009_fra_ger_70_65,eurobasket_2009,2009,regression,ElasticNet Regressor,5.0,2.52
Fold_04,eurobasket_2009_fra_gre_71_69,eurobasket_2009,2009,regression,ElasticNet Regressor,2.0,-2.356
Fold_04,eurobasket_2009_fra_mkd_83_57,eurobasket_2009,2009,regression,ElasticNet Regressor,26.0,14.252
Fold_04,eurobasket_2009_fra_tur_80_68,eurobasket_2009,2009,regression,ElasticNet Regressor,12.0,11.11
Fold_04,eurobasket_2009_gbr_slo_59_72,eurobasket_2009,2009,regression,ElasticNet Regressor,-13.0,-10.398
Fold_04,eurobasket_2009_gbr_srb_59_77,eurobasket_2009,2009,regression,ElasticNet Regressor,-18.0,3.095
Fold_04,eurobasket_2009_ger_cro_68_70,eurobasket_2009,2009,regression,ElasticNet Regressor,-2.0,3.769
Fold_04,eurobasket_2009_ger_gre_76_84,eurobasket_2009,2009,regression,ElasticNet Regressor,-8.0,-3.274
Fold_04,eurobasket_2009_ger_lat_62_68,eurobasket_2009,2009,regression,ElasticNet Regressor,-6.0,15.782
Fold_04,eurobasket_2009_ger_rus_76_73,eurobasket_2009,2009,regression,ElasticNet Regressor,3.0,1.745
Fold_04,eurobasket_2009_gre_cro_76_68,eurobasket_2009,2009,regression,ElasticNet Regressor,8.0,8.645
Fold_04,eurobasket_2009_gre_rus_65_68,eurobasket_2009,2009,regression,ElasticNet Regressor,-3.0,6.622
Fold_04,eurobasket_2009_gre_slo_57_56,eurobasket_2009,2009,regression,ElasticNet Regressor,1.0,6.21
Fold_04,eurobasket_2009_isr_gre_80_106,eurobasket_2009,2009,regression,ElasticNet Regressor,-26.0,-15.563
Fold_04,eurobasket_2009_isr_mkd_79_82,eurobasket_2009,2009,regression,ElasticNet Regressor,-3.0,1.046
Fold_04,eurobasket_2009_lat_fra_51_60,eurobasket_2009,2009,regression,ElasticNet Regressor,-9.0,-13.495
Fold_04,eurobasket_2009_ltu_bul_84_69,eurobasket_2009,2009,regression,ElasticNet Regressor,15.0,22.442
Fold_04,eurobasket_2009_ltu_pol_75_86,eurobasket_2009,2009,regression,ElasticNet Regressor,-11.0,27.434
Fold_04,eurobasket_2009_ltu_slo_58_81,eurobasket_2009,2009,regression,ElasticNet Regressor,-23.0,7.612
Fold_04,eurobasket_2009_ltu_srb_79_89,eurobasket_2009,2009,regression,ElasticNet Regressor,-10.0,21.106
Fold_04,eurobasket_2009_mkd_cro_71_81,eurobasket_2009,2009,regression,ElasticNet Regressor,-10.0,-7.963
Fold_04,eurobasket_2009_mkd_ger_86_75,eurobasket_2009,2009,regression,ElasticNet Regressor,11.0,-10.13
Fold_04,eurobasket_2009_mkd_gre_54_86,eurobasket_2009,2009,regression,ElasticNet Regressor,-32.0,-15.006
Fold_04,eurobasket_2009_pol_bul_90_78,eurobasket_2009,2009,regression,ElasticNet Regressor,12.0,-3.39
Fold_04,eurobasket_2009_pol_esp_68_90,eurobasket_2009,2009,regression,ElasticNet Regressor,-22.0,-28.724
Fold_04,eurobasket_2009_pol_srb_72_77,eurobasket_2009,2009,regression,ElasticNet Regressor,-5.0,-4.726
Fold_04,eurobasket_2009_pol_tur_69_87,eurobasket_2009,2009,regression,ElasticNet Regressor,-18.0,-9.361
Fold_04,eurobasket_2009_rus_cro_62_59,eurobasket_2009,2009,regression,ElasticNet Regressor,3.0,3.626
Fold_04,eurobasket_2009_rus_cro_69_76,eurobasket_2009,2009,regression,ElasticNet Regressor,-7.0,3.626
Fold_04,eurobasket_2009_rus_fra_64_69,eurobasket_2009,2009,regression,ElasticNet Regressor,-5.0,0.541
Fold_04,eurobasket_2009_rus_lat_81_68,eurobasket_2009,2009,regression,ElasticNet Regressor,13.0,15.638
Fold_04,eurobasket_2009_rus_mkd_71_69,eurobasket_2009,2009,regression,ElasticNet Regressor,2.0,13.191
Fold_04,eurobasket_2009_rus_srb_68_79,eurobasket_2009,2009,regression,ElasticNet Regressor,-11.0,14.684
Fold_04,eurobasket_2009_slo_cro_67_65,eurobasket_2009,2009,regression,ElasticNet Regressor,2.0,4.038
Fold_04,eurobasket_2009_slo_pol_76_60,eurobasket_2009,2009,regression,ElasticNet Regressor,16.0,21.425
Fold_04,eurobasket_2009_slo_srb_80_69,eurobasket_2009,2009,regression,ElasticNet Regressor,11.0,15.096
Fold_04,eurobasket_2009_srb_esp_66_57,eurobasket_2009,2009,regression,ElasticNet Regressor,9.0,-22.396
Fold_04,eurobasket_2009_srb_slo_96_92,eurobasket_2009,2009,regression,ElasticNet Regressor,4.0,-11.891
Fold_04,eurobasket_2009_srb_tur_64_69,eurobasket_2009,2009,regression,ElasticNet Regressor,-5.0,-3.033
Fold_04,eurobasket_2009_tur_esp_63_60,eurobasket_2009,2009,regression,ElasticNet Regressor,3.0,-17.761
Fold_04,eurobasket_2009_tur_gre_74_76,eurobasket_2009,2009,regression,ElasticNet Regressor,-2.0,-11.864
Fold_04,eurobasket_2009_tur_ltu_84_76,eurobasket_2009,2009,regression,ElasticNet Regressor,8.0,-13.266
Fold_04,eurobasket_2009_tur_rus_66_89,eurobasket_2009,2009,regression,ElasticNet Regressor,-23.0,-6.844
Fold_04,eurobasket_2009_tur_slo_67_69,eurobasket_2009,2009,regression,ElasticNet Regressor,-2.0,-7.257
Fold_04,eurobasket_2009_bul_tur_66_94,eurobasket_2009,2009,regression,LightGBM Regressor,-28.0,15.76
Fold_04,eurobasket_2009_cro_fra_79_87,eurobasket_2009,2009,regression,LightGBM Regressor,-8.0,3.966
Fold_04,eurobasket_2009_cro_isr_86_79,eurobasket_2009,2009,regression,LightGBM Regressor,7.0,10.994
Fold_04,eurobasket_2009_esp_gbr_84_76,eurobasket_2009,2009,regression,LightGBM Regressor,8.0,18.39
Fold_04,eurobasket_2009_esp_gre_82_64,eurobasket_2009,2009,regression,LightGBM Regressor,18.0,9.916
Fold_04,eurobasket_2009_esp_ltu_84_70,eurobasket_2009,2009,regression,LightGBM Regressor,14.0,6.187
Fold_04,eurobasket_2009_esp_slo_90_84,eurobasket_2009,2009,regression,LightGBM Regressor,6.0,8.094
Fold_04,eurobasket_2009_esp_srb_85_63,eurobasket_2009,2009,regression,LightGBM Regressor,22.0,18.433
Fold_04,eurobasket_2009_fra_cro_69_62,eurobasket_2009,2009,regression,LightGBM Regressor,7.0,6.349
Fold_04,eurobasket_2009_fra_esp_66_86,eurobasket_2009,2009,regression,LightGBM Regressor,-20.0,-11.001
Fold_04,eurobasket_2009_fra_ger_70_65,eurobasket_2009,2009,regression,LightGBM Regressor,5.0,13.48
Fold_04,eurobasket_2009_fra_gre_71_69,eurobasket_2009,2009,regression,LightGBM Regressor,2.0,-9.139
Fold_04,eurobasket_2009_fra_mkd_83_57,eurobasket_2009,2009,regression,LightGBM Regressor,26.0,10.379
Fold_04,eurobasket_2009_fra_tur_80_68,eurobasket_2009,2009,regression,LightGBM Regressor,12.0,6.195
Fold_04,eurobasket_2009_gbr_slo_59_72,eurobasket_2009,2009,regression,LightGBM Regressor,-13.0,-9.389
Fold_04,eurobasket_2009_gbr_srb_59_77,eurobasket_2009,2009,regression,LightGBM Regressor,-18.0,1.719
Fold_04,eurobasket_2009_ger_cro_68_70,eurobasket_2009,2009,regression,LightGBM Regressor,-2.0,-10.044
Fold_04,eurobasket_2009_ger_gre_76_84,eurobasket_2009,2009,regression,LightGBM Regressor,-8.0,-2.517
Fold_04,eurobasket_2009_ger_lat_62_68,eurobasket_2009,2009,regression,LightGBM Regressor,-6.0,7.333
Fold_04,eurobasket_2009_ger_rus_76_73,eurobasket_2009,2009,regression,LightGBM Regressor,3.0,-2.043
Fold_04,eurobasket_2009_gre_cro_76_68,eurobasket_2009,2009,regression,LightGBM Regressor,8.0,13.088
Fold_04,eurobasket_2009_gre_rus_65_68,eurobasket_2009,2009,regression,LightGBM Regressor,-3.0,5.765
Fold_04,eurobasket_2009_gre_slo_57_56,eurobasket_2009,2009,regression,LightGBM Regressor,1.0,0.571
Fold_04,eurobasket_2009_isr_gre_80_106,eurobasket_2009,2009,regression,LightGBM Regressor,-26.0,-3.862
Fold_04,eurobasket_2009_isr_mkd_79_82,eurobasket_2009,2009,regression,LightGBM Regressor,-3.0,9.992
Fold_04,eurobasket_2009_lat_fra_51_60,eurobasket_2009,2009,regression,LightGBM Regressor,-9.0,-5.962
Fold_04,eurobasket_2009_ltu_bul_84_69,eurobasket_2009,2009,regression,LightGBM Regressor,15.0,11.533
Fold_04,eurobasket_2009_ltu_pol_75_86,eurobasket_2009,2009,regression,LightGBM Regressor,-11.0,11.648
Fold_04,eurobasket_2009_ltu_slo_58_81,eurobasket_2009,2009,regression,LightGBM Regressor,-23.0,9.125
Fold_04,eurobasket_2009_ltu_srb_79_89,eurobasket_2009,2009,regression,LightGBM Regressor,-10.0,11.974
Fold_04,eurobasket_2009_mkd_cro_71_81,eurobasket_2009,2009,regression,LightGBM Regressor,-10.0,-16.629
Fold_04,eurobasket_2009_mkd_ger_86_75,eurobasket_2009,2009,regression,LightGBM Regressor,11.0,-3.616
Fold_04,eurobasket_2009_mkd_gre_54_86,eurobasket_2009,2009,regression,LightGBM Regressor,-32.0,-9.977
Fold_04,eurobasket_2009_pol_bul_90_78,eurobasket_2009,2009,regression,LightGBM Regressor,12.0,-1.693
Fold_04,eurobasket_2009_pol_esp_68_90,eurobasket_2009,2009,regression,LightGBM Regressor,-22.0,-12.163
Fold_04,eurobasket_2009_pol_srb_72_77,eurobasket_2009,2009,regression,LightGBM Regressor,-5.0,3.625
Fold_04,eurobasket_2009_pol_tur_69_87,eurobasket_2009,2009,regression,LightGBM Regressor,-18.0,-2.481
Fold_04,eurobasket_2009_rus_cro_62_59,eurobasket_2009,2009,regression,LightGBM Regressor,3.0,11.235
Fold_04,eurobasket_2009_rus_cro_69_76,eurobasket_2009,2009,regression,LightGBM Regressor,-7.0,11.235
Fold_04,eurobasket_2009_rus_fra_64_69,eurobasket_2009,2009,regression,LightGBM Regressor,-5.0,10.414
Fold_04,eurobasket_2009_rus_lat_81_68,eurobasket_2009,2009,regression,LightGBM Regressor,13.0,11.648
Fold_04,eurobasket_2009_rus_mkd_71_69,eurobasket_2009,2009,regression,LightGBM Regressor,2.0,10.379
Fold_04,eurobasket_2009_rus_srb_68_79,eurobasket_2009,2009,regression,LightGBM Regressor,-11.0,11.974
Fold_04,eurobasket_2009_slo_cro_67_65,eurobasket_2009,2009,regression,LightGBM Regressor,2.0,11.235
Fold_04,eurobasket_2009_slo_pol_76_60,eurobasket_2009,2009,regression,LightGBM Regressor,16.0,11.648
Fold_04,eurobasket_2009_slo_srb_80_69,eurobasket_2009,2009,regression,LightGBM Regressor,11.0,11.839
Fold_04,eurobasket_2009_srb_esp_66_57,eurobasket_2009,2009,regression,LightGBM Regressor,9.0,-8.729
Fold_04,eurobasket_2009_srb_slo_96_92,eurobasket_2009,2009,regression,LightGBM Regressor,4.0,-12.546
Fold_04,eurobasket_2009_srb_tur_64_69,eurobasket_2009,2009,regression,LightGBM Regressor,-5.0,6.022
Fold_04,eurobasket_2009_tur_esp_63_60,eurobasket_2009,2009,regression,LightGBM Regressor,3.0,-9.692
Fold_04,eurobasket_2009_tur_gre_74_76,eurobasket_2009,2009,regression,LightGBM Regressor,-2.0,-4.562
Fold_04,eurobasket_2009_tur_ltu_84_76,eurobasket_2009,2009,regression,LightGBM Regressor,8.0,-10.006
Fold_04,eurobasket_2009_tur_rus_66_89,eurobasket_2009,2009,regression,LightGBM Regressor,-23.0,-14.827
Fold_04,eurobasket_2009_tur_slo_67_69,eurobasket_2009,2009,regression,LightGBM Regressor,-2.0,-14.827
Fold_05,worldcup_2010_ang_arg_70_91,worldcup_2010,2010,classification,Naive Baseline (50%),0.0,0.5
Fold_05,worldcup_2010_ang_aus_55_76,worldcup_2010,2010,classification,Naive Baseline (50%),0.0,0.5
Fold_05,worldcup_2010_ang_srb_44_94,worldcup_2010,2010,classification,Naive Baseline (50%),0.0,0.5
Fold_05,worldcup_2010_arg_aus_74_72,worldcup_2010,2010,classification,Naive Baseline (50%),1.0,0.5
Fold_05,worldcup_2010_arg_bra_93_89,worldcup_2010,2010,classification,Naive Baseline (50%),1.0,0.5
Fold_05,worldcup_2010_arg_jor_88_79,worldcup_2010,2010,classification,Naive Baseline (50%),1.0,0.5
Fold_05,worldcup_2010_arg_srb_82_84,worldcup_2010,2010,classification,Naive Baseline (50%),0.0,0.5
Fold_05,worldcup_2010_aus_ger_78_43,worldcup_2010,2010,classification,Naive Baseline (50%),1.0,0.5
Fold_05,worldcup_2010_aus_jor_76_75,worldcup_2010,2010,classification,Naive Baseline (50%),1.0,0.5
Fold_05,worldcup_2010_bra_cro_92_74,worldcup_2010,2010,classification,Naive Baseline (50%),1.0,0.5
Fold_05,worldcup_2010_bra_slo_77_80,worldcup_2010,2010,classification,Naive Baseline (50%),0.0,0.5
Fold_05,worldcup_2010_bra_tun_80_65,worldcup_2010,2010,classification,Naive Baseline (50%),1.0,0.5
Fold_05,worldcup_2010_can_lbn_71_81,worldcup_2010,2010,classification,Naive Baseline (50%),0.0,0.5
Fold_05,worldcup_2010_can_nzl_61_71,worldcup_2010,2010,classification,Naive Baseline (50%),0.0,0.5
Fold_05,worldcup_2010_chn_civ_83_73,worldcup_2010,2010,classification,Naive Baseline (50%),1.0,0.5
Fold_05,worldcup_2010_chn_rus_80_89,worldcup_2010,2010,classification,Naive Baseline (50%),0.0,0.5
Fold_05,worldcup_2010_civ_gre_60_97,worldcup_2010,2010,classification,Naive Baseline (50%),0.0,0.5
Fold_05,worldcup_2010_civ_tur_47_86,worldcup_2010,2010,classification,Naive Baseline (50%),0.0,0.5
Fold_05,worldcup_2010_cro_iri_75_54,worldcup_2010,2010,classification,Naive Baseline (50%),1.0,0.5
Fold_05,worldcup_2010_cro_tun_84_64,worldcup_2010,2010,classification,Naive Baseline (50%),1.0,0.5
Fold_05,worldcup_2010_esp_arg_81_86,worldcup_2010,2010,classification,Naive Baseline (50%),0.0,0.5
Fold_05,worldcup_2010_esp_can_89_67,worldcup_2010,2010,classification,Naive Baseline (50%),1.0,0.5
Fold_05,worldcup_2010_esp_gre_80_72,worldcup_2010,2010,classification,Naive Baseline (50%),1.0,0.5
Fold_05,worldcup_2010_esp_ltu_73_76,worldcup_2010,2010,classification,Naive Baseline (50%),0.0,0.5
Fold_05,worldcup_2010_esp_nzl_101_84,worldcup_2010,2010,classification,Naive Baseline (50%),1.0,0.5
Fold_05,worldcup_2010_esp_slo_97_80,worldcup_2010,2010,classification,Naive Baseline (50%),1.0,0.5
Fold_05,worldcup_2010_fra_can_68_63,worldcup_2010,2010,classification,Naive Baseline (50%),1.0,0.5
Fold_05,worldcup_2010_fra_esp_72_66,worldcup_2010,2010,classification,Naive Baseline (50%),1.0,0.5
Fold_05,worldcup_2010_ger_ang_88_92,worldcup_2010,2010,classification,Naive Baseline (50%),0.0,0.5
Fold_05,worldcup_2010_ger_arg_74_78,worldcup_2010,2010,classification,Naive Baseline (50%),0.0,0.5
Fold_05,worldcup_2010_gre_chn_89_81,worldcup_2010,2010,classification,Naive Baseline (50%),1.0,0.5
Fold_05,worldcup_2010_gre_rus_69_73,worldcup_2010,2010,classification,Naive Baseline (50%),0.0,0.5
Fold_05,worldcup_2010_gre_tur_65_76,worldcup_2010,2010,classification,Naive Baseline (50%),0.0,0.5
Fold_05,worldcup_2010_iri_bra_65_81,worldcup_2010,2010,classification,Naive Baseline (50%),0.0,0.5
Fold_05,worldcup_2010_iri_usa_51_88,worldcup_2010,2010,classification,Naive Baseline (50%),0.0,0.5
Fold_05,worldcup_2010_jor_ang_65_79,worldcup_2010,2010,classification,Naive Baseline (50%),0.0,0.5
Fold_05,worldcup_2010_jor_ger_73_91,worldcup_2010,2010,classification,Naive Baseline (50%),0.0,0.5
Fold_05,worldcup_2010_jor_srb_69_112,worldcup_2010,2010,classification,Naive Baseline (50%),0.0,0.5
Fold_05,worldcup_2010_lbn_esp_57_91,worldcup_2010,2010,classification,Naive Baseline (50%),0.0,0.5
Fold_05,worldcup_2010_lbn_fra_59_86,worldcup_2010,2010,classification,Naive Baseline (50%),0.0,0.5
Fold_05,worldcup_2010_lbn_ltu_66_84,worldcup_2010,2010,classification,Naive Baseline (50%),0.0,0.5
Fold_05,worldcup_2010_ltu_arg_104_85,worldcup_2010,2010,classification,Naive Baseline (50%),1.0,0.5
Fold_05,worldcup_2010_ltu_can_70_68,worldcup_2010,2010,classification,Naive Baseline (50%),1.0,0.5
Fold_05,worldcup_2010_ltu_chn_78_67,worldcup_2010,2010,classification,Naive Baseline (50%),1.0,0.5
Fold_05,worldcup_2010_ltu_fra_69_55,worldcup_2010,2010,classification,Naive Baseline (50%),1.0,0.5
Fold_05,worldcup_2010_nzl_fra_82_70,worldcup_2010,2010,classification,Naive Baseline (50%),1.0,0.5
Fold_05,worldcup_2010_nzl_lbn_108_76,worldcup_2010,2010,classification,Naive Baseline (50%),1.0,0.5
Fold_05,worldcup_2010_nzl_ltu_79_92,worldcup_2010,2010,classification,Naive Baseline (50%),0.0,0.5
Fold_05,worldcup_2010_pur_chn_84_76,worldcup_2010,2010,classification,Naive Baseline (50%),1.0,0.5
Fold_05,worldcup_2010_pur_civ_79_88,worldcup_2010,2010,classification,Naive Baseline (50%),0.0,0.5
Fold_05,worldcup_2010_pur_gre_80_83,worldcup_2010,2010,classification,Naive Baseline (50%),0.0,0.5
Fold_05,worldcup_2010_rus_arg_61_73,worldcup_2010,2010,classification,Naive Baseline (50%),0.0,0.5
Fold_05,worldcup_2010_rus_civ_72_66,worldcup_2010,2010,classification,Naive Baseline (50%),1.0,0.5
Fold_05,worldcup_2010_rus_nzl_78_56,worldcup_2010,2010,classification,Naive Baseline (50%),1.0,0.5
Fold_05,worldcup_2010_rus_pur_75_66,worldcup_2010,2010,classification,Naive Baseline (50%),1.0,0.5
Fold_05,worldcup_2010_slo_aus_87_58,worldcup_2010,2010,classification,Naive Baseline (50%),1.0,0.5
Fold_05,worldcup_2010_slo_cro_91_84,worldcup_2010,2010,classification,Naive Baseline (50%),1.0,0.5
Fold_05,worldcup_2010_slo_iri_65_60,worldcup_2010,2010,classification,Naive Baseline (50%),1.0,0.5
Fold_05,worldcup_2010_slo_rus_78_83,worldcup_2010,2010,classification,Naive Baseline (50%),0.0,0.5
Fold_05,worldcup_2010_slo_usa_77_99,worldcup_2010,2010,classification,Naive Baseline (50%),0.0,0.5
Fold_05,worldcup_2010_srb_aus_94_79,worldcup_2010,2010,classification,Naive Baseline (50%),1.0,0.5
Fold_05,worldcup_2010_srb_cro_73_72,worldcup_2010,2010,classification,Naive Baseline (50%),1.0,0.5
Fold_05,worldcup_2010_srb_esp_92_89,worldcup_2010,2010,classification,Naive Baseline (50%),1.0,0.5
Fold_05,worldcup_2010_srb_ger_81_82,worldcup_2010,2010,classification,Naive Baseline (50%),0.0,0.5
Fold_05,worldcup_2010_srb_ltu_88_99,worldcup_2010,2010,classification,Naive Baseline (50%),0.0,0.5
Fold_05,worldcup_2010_srb_tur_82_83,worldcup_2010,2010,classification,Naive Baseline (50%),0.0,0.5
Fold_05,worldcup_2010_tun_iri_58_71,worldcup_2010,2010,classification,Naive Baseline (50%),0.0,0.5
Fold_05,worldcup_2010_tun_slo_56_80,worldcup_2010,2010,classification,Naive Baseline (50%),0.0,0.5
Fold_05,worldcup_2010_tur_chn_87_40,worldcup_2010,2010,classification,Naive Baseline (50%),1.0,0.5
Fold_05,worldcup_2010_tur_fra_95_77,worldcup_2010,2010,classification,Naive Baseline (50%),1.0,0.5
Fold_05,worldcup_2010_tur_pur_79_77,worldcup_2010,2010,classification,Naive Baseline (50%),1.0,0.5
Fold_05,worldcup_2010_tur_rus_65_56,worldcup_2010,2010,classification,Naive Baseline (50%),1.0,0.5
Fold_05,worldcup_2010_tur_slo_95_68,worldcup_2010,2010,classification,Naive Baseline (50%),1.0,0.5
Fold_05,worldcup_2010_tur_usa_64_81,worldcup_2010,2010,classification,Naive Baseline (50%),0.0,0.5
Fold_05,worldcup_2010_usa_ang_121_66,worldcup_2010,2010,classification,Naive Baseline (50%),1.0,0.5
Fold_05,worldcup_2010_usa_bra_70_68,worldcup_2010,2010,classification,Naive Baseline (50%),1.0,0.5
Fold_05,worldcup_2010_usa_cro_106_78,worldcup_2010,2010,classification,Naive Baseline (50%),1.0,0.5
Fold_05,worldcup_2010_usa_ltu_89_74,worldcup_2010,2010,classification,Naive Baseline (50%),1.0,0.5
Fold_05,worldcup_2010_usa_rus_89_79,worldcup_2010,2010,classification,Naive Baseline (50%),1.0,0.5
Fold_05,worldcup_2010_usa_tun_92_57,worldcup_2010,2010,classification,Naive Baseline (50%),1.0,0.5
Fold_05,worldcup_2010_ang_arg_70_91,worldcup_2010,2010,classification,Logistic Regression L2,0.0,0.1864
Fold_05,worldcup_2010_ang_aus_55_76,worldcup_2010,2010,classification,Logistic Regression L2,0.0,0.3683
Fold_05,worldcup_2010_ang_srb_44_94,worldcup_2010,2010,classification,Logistic Regression L2,0.0,0.37
Fold_05,worldcup_2010_arg_aus_74_72,worldcup_2010,2010,classification,Logistic Regression L2,1.0,0.7601
Fold_05,worldcup_2010_arg_bra_93_89,worldcup_2010,2010,classification,Logistic Regression L2,1.0,0.7865
Fold_05,worldcup_2010_arg_jor_88_79,worldcup_2010,2010,classification,Logistic Regression L2,1.0,0.8266
Fold_05,worldcup_2010_arg_srb_82_84,worldcup_2010,2010,classification,Logistic Regression L2,0.0,0.7615
Fold_05,worldcup_2010_aus_ger_78_43,worldcup_2010,2010,classification,Logistic Regression L2,1.0,0.4364
Fold_05,worldcup_2010_aus_jor_76_75,worldcup_2010,2010,classification,Logistic Regression L2,1.0,0.6519
Fold_05,worldcup_2010_bra_cro_92_74,worldcup_2010,2010,classification,Logistic Regression L2,1.0,0.4012
Fold_05,worldcup_2010_bra_slo_77_80,worldcup_2010,2010,classification,Logistic Regression L2,0.0,0.3276
Fold_05,worldcup_2010_bra_tun_80_65,worldcup_2010,2010,classification,Logistic Regression L2,1.0,0.6169
Fold_05,worldcup_2010_can_lbn_71_81,worldcup_2010,2010,classification,Logistic Regression L2,0.0,0.7677
Fold_05,worldcup_2010_can_nzl_61_71,worldcup_2010,2010,classification,Logistic Regression L2,0.0,0.6852
Fold_05,worldcup_2010_chn_civ_83_73,worldcup_2010,2010,classification,Logistic Regression L2,1.0,0.4948
Fold_05,worldcup_2010_chn_rus_80_89,worldcup_2010,2010,classification,Logistic Regression L2,0.0,0.2533
Fold_05,worldcup_2010_civ_gre_60_97,worldcup_2010,2010,classification,Logistic Regression L2,0.0,0.2224
Fold_05,worldcup_2010_civ_tur_47_86,worldcup_2010,2010,classification,Logistic Regression L2,0.0,0.4253
Fold_05,worldcup_2010_cro_iri_75_54,worldcup_2010,2010,classification,Logistic Regression L2,1.0,0.9431
Fold_05,worldcup_2010_cro_tun_84_64,worldcup_2010,2010,classification,Logistic Regression L2,1.0,0.7496
Fold_05,worldcup_2010_esp_arg_81_86,worldcup_2010,2010,classification,Logistic Regression L2,0.0,0.7013
Fold_05,worldcup_2010_esp_can_89_67,worldcup_2010,2010,classification,Logistic Regression L2,1.0,0.8999
Fold_05,worldcup_2010_esp_gre_80_72,worldcup_2010,2010,classification,Logistic Regression L2,1.0,0.6738
Fold_05,worldcup_2010_esp_ltu_73_76,worldcup_2010,2010,classification,Logistic Regression L2,0.0,0.7019
Fold_05,worldcup_2010_esp_nzl_101_84,worldcup_2010,2010,classification,Logistic Regression L2,1.0,0.9402
Fold_05,worldcup_2010_esp_slo_97_80,worldcup_2010,2010,classification,Logistic Regression L2,1.0,0.7312
Fold_05,worldcup_2010_fra_can_68_63,worldcup_2010,2010,classification,Logistic Regression L2,1.0,0.8092
Fold_05,worldcup_2010_fra_esp_72_66,worldcup_2010,2010,classification,Logistic Regression L2,1.0,0.3699
Fold_05,worldcup_2010_ger_ang_88_92,worldcup_2010,2010,classification,Logistic Regression L2,0.0,0.8103
Fold_05,worldcup_2010_ger_arg_74_78,worldcup_2010,2010,classification,Logistic Regression L2,0.0,0.4401
Fold_05,worldcup_2010_gre_chn_89_81,worldcup_2010,2010,classification,Logistic Regression L2,1.0,0.8732
Fold_05,worldcup_2010_gre_rus_69_73,worldcup_2010,2010,classification,Logistic Regression L2,0.0,0.6523
Fold_05,worldcup_2010_gre_tur_65_76,worldcup_2010,2010,classification,Logistic Regression L2,0.0,0.7631
Fold_05,worldcup_2010_iri_bra_65_81,worldcup_2010,2010,classification,Logistic Regression L2,0.0,0.1481
Fold_05,worldcup_2010_iri_usa_51_88,worldcup_2010,2010,classification,Logistic Regression L2,0.0,0.0331
Fold_05,worldcup_2010_jor_ang_65_79,worldcup_2010,2010,classification,Logistic Regression L2,0.0,0.6385
Fold_05,worldcup_2010_jor_ger_73_91,worldcup_2010,2010,classification,Logistic Regression L2,0.0,0.3398
Fold_05,worldcup_2010_jor_srb_69_112,worldcup_2010,2010,classification,Logistic Regression L2,0.0,0.4546
Fold_05,worldcup_2010_lbn_esp_57_91,worldcup_2010,2010,classification,Logistic Regression L2,0.0,0.061
Fold_05,worldcup_2010_lbn_fra_59_86,worldcup_2010,2010,classification,Logistic Regression L2,0.0,0.121
Fold_05,worldcup_2010_lbn_ltu_66_84,worldcup_2010,2010,classification,Logistic Regression L2,0.0,0.1094
Fold_05,worldcup_2010_ltu_arg_104_85,worldcup_2010,2010,classification,Logistic Regression L2,1.0,0.5538
Fold_05,worldcup_2010_ltu_can_70_68,worldcup_2010,2010,classification,Logistic Regression L2,1.0,0.8262
Fold_05,worldcup_2010_ltu_chn_78_67,worldcup_2010,2010,classification,Logistic Regression L2,1.0,0.858
Fold_05,worldcup_2010_ltu_fra_69_55,worldcup_2010,2010,classification,Logistic Regression L2,1.0,0.5825
Fold_05,worldcup_2010_nzl_fra_82_70,worldcup_2010,2010,classification,Logistic Regression L2,1.0,0.1728
Fold_05,worldcup_2010_nzl_lbn_108_76,worldcup_2010,2010,classification,Logistic Regression L2,1.0,0.6539
Fold_05,worldcup_2010_nzl_ltu_79_92,worldcup_2010,2010,classification,Logistic Regression L2,0.0,0.1571
Fold_05,worldcup_2010_pur_chn_84_76,worldcup_2010,2010,classification,Logistic Regression L2,1.0,0.6364
Fold_05,worldcup_2010_pur_civ_79_88,worldcup_2010,2010,classification,Logistic Regression L2,0.0,0.5793
Fold_05,worldcup_2010_pur_gre_80_83,worldcup_2010,2010,classification,Logistic Regression L2,0.0,0.2403
Fold_05,worldcup_2010_rus_arg_61_73,worldcup_2010,2010,classification,Logistic Regression L2,0.0,0.4842
Fold_05,worldcup_2010_rus_civ_72_66,worldcup_2010,2010,classification,Logistic Regression L2,1.0,0.7824
Fold_05,worldcup_2010_rus_nzl_78_56,worldcup_2010,2010,classification,Logistic Regression L2,1.0,0.8628
Fold_05,worldcup_2010_rus_pur_75_66,worldcup_2010,2010,classification,Logistic Regression L2,1.0,0.7647
Fold_05,worldcup_2010_slo_aus_87_58,worldcup_2010,2010,classification,Logistic Regression L2,1.0,0.7323
Fold_05,worldcup_2010_slo_cro_91_84,worldcup_2010,2010,classification,Logistic Regression L2,1.0,0.6312
Fold_05,worldcup_2010_slo_iri_65_60,worldcup_2010,2010,classification,Logistic Regression L2,1.0,0.9579
Fold_05,worldcup_2010_slo_rus_78_83,worldcup_2010,2010,classification,Logistic Regression L2,0.0,0.5876
Fold_05,worldcup_2010_slo_usa_77_99,worldcup_2010,2010,classification,Logistic Regression L2,0.0,0.385
Fold_05,worldcup_2010_srb_aus_94_79,worldcup_2010,2010,classification,Logistic Regression L2,1.0,0.5527
Fold_05,worldcup_2010_srb_cro_73_72,worldcup_2010,2010,classification,Logistic Regression L2,1.0,0.436
Fold_05,worldcup_2010_srb_esp_92_89,worldcup_2010,2010,classification,Logistic Regression L2,1.0,0.2047
Fold_05,worldcup_2010_srb_ger_81_82,worldcup_2010,2010,classification,Logistic Regression L2,0.0,0.4346
Fold_05,worldcup_2010_srb_ltu_88_99,worldcup_2010,2010,classification,Logistic Regression L2,0.0,0.3274
Fold_05,worldcup_2010_srb_tur_82_83,worldcup_2010,2010,classification,Logistic Regression L2,0.0,0.5249
Fold_05,worldcup_2010_tun_iri_58_71,worldcup_2010,2010,classification,Logistic Regression L2,0.0,0.8733
Fold_05,worldcup_2010_tun_slo_56_80,worldcup_2010,2010,classification,Logistic Regression L2,0.0,0.2735
Fold_05,worldcup_2010_tur_chn_87_40,worldcup_2010,2010,classification,Logistic Regression L2,1.0,0.7269
Fold_05,worldcup_2010_tur_fra_95_77,worldcup_2010,2010,classification,Logistic Regression L2,1.0,0.3807
Fold_05,worldcup_2010_tur_pur_79_77,worldcup_2010,2010,classification,Logistic Regression L2,1.0,0.6543
Fold_05,worldcup_2010_tur_rus_65_56,worldcup_2010,2010,classification,Logistic Regression L2,1.0,0.4203
Fold_05,worldcup_2010_tur_slo_95_68,worldcup_2010,2010,classification,Logistic Regression L2,1.0,0.3878
Fold_05,worldcup_2010_tur_usa_64_81,worldcup_2010,2010,classification,Logistic Regression L2,0.0,0.2415
Fold_05,worldcup_2010_usa_ang_121_66,worldcup_2010,2010,classification,Logistic Regression L2,1.0,0.9207
Fold_05,worldcup_2010_usa_bra_70_68,worldcup_2010,2010,classification,Logistic Regression L2,1.0,0.8635
Fold_05,worldcup_2010_usa_cro_106_78,worldcup_2010,2010,classification,Logistic Regression L2,1.0,0.7729
Fold_05,worldcup_2010_usa_ltu_89_74,worldcup_2010,2010,classification,Logistic Regression L2,1.0,0.6819
Fold_05,worldcup_2010_usa_rus_89_79,worldcup_2010,2010,classification,Logistic Regression L2,1.0,0.7392
Fold_05,worldcup_2010_usa_tun_92_57,worldcup_2010,2010,classification,Logistic Regression L2,1.0,0.8911
Fold_05,worldcup_2010_ang_arg_70_91,worldcup_2010,2010,classification,ElasticNet Classifier,0.0,0.1859
Fold_05,worldcup_2010_ang_aus_55_76,worldcup_2010,2010,classification,ElasticNet Classifier,0.0,0.3656
Fold_05,worldcup_2010_ang_srb_44_94,worldcup_2010,2010,classification,ElasticNet Classifier,0.0,0.3666
Fold_05,worldcup_2010_arg_aus_74_72,worldcup_2010,2010,classification,ElasticNet Classifier,1.0,0.755
Fold_05,worldcup_2010_arg_bra_93_89,worldcup_2010,2010,classification,ElasticNet Classifier,1.0,0.7823
Fold_05,worldcup_2010_arg_jor_88_79,worldcup_2010,2010,classification,ElasticNet Classifier,1.0,0.8179
Fold_05,worldcup_2010_arg_srb_82_84,worldcup_2010,2010,classification,ElasticNet Classifier,0.0,0.7558
Fold_05,worldcup_2010_aus_ger_78_43,worldcup_2010,2010,classification,ElasticNet Classifier,1.0,0.4299
Fold_05,worldcup_2010_aus_jor_76_75,worldcup_2010,2010,classification,ElasticNet Classifier,1.0,0.6403
Fold_05,worldcup_2010_bra_cro_92_74,worldcup_2010,2010,classification,ElasticNet Classifier,1.0,0.3948
Fold_05,worldcup_2010_bra_slo_77_80,worldcup_2010,2010,classification,ElasticNet Classifier,0.0,0.3225
Fold_05,worldcup_2010_bra_tun_80_65,worldcup_2010,2010,classification,ElasticNet Classifier,1.0,0.6042
Fold_05,worldcup_2010_can_lbn_71_81,worldcup_2010,2010,classification,ElasticNet Classifier,0.0,0.7678
Fold_05,worldcup_2010_can_nzl_61_71,worldcup_2010,2010,classification,ElasticNet Classifier,0.0,0.6857
Fold_05,worldcup_2010_chn_civ_83_73,worldcup_2010,2010,classification,ElasticNet Classifier,1.0,0.4851
Fold_05,worldcup_2010_chn_rus_80_89,worldcup_2010,2010,classification,ElasticNet Classifier,0.0,0.2517
Fold_05,worldcup_2010_civ_gre_60_97,worldcup_2010,2010,classification,ElasticNet Classifier,0.0,0.224
Fold_05,worldcup_2010_civ_tur_47_86,worldcup_2010,2010,classification,ElasticNet Classifier,0.0,0.4261
Fold_05,worldcup_2010_cro_iri_75_54,worldcup_2010,2010,classification,ElasticNet Classifier,1.0,0.9412
Fold_05,worldcup_2010_cro_tun_84_64,worldcup_2010,2010,classification,ElasticNet Classifier,1.0,0.7408
Fold_05,worldcup_2010_esp_arg_81_86,worldcup_2010,2010,classification,ElasticNet Classifier,0.0,0.6975
Fold_05,worldcup_2010_esp_can_89_67,worldcup_2010,2010,classification,ElasticNet Classifier,1.0,0.8946
Fold_05,worldcup_2010_esp_gre_80_72,worldcup_2010,2010,classification,ElasticNet Classifier,1.0,0.6673
Fold_05,worldcup_2010_esp_ltu_73_76,worldcup_2010,2010,classification,ElasticNet Classifier,0.0,0.696
Fold_05,worldcup_2010_esp_nzl_101_84,worldcup_2010,2010,classification,ElasticNet Classifier,1.0,0.9381
Fold_05,worldcup_2010_esp_slo_97_80,worldcup_2010,2010,classification,ElasticNet Classifier,1.0,0.7257
Fold_05,worldcup_2010_fra_can_68_63,worldcup_2010,2010,classification,ElasticNet Classifier,1.0,0.8017
Fold_05,worldcup_2010_fra_esp_72_66,worldcup_2010,2010,classification,ElasticNet Classifier,1.0,0.3678
Fold_05,worldcup_2010_ger_ang_88_92,worldcup_2010,2010,classification,ElasticNet Classifier,0.0,0.8073
Fold_05,worldcup_2010_ger_arg_74_78,worldcup_2010,2010,classification,ElasticNet Classifier,0.0,0.4393
Fold_05,worldcup_2010_gre_chn_89_81,worldcup_2010,2010,classification,ElasticNet Classifier,1.0,0.87
Fold_05,worldcup_2010_gre_rus_69_73,worldcup_2010,2010,classification,ElasticNet Classifier,0.0,0.6484
Fold_05,worldcup_2010_gre_tur_65_76,worldcup_2010,2010,classification,ElasticNet Classifier,0.0,0.7585
Fold_05,worldcup_2010_iri_bra_65_81,worldcup_2010,2010,classification,ElasticNet Classifier,0.0,0.1485
Fold_05,worldcup_2010_iri_usa_51_88,worldcup_2010,2010,classification,ElasticNet Classifier,0.0,0.0337
Fold_05,worldcup_2010_jor_ang_65_79,worldcup_2010,2010,classification,ElasticNet Classifier,0.0,0.6396
Fold_05,worldcup_2010_jor_ger_73_91,worldcup_2010,2010,classification,ElasticNet Classifier,0.0,0.3409
Fold_05,worldcup_2010_jor_srb_69_112,worldcup_2010,2010,classification,ElasticNet Classifier,0.0,0.4569
Fold_05,worldcup_2010_lbn_esp_57_91,worldcup_2010,2010,classification,ElasticNet Classifier,0.0,0.0609
Fold_05,worldcup_2010_lbn_fra_59_86,worldcup_2010,2010,classification,ElasticNet Classifier,0.0,0.1199
Fold_05,worldcup_2010_lbn_ltu_66_84,worldcup_2010,2010,classification,ElasticNet Classifier,0.0,0.1085
Fold_05,worldcup_2010_ltu_arg_104_85,worldcup_2010,2010,classification,ElasticNet Classifier,1.0,0.5515
Fold_05,worldcup_2010_ltu_can_70_68,worldcup_2010,2010,classification,ElasticNet Classifier,1.0,0.819
Fold_05,worldcup_2010_ltu_chn_78_67,worldcup_2010,2010,classification,ElasticNet Classifier,1.0,0.8543
Fold_05,worldcup_2010_ltu_fra_69_55,worldcup_2010,2010,classification,ElasticNet Classifier,1.0,0.5775
Fold_05,worldcup_2010_nzl_fra_82_70,worldcup_2010,2010,classification,ElasticNet Classifier,1.0,0.1711
Fold_05,worldcup_2010_nzl_lbn_108_76,worldcup_2010,2010,classification,ElasticNet Classifier,1.0,0.6493
Fold_05,worldcup_2010_nzl_ltu_79_92,worldcup_2010,2010,classification,ElasticNet Classifier,0.0,0.1557
Fold_05,worldcup_2010_pur_chn_84_76,worldcup_2010,2010,classification,ElasticNet Classifier,1.0,0.6278
Fold_05,worldcup_2010_pur_civ_79_88,worldcup_2010,2010,classification,ElasticNet Classifier,0.0,0.5654
Fold_05,worldcup_2010_pur_gre_80_83,worldcup_2010,2010,classification,ElasticNet Classifier,0.0,0.2353
Fold_05,worldcup_2010_rus_arg_61_73,worldcup_2010,2010,classification,ElasticNet Classifier,0.0,0.4817
Fold_05,worldcup_2010_rus_civ_72_66,worldcup_2010,2010,classification,ElasticNet Classifier,1.0,0.7737
Fold_05,worldcup_2010_rus_nzl_78_56,worldcup_2010,2010,classification,ElasticNet Classifier,1.0,0.8593
Fold_05,worldcup_2010_rus_pur_75_66,worldcup_2010,2010,classification,ElasticNet Classifier,1.0,0.7624
Fold_05,worldcup_2010_slo_aus_87_58,worldcup_2010,2010,classification,ElasticNet Classifier,1.0,0.7287
Fold_05,worldcup_2010_slo_cro_91_84,worldcup_2010,2010,classification,ElasticNet Classifier,1.0,0.6259
Fold_05,worldcup_2010_slo_iri_65_60,worldcup_2010,2010,classification,ElasticNet Classifier,1.0,0.9564
Fold_05,worldcup_2010_slo_rus_78_83,worldcup_2010,2010,classification,ElasticNet Classifier,0.0,0.583
Fold_05,worldcup_2010_slo_usa_77_99,worldcup_2010,2010,classification,ElasticNet Classifier,0.0,0.3849
Fold_05,worldcup_2010_srb_aus_94_79,worldcup_2010,2010,classification,ElasticNet Classifier,1.0,0.5487
Fold_05,worldcup_2010_srb_cro_73_72,worldcup_2010,2010,classification,ElasticNet Classifier,1.0,0.431
Fold_05,worldcup_2010_srb_esp_92_89,worldcup_2010,2010,classification,ElasticNet Classifier,1.0,0.2032
Fold_05,worldcup_2010_srb_ger_81_82,worldcup_2010,2010,classification,ElasticNet Classifier,0.0,0.4288
Fold_05,worldcup_2010_srb_ltu_88_99,worldcup_2010,2010,classification,ElasticNet Classifier,0.0,0.3236
Fold_05,worldcup_2010_srb_tur_82_83,worldcup_2010,2010,classification,ElasticNet Classifier,0.0,0.5187
Fold_05,worldcup_2010_tun_iri_58_71,worldcup_2010,2010,classification,ElasticNet Classifier,0.0,0.8724
Fold_05,worldcup_2010_tun_slo_56_80,worldcup_2010,2010,classification,ElasticNet Classifier,0.0,0.2758
Fold_05,worldcup_2010_tur_chn_87_40,worldcup_2010,2010,classification,ElasticNet Classifier,1.0,0.7224
Fold_05,worldcup_2010_tur_fra_95_77,worldcup_2010,2010,classification,ElasticNet Classifier,1.0,0.3776
Fold_05,worldcup_2010_tur_pur_79_77,worldcup_2010,2010,classification,ElasticNet Classifier,1.0,0.6533
Fold_05,worldcup_2010_tur_rus_65_56,worldcup_2010,2010,classification,ElasticNet Classifier,1.0,0.4176
Fold_05,worldcup_2010_tur_slo_95_68,worldcup_2010,2010,classification,ElasticNet Classifier,1.0,0.3851
Fold_05,worldcup_2010_tur_usa_64_81,worldcup_2010,2010,classification,ElasticNet Classifier,0.0,0.2429
Fold_05,worldcup_2010_usa_ang_121_66,worldcup_2010,2010,classification,ElasticNet Classifier,1.0,0.9174
Fold_05,worldcup_2010_usa_bra_70_68,worldcup_2010,2010,classification,ElasticNet Classifier,1.0,0.8594
Fold_05,worldcup_2010_usa_cro_106_78,worldcup_2010,2010,classification,ElasticNet Classifier,1.0,0.7656
Fold_05,worldcup_2010_usa_ltu_89_74,worldcup_2010,2010,classification,ElasticNet Classifier,1.0,0.6735
Fold_05,worldcup_2010_usa_rus_89_79,worldcup_2010,2010,classification,ElasticNet Classifier,1.0,0.7318
Fold_05,worldcup_2010_usa_tun_92_57,worldcup_2010,2010,classification,ElasticNet Classifier,1.0,0.8843
Fold_05,worldcup_2010_ang_arg_70_91,worldcup_2010,2010,classification,LightGBM Classifier,0.0,0.3407
Fold_05,worldcup_2010_ang_aus_55_76,worldcup_2010,2010,classification,LightGBM Classifier,0.0,0.4536
Fold_05,worldcup_2010_ang_srb_44_94,worldcup_2010,2010,classification,LightGBM Classifier,0.0,0.6803
Fold_05,worldcup_2010_arg_aus_74_72,worldcup_2010,2010,classification,LightGBM Classifier,1.0,0.8252
Fold_05,worldcup_2010_arg_bra_93_89,worldcup_2010,2010,classification,LightGBM Classifier,1.0,0.8309
Fold_05,worldcup_2010_arg_jor_88_79,worldcup_2010,2010,classification,LightGBM Classifier,1.0,0.8873
Fold_05,worldcup_2010_arg_srb_82_84,worldcup_2010,2010,classification,LightGBM Classifier,0.0,0.6849
Fold_05,worldcup_2010_aus_ger_78_43,worldcup_2010,2010,classification,LightGBM Classifier,1.0,0.5322
Fold_05,worldcup_2010_aus_jor_76_75,worldcup_2010,2010,classification,LightGBM Classifier,1.0,0.859
Fold_05,worldcup_2010_bra_cro_92_74,worldcup_2010,2010,classification,LightGBM Classifier,1.0,0.5524
Fold_05,worldcup_2010_bra_slo_77_80,worldcup_2010,2010,classification,LightGBM Classifier,0.0,0.3697
Fold_05,worldcup_2010_bra_tun_80_65,worldcup_2010,2010,classification,LightGBM Classifier,1.0,0.7926
Fold_05,worldcup_2010_can_lbn_71_81,worldcup_2010,2010,classification,LightGBM Classifier,0.0,0.4405
Fold_05,worldcup_2010_can_nzl_61_71,worldcup_2010,2010,classification,LightGBM Classifier,0.0,0.4179
Fold_05,worldcup_2010_chn_civ_83_73,worldcup_2010,2010,classification,LightGBM Classifier,1.0,0.8116
Fold_05,worldcup_2010_chn_rus_80_89,worldcup_2010,2010,classification,LightGBM Classifier,0.0,0.4524
Fold_05,worldcup_2010_civ_gre_60_97,worldcup_2010,2010,classification,LightGBM Classifier,0.0,0.1212
Fold_05,worldcup_2010_civ_tur_47_86,worldcup_2010,2010,classification,LightGBM Classifier,0.0,0.3519
Fold_05,worldcup_2010_cro_iri_75_54,worldcup_2010,2010,classification,LightGBM Classifier,1.0,0.7703
Fold_05,worldcup_2010_cro_tun_84_64,worldcup_2010,2010,classification,LightGBM Classifier,1.0,0.859
Fold_05,worldcup_2010_esp_arg_81_86,worldcup_2010,2010,classification,LightGBM Classifier,0.0,0.68
Fold_05,worldcup_2010_esp_can_89_67,worldcup_2010,2010,classification,LightGBM Classifier,1.0,0.8873
Fold_05,worldcup_2010_esp_gre_80_72,worldcup_2010,2010,classification,LightGBM Classifier,1.0,0.7889
Fold_05,worldcup_2010_esp_ltu_73_76,worldcup_2010,2010,classification,LightGBM Classifier,0.0,0.8941
Fold_05,worldcup_2010_esp_nzl_101_84,worldcup_2010,2010,classification,LightGBM Classifier,1.0,0.7287
Fold_05,worldcup_2010_esp_slo_97_80,worldcup_2010,2010,classification,LightGBM Classifier,1.0,0.736
Fold_05,worldcup_2010_fra_can_68_63,worldcup_2010,2010,classification,LightGBM Classifier,1.0,0.7836
Fold_05,worldcup_2010_fra_esp_72_66,worldcup_2010,2010,classification,LightGBM Classifier,1.0,0.3559
Fold_05,worldcup_2010_ger_ang_88_92,worldcup_2010,2010,classification,LightGBM Classifier,0.0,0.5686
Fold_05,worldcup_2010_ger_arg_74_78,worldcup_2010,2010,classification,LightGBM Classifier,0.0,0.6377
Fold_05,worldcup_2010_gre_chn_89_81,worldcup_2010,2010,classification,LightGBM Classifier,1.0,0.817
Fold_05,worldcup_2010_gre_rus_69_73,worldcup_2010,2010,classification,LightGBM Classifier,0.0,0.5269
Fold_05,worldcup_2010_gre_tur_65_76,worldcup_2010,2010,classification,LightGBM Classifier,0.0,0.8348
Fold_05,worldcup_2010_iri_bra_65_81,worldcup_2010,2010,classification,LightGBM Classifier,0.0,0.4512
Fold_05,worldcup_2010_iri_usa_51_88,worldcup_2010,2010,classification,LightGBM Classifier,0.0,0.2186
Fold_05,worldcup_2010_jor_ang_65_79,worldcup_2010,2010,classification,LightGBM Classifier,0.0,0.3253
Fold_05,worldcup_2010_jor_ger_73_91,worldcup_2010,2010,classification,LightGBM Classifier,0.0,0.3979
Fold_05,worldcup_2010_jor_srb_69_112,worldcup_2010,2010,classification,LightGBM Classifier,0.0,0.3789
Fold_05,worldcup_2010_lbn_esp_57_91,worldcup_2010,2010,classification,LightGBM Classifier,0.0,0.5028
Fold_05,worldcup_2010_lbn_fra_59_86,worldcup_2010,2010,classification,LightGBM Classifier,0.0,0.4397
Fold_05,worldcup_2010_lbn_ltu_66_84,worldcup_2010,2010,classification,LightGBM Classifier,0.0,0.3407
Fold_05,worldcup_2010_ltu_arg_104_85,worldcup_2010,2010,classification,LightGBM Classifier,1.0,0.4329
Fold_05,worldcup_2010_ltu_can_70_68,worldcup_2010,2010,classification,LightGBM Classifier,1.0,0.7324
Fold_05,worldcup_2010_ltu_chn_78_67,worldcup_2010,2010,classification,LightGBM Classifier,1.0,0.71
Fold_05,worldcup_2010_ltu_fra_69_55,worldcup_2010,2010,classification,LightGBM Classifier,1.0,0.6638
Fold_05,worldcup_2010_nzl_fra_82_70,worldcup_2010,2010,classification,LightGBM Classifier,1.0,0.5323
Fold_05,worldcup_2010_nzl_lbn_108_76,worldcup_2010,2010,classification,LightGBM Classifier,1.0,0.3566
Fold_05,worldcup_2010_nzl_ltu_79_92,worldcup_2010,2010,classification,LightGBM Classifier,0.0,0.55
Fold_05,worldcup_2010_pur_chn_84_76,worldcup_2010,2010,classification,LightGBM Classifier,1.0,0.8233
Fold_05,worldcup_2010_pur_civ_79_88,worldcup_2010,2010,classification,LightGBM Classifier,0.0,0.8163
Fold_05,worldcup_2010_pur_gre_80_83,worldcup_2010,2010,classification,LightGBM Classifier,0.0,0.6587
Fold_05,worldcup_2010_rus_arg_61_73,worldcup_2010,2010,classification,LightGBM Classifier,0.0,0.4067
Fold_05,worldcup_2010_rus_civ_72_66,worldcup_2010,2010,classification,LightGBM Classifier,1.0,0.7638
Fold_05,worldcup_2010_rus_nzl_78_56,worldcup_2010,2010,classification,LightGBM Classifier,1.0,0.7892
Fold_05,worldcup_2010_rus_pur_75_66,worldcup_2010,2010,classification,LightGBM Classifier,1.0,0.338
Fold_05,worldcup_2010_slo_aus_87_58,worldcup_2010,2010,classification,LightGBM Classifier,1.0,0.809
Fold_05,worldcup_2010_slo_cro_91_84,worldcup_2010,2010,classification,LightGBM Classifier,1.0,0.8963
Fold_05,worldcup_2010_slo_iri_65_60,worldcup_2010,2010,classification,LightGBM Classifier,1.0,0.7303
Fold_05,worldcup_2010_slo_rus_78_83,worldcup_2010,2010,classification,LightGBM Classifier,0.0,0.5029
Fold_05,worldcup_2010_slo_usa_77_99,worldcup_2010,2010,classification,LightGBM Classifier,0.0,0.5174
Fold_05,worldcup_2010_srb_aus_94_79,worldcup_2010,2010,classification,LightGBM Classifier,1.0,0.4673
Fold_05,worldcup_2010_srb_cro_73_72,worldcup_2010,2010,classification,LightGBM Classifier,1.0,0.5263
Fold_05,worldcup_2010_srb_esp_92_89,worldcup_2010,2010,classification,LightGBM Classifier,1.0,0.4637
Fold_05,worldcup_2010_srb_ger_81_82,worldcup_2010,2010,classification,LightGBM Classifier,0.0,0.6705
Fold_05,worldcup_2010_srb_ltu_88_99,worldcup_2010,2010,classification,LightGBM Classifier,0.0,0.3097
Fold_05,worldcup_2010_srb_tur_82_83,worldcup_2010,2010,classification,LightGBM Classifier,0.0,0.7969
Fold_05,worldcup_2010_tun_iri_58_71,worldcup_2010,2010,classification,LightGBM Classifier,0.0,0.4954
Fold_05,worldcup_2010_tun_slo_56_80,worldcup_2010,2010,classification,LightGBM Classifier,0.0,0.1212
Fold_05,worldcup_2010_tur_chn_87_40,worldcup_2010,2010,classification,LightGBM Classifier,1.0,0.9123
Fold_05,worldcup_2010_tur_fra_95_77,worldcup_2010,2010,classification,LightGBM Classifier,1.0,0.322
Fold_05,worldcup_2010_tur_pur_79_77,worldcup_2010,2010,classification,LightGBM Classifier,1.0,0.382
Fold_05,worldcup_2010_tur_rus_65_56,worldcup_2010,2010,classification,LightGBM Classifier,1.0,0.3303
Fold_05,worldcup_2010_tur_slo_95_68,worldcup_2010,2010,classification,LightGBM Classifier,1.0,0.2888
Fold_05,worldcup_2010_tur_usa_64_81,worldcup_2010,2010,classification,LightGBM Classifier,0.0,0.4944
Fold_05,worldcup_2010_usa_ang_121_66,worldcup_2010,2010,classification,LightGBM Classifier,1.0,0.8524
Fold_05,worldcup_2010_usa_bra_70_68,worldcup_2010,2010,classification,LightGBM Classifier,1.0,0.7896
Fold_05,worldcup_2010_usa_cro_106_78,worldcup_2010,2010,classification,LightGBM Classifier,1.0,0.8668
Fold_05,worldcup_2010_usa_ltu_89_74,worldcup_2010,2010,classification,LightGBM Classifier,1.0,0.7465
Fold_05,worldcup_2010_usa_rus_89_79,worldcup_2010,2010,classification,LightGBM Classifier,1.0,0.72
Fold_05,worldcup_2010_usa_tun_92_57,worldcup_2010,2010,classification,LightGBM Classifier,1.0,0.8873
Fold_05,worldcup_2010_ang_arg_70_91,worldcup_2010,2010,regression,Naive Margin (0.0 pts),-21.0,0.0
Fold_05,worldcup_2010_ang_aus_55_76,worldcup_2010,2010,regression,Naive Margin (0.0 pts),-21.0,0.0
Fold_05,worldcup_2010_ang_srb_44_94,worldcup_2010,2010,regression,Naive Margin (0.0 pts),-50.0,0.0
Fold_05,worldcup_2010_arg_aus_74_72,worldcup_2010,2010,regression,Naive Margin (0.0 pts),2.0,0.0
Fold_05,worldcup_2010_arg_bra_93_89,worldcup_2010,2010,regression,Naive Margin (0.0 pts),4.0,0.0
Fold_05,worldcup_2010_arg_jor_88_79,worldcup_2010,2010,regression,Naive Margin (0.0 pts),9.0,0.0
Fold_05,worldcup_2010_arg_srb_82_84,worldcup_2010,2010,regression,Naive Margin (0.0 pts),-2.0,0.0
Fold_05,worldcup_2010_aus_ger_78_43,worldcup_2010,2010,regression,Naive Margin (0.0 pts),35.0,0.0
Fold_05,worldcup_2010_aus_jor_76_75,worldcup_2010,2010,regression,Naive Margin (0.0 pts),1.0,0.0
Fold_05,worldcup_2010_bra_cro_92_74,worldcup_2010,2010,regression,Naive Margin (0.0 pts),18.0,0.0
Fold_05,worldcup_2010_bra_slo_77_80,worldcup_2010,2010,regression,Naive Margin (0.0 pts),-3.0,0.0
Fold_05,worldcup_2010_bra_tun_80_65,worldcup_2010,2010,regression,Naive Margin (0.0 pts),15.0,0.0
Fold_05,worldcup_2010_can_lbn_71_81,worldcup_2010,2010,regression,Naive Margin (0.0 pts),-10.0,0.0
Fold_05,worldcup_2010_can_nzl_61_71,worldcup_2010,2010,regression,Naive Margin (0.0 pts),-10.0,0.0
Fold_05,worldcup_2010_chn_civ_83_73,worldcup_2010,2010,regression,Naive Margin (0.0 pts),10.0,0.0
Fold_05,worldcup_2010_chn_rus_80_89,worldcup_2010,2010,regression,Naive Margin (0.0 pts),-9.0,0.0
Fold_05,worldcup_2010_civ_gre_60_97,worldcup_2010,2010,regression,Naive Margin (0.0 pts),-37.0,0.0
Fold_05,worldcup_2010_civ_tur_47_86,worldcup_2010,2010,regression,Naive Margin (0.0 pts),-39.0,0.0
Fold_05,worldcup_2010_cro_iri_75_54,worldcup_2010,2010,regression,Naive Margin (0.0 pts),21.0,0.0
Fold_05,worldcup_2010_cro_tun_84_64,worldcup_2010,2010,regression,Naive Margin (0.0 pts),20.0,0.0
Fold_05,worldcup_2010_esp_arg_81_86,worldcup_2010,2010,regression,Naive Margin (0.0 pts),-5.0,0.0
Fold_05,worldcup_2010_esp_can_89_67,worldcup_2010,2010,regression,Naive Margin (0.0 pts),22.0,0.0
Fold_05,worldcup_2010_esp_gre_80_72,worldcup_2010,2010,regression,Naive Margin (0.0 pts),8.0,0.0
Fold_05,worldcup_2010_esp_ltu_73_76,worldcup_2010,2010,regression,Naive Margin (0.0 pts),-3.0,0.0
Fold_05,worldcup_2010_esp_nzl_101_84,worldcup_2010,2010,regression,Naive Margin (0.0 pts),17.0,0.0
Fold_05,worldcup_2010_esp_slo_97_80,worldcup_2010,2010,regression,Naive Margin (0.0 pts),17.0,0.0
Fold_05,worldcup_2010_fra_can_68_63,worldcup_2010,2010,regression,Naive Margin (0.0 pts),5.0,0.0
Fold_05,worldcup_2010_fra_esp_72_66,worldcup_2010,2010,regression,Naive Margin (0.0 pts),6.0,0.0
Fold_05,worldcup_2010_ger_ang_88_92,worldcup_2010,2010,regression,Naive Margin (0.0 pts),-4.0,0.0
Fold_05,worldcup_2010_ger_arg_74_78,worldcup_2010,2010,regression,Naive Margin (0.0 pts),-4.0,0.0
Fold_05,worldcup_2010_gre_chn_89_81,worldcup_2010,2010,regression,Naive Margin (0.0 pts),8.0,0.0
Fold_05,worldcup_2010_gre_rus_69_73,worldcup_2010,2010,regression,Naive Margin (0.0 pts),-4.0,0.0
Fold_05,worldcup_2010_gre_tur_65_76,worldcup_2010,2010,regression,Naive Margin (0.0 pts),-11.0,0.0
Fold_05,worldcup_2010_iri_bra_65_81,worldcup_2010,2010,regression,Naive Margin (0.0 pts),-16.0,0.0
Fold_05,worldcup_2010_iri_usa_51_88,worldcup_2010,2010,regression,Naive Margin (0.0 pts),-37.0,0.0
Fold_05,worldcup_2010_jor_ang_65_79,worldcup_2010,2010,regression,Naive Margin (0.0 pts),-14.0,0.0
Fold_05,worldcup_2010_jor_ger_73_91,worldcup_2010,2010,regression,Naive Margin (0.0 pts),-18.0,0.0
Fold_05,worldcup_2010_jor_srb_69_112,worldcup_2010,2010,regression,Naive Margin (0.0 pts),-43.0,0.0
Fold_05,worldcup_2010_lbn_esp_57_91,worldcup_2010,2010,regression,Naive Margin (0.0 pts),-34.0,0.0
Fold_05,worldcup_2010_lbn_fra_59_86,worldcup_2010,2010,regression,Naive Margin (0.0 pts),-27.0,0.0
Fold_05,worldcup_2010_lbn_ltu_66_84,worldcup_2010,2010,regression,Naive Margin (0.0 pts),-18.0,0.0
Fold_05,worldcup_2010_ltu_arg_104_85,worldcup_2010,2010,regression,Naive Margin (0.0 pts),19.0,0.0
Fold_05,worldcup_2010_ltu_can_70_68,worldcup_2010,2010,regression,Naive Margin (0.0 pts),2.0,0.0
Fold_05,worldcup_2010_ltu_chn_78_67,worldcup_2010,2010,regression,Naive Margin (0.0 pts),11.0,0.0
Fold_05,worldcup_2010_ltu_fra_69_55,worldcup_2010,2010,regression,Naive Margin (0.0 pts),14.0,0.0
Fold_05,worldcup_2010_nzl_fra_82_70,worldcup_2010,2010,regression,Naive Margin (0.0 pts),12.0,0.0
Fold_05,worldcup_2010_nzl_lbn_108_76,worldcup_2010,2010,regression,Naive Margin (0.0 pts),32.0,0.0
Fold_05,worldcup_2010_nzl_ltu_79_92,worldcup_2010,2010,regression,Naive Margin (0.0 pts),-13.0,0.0
Fold_05,worldcup_2010_pur_chn_84_76,worldcup_2010,2010,regression,Naive Margin (0.0 pts),8.0,0.0
Fold_05,worldcup_2010_pur_civ_79_88,worldcup_2010,2010,regression,Naive Margin (0.0 pts),-9.0,0.0
Fold_05,worldcup_2010_pur_gre_80_83,worldcup_2010,2010,regression,Naive Margin (0.0 pts),-3.0,0.0
Fold_05,worldcup_2010_rus_arg_61_73,worldcup_2010,2010,regression,Naive Margin (0.0 pts),-12.0,0.0
Fold_05,worldcup_2010_rus_civ_72_66,worldcup_2010,2010,regression,Naive Margin (0.0 pts),6.0,0.0
Fold_05,worldcup_2010_rus_nzl_78_56,worldcup_2010,2010,regression,Naive Margin (0.0 pts),22.0,0.0
Fold_05,worldcup_2010_rus_pur_75_66,worldcup_2010,2010,regression,Naive Margin (0.0 pts),9.0,0.0
Fold_05,worldcup_2010_slo_aus_87_58,worldcup_2010,2010,regression,Naive Margin (0.0 pts),29.0,0.0
Fold_05,worldcup_2010_slo_cro_91_84,worldcup_2010,2010,regression,Naive Margin (0.0 pts),7.0,0.0
Fold_05,worldcup_2010_slo_iri_65_60,worldcup_2010,2010,regression,Naive Margin (0.0 pts),5.0,0.0
Fold_05,worldcup_2010_slo_rus_78_83,worldcup_2010,2010,regression,Naive Margin (0.0 pts),-5.0,0.0
Fold_05,worldcup_2010_slo_usa_77_99,worldcup_2010,2010,regression,Naive Margin (0.0 pts),-22.0,0.0
Fold_05,worldcup_2010_srb_aus_94_79,worldcup_2010,2010,regression,Naive Margin (0.0 pts),15.0,0.0
Fold_05,worldcup_2010_srb_cro_73_72,worldcup_2010,2010,regression,Naive Margin (0.0 pts),1.0,0.0
Fold_05,worldcup_2010_srb_esp_92_89,worldcup_2010,2010,regression,Naive Margin (0.0 pts),3.0,0.0
Fold_05,worldcup_2010_srb_ger_81_82,worldcup_2010,2010,regression,Naive Margin (0.0 pts),-1.0,0.0
Fold_05,worldcup_2010_srb_ltu_88_99,worldcup_2010,2010,regression,Naive Margin (0.0 pts),-11.0,0.0
Fold_05,worldcup_2010_srb_tur_82_83,worldcup_2010,2010,regression,Naive Margin (0.0 pts),-1.0,0.0
Fold_05,worldcup_2010_tun_iri_58_71,worldcup_2010,2010,regression,Naive Margin (0.0 pts),-13.0,0.0
Fold_05,worldcup_2010_tun_slo_56_80,worldcup_2010,2010,regression,Naive Margin (0.0 pts),-24.0,0.0
Fold_05,worldcup_2010_tur_chn_87_40,worldcup_2010,2010,regression,Naive Margin (0.0 pts),47.0,0.0
Fold_05,worldcup_2010_tur_fra_95_77,worldcup_2010,2010,regression,Naive Margin (0.0 pts),18.0,0.0
Fold_05,worldcup_2010_tur_pur_79_77,worldcup_2010,2010,regression,Naive Margin (0.0 pts),2.0,0.0
Fold_05,worldcup_2010_tur_rus_65_56,worldcup_2010,2010,regression,Naive Margin (0.0 pts),9.0,0.0
Fold_05,worldcup_2010_tur_slo_95_68,worldcup_2010,2010,regression,Naive Margin (0.0 pts),27.0,0.0
Fold_05,worldcup_2010_tur_usa_64_81,worldcup_2010,2010,regression,Naive Margin (0.0 pts),-17.0,0.0
Fold_05,worldcup_2010_usa_ang_121_66,worldcup_2010,2010,regression,Naive Margin (0.0 pts),55.0,0.0
Fold_05,worldcup_2010_usa_bra_70_68,worldcup_2010,2010,regression,Naive Margin (0.0 pts),2.0,0.0
Fold_05,worldcup_2010_usa_cro_106_78,worldcup_2010,2010,regression,Naive Margin (0.0 pts),28.0,0.0
Fold_05,worldcup_2010_usa_ltu_89_74,worldcup_2010,2010,regression,Naive Margin (0.0 pts),15.0,0.0
Fold_05,worldcup_2010_usa_rus_89_79,worldcup_2010,2010,regression,Naive Margin (0.0 pts),10.0,0.0
Fold_05,worldcup_2010_usa_tun_92_57,worldcup_2010,2010,regression,Naive Margin (0.0 pts),35.0,0.0
Fold_05,worldcup_2010_ang_arg_70_91,worldcup_2010,2010,regression,Ridge Regressor,-21.0,-14.102
Fold_05,worldcup_2010_ang_aus_55_76,worldcup_2010,2010,regression,Ridge Regressor,-21.0,-5.826
Fold_05,worldcup_2010_ang_srb_44_94,worldcup_2010,2010,regression,Ridge Regressor,-50.0,-5.682
Fold_05,worldcup_2010_arg_aus_74_72,worldcup_2010,2010,regression,Ridge Regressor,2.0,9.262
Fold_05,worldcup_2010_arg_bra_93_89,worldcup_2010,2010,regression,Ridge Regressor,4.0,10.303
Fold_05,worldcup_2010_arg_jor_88_79,worldcup_2010,2010,regression,Ridge Regressor,9.0,13.289
Fold_05,worldcup_2010_arg_srb_82_84,worldcup_2010,2010,regression,Ridge Regressor,-2.0,9.407
Fold_05,worldcup_2010_aus_ger_78_43,worldcup_2010,2010,regression,Ridge Regressor,35.0,-2.284
Fold_05,worldcup_2010_aus_jor_76_75,worldcup_2010,2010,regression,Ridge Regressor,1.0,5.013
Fold_05,worldcup_2010_bra_cro_92_74,worldcup_2010,2010,regression,Ridge Regressor,18.0,-3.5
Fold_05,worldcup_2010_bra_slo_77_80,worldcup_2010,2010,regression,Ridge Regressor,-3.0,-6.413
Fold_05,worldcup_2010_bra_tun_80_65,worldcup_2010,2010,regression,Ridge Regressor,15.0,3.971
Fold_05,worldcup_2010_can_lbn_71_81,worldcup_2010,2010,regression,Ridge Regressor,-10.0,9.184
Fold_05,worldcup_2010_can_nzl_61_71,worldcup_2010,2010,regression,Ridge Regressor,-10.0,5.531
Fold_05,worldcup_2010_chn_civ_83_73,worldcup_2010,2010,regression,Ridge Regressor,10.0,-0.974
Fold_05,worldcup_2010_chn_rus_80_89,worldcup_2010,2010,regression,Ridge Regressor,-9.0,-10.211
Fold_05,worldcup_2010_civ_gre_60_97,worldcup_2010,2010,regression,Ridge Regressor,-37.0,-11.478
Fold_05,worldcup_2010_civ_tur_47_86,worldcup_2010,2010,regression,Ridge Regressor,-39.0,-3.33
Fold_05,worldcup_2010_cro_iri_75_54,worldcup_2010,2010,regression,Ridge Regressor,21.0,23.313
Fold_05,worldcup_2010_cro_tun_84_64,worldcup_2010,2010,regression,Ridge Regressor,20.0,8.458
Fold_05,worldcup_2010_esp_arg_81_86,worldcup_2010,2010,regression,Ridge Regressor,-5.0,5.819
Fold_05,worldcup_2010_esp_can_89_67,worldcup_2010,2010,regression,Ridge Regressor,22.0,18.121
Fold_05,worldcup_2010_esp_gre_80_72,worldcup_2010,2010,regression,Ridge Regressor,8.0,5.657
Fold_05,worldcup_2010_esp_ltu_73_76,worldcup_2010,2010,regression,Ridge Regressor,-3.0,6.714
Fold_05,worldcup_2010_esp_nzl_101_84,worldcup_2010,2010,regression,Ridge Regressor,17.0,22.666
Fold_05,worldcup_2010_esp_slo_97_80,worldcup_2010,2010,regression,Ridge Regressor,17.0,7.736
Fold_05,worldcup_2010_fra_can_68_63,worldcup_2010,2010,regression,Ridge Regressor,5.0,11.469
Fold_05,worldcup_2010_fra_esp_72_66,worldcup_2010,2010,regression,Ridge Regressor,6.0,-5.666
Fold_05,worldcup_2010_ger_ang_88_92,worldcup_2010,2010,regression,Ridge Regressor,-4.0,11.068
Fold_05,worldcup_2010_ger_arg_74_78,worldcup_2010,2010,regression,Ridge Regressor,-4.0,-4.02
Fold_05,worldcup_2010_gre_chn_89_81,worldcup_2010,2010,regression,Ridge Regressor,8.0,15.41
Fold_05,worldcup_2010_gre_rus_69_73,worldcup_2010,2010,regression,Ridge Regressor,-4.0,4.212
Fold_05,worldcup_2010_gre_tur_65_76,worldcup_2010,2010,regression,Ridge Regressor,-11.0,9.134
Fold_05,worldcup_2010_iri_bra_65_81,worldcup_2010,2010,regression,Ridge Regressor,-16.0,-16.856
Fold_05,worldcup_2010_iri_usa_51_88,worldcup_2010,2010,regression,Ridge Regressor,-37.0,-31.149
Fold_05,worldcup_2010_jor_ang_65_79,worldcup_2010,2010,regression,Ridge Regressor,-14.0,3.772
Fold_05,worldcup_2010_jor_ger_73_91,worldcup_2010,2010,regression,Ridge Regressor,-18.0,-6.31
Fold_05,worldcup_2010_jor_srb_69_112,worldcup_2010,2010,regression,Ridge Regressor,-43.0,-2.897
Fold_05,worldcup_2010_lbn_esp_57_91,worldcup_2010,2010,regression,Ridge Regressor,-34.0,-24.347
Fold_05,worldcup_2010_lbn_fra_59_86,worldcup_2010,2010,regression,Ridge Regressor,-27.0,-17.695
Fold_05,worldcup_2010_lbn_ltu_66_84,worldcup_2010,2010,regression,Ridge Regressor,-18.0,-18.619
Fold_05,worldcup_2010_ltu_arg_104_85,worldcup_2010,2010,regression,Ridge Regressor,19.0,0.09
Fold_05,worldcup_2010_ltu_can_70_68,worldcup_2010,2010,regression,Ridge Regressor,2.0,12.394
Fold_05,worldcup_2010_ltu_chn_78_67,worldcup_2010,2010,regression,Ridge Regressor,11.0,14.354
Fold_05,worldcup_2010_ltu_fra_69_55,worldcup_2010,2010,regression,Ridge Regressor,14.0,1.911
Fold_05,worldcup_2010_nzl_fra_82_70,worldcup_2010,2010,regression,Ridge Regressor,12.0,-14.041
Fold_05,worldcup_2010_nzl_lbn_108_76,worldcup_2010,2010,regression,Ridge Regressor,32.0,4.639
Fold_05,worldcup_2010_nzl_ltu_79_92,worldcup_2010,2010,regression,Ridge Regressor,-13.0,-14.966
Fold_05,worldcup_2010_pur_chn_84_76,worldcup_2010,2010,regression,Ridge Regressor,8.0,4.647
Fold_05,worldcup_2010_pur_civ_79_88,worldcup_2010,2010,regression,Ridge Regressor,-9.0,2.686
Fold_05,worldcup_2010_pur_gre_80_83,worldcup_2010,2010,regression,Ridge Regressor,-3.0,-9.777
Fold_05,worldcup_2010_rus_arg_61_73,worldcup_2010,2010,regression,Ridge Regressor,-12.0,-2.079
Fold_05,worldcup_2010_rus_civ_72_66,worldcup_2010,2010,regression,Ridge Regressor,6.0,10.223
Fold_05,worldcup_2010_rus_nzl_78_56,worldcup_2010,2010,regression,Ridge Regressor,22.0,14.769
Fold_05,worldcup_2010_rus_pur_75_66,worldcup_2010,2010,regression,Ridge Regressor,9.0,8.523
Fold_05,worldcup_2010_slo_aus_87_58,worldcup_2010,2010,regression,Ridge Regressor,29.0,7.345
Fold_05,worldcup_2010_slo_cro_91_84,worldcup_2010,2010,regression,Ridge Regressor,7.0,3.9
Fold_05,worldcup_2010_slo_iri_65_60,worldcup_2010,2010,regression,Ridge Regressor,5.0,26.227
Fold_05,worldcup_2010_slo_rus_78_83,worldcup_2010,2010,regression,Ridge Regressor,-5.0,2.134
Fold_05,worldcup_2010_slo_usa_77_99,worldcup_2010,2010,regression,Ridge Regressor,-22.0,-5.908
Fold_05,worldcup_2010_srb_aus_94_79,worldcup_2010,2010,regression,Ridge Regressor,15.0,0.842
Fold_05,worldcup_2010_srb_cro_73_72,worldcup_2010,2010,regression,Ridge Regressor,1.0,-2.603
Fold_05,worldcup_2010_srb_esp_92_89,worldcup_2010,2010,regression,Ridge Regressor,3.0,-12.267
Fold_05,worldcup_2010_srb_ger_81_82,worldcup_2010,2010,regression,Ridge Regressor,-1.0,-2.428
Fold_05,worldcup_2010_srb_ltu_88_99,worldcup_2010,2010,regression,Ridge Regressor,-11.0,-6.538
Fold_05,worldcup_2010_srb_tur_82_83,worldcup_2010,2010,regression,Ridge Regressor,-1.0,0.553
Fold_05,worldcup_2010_tun_iri_58_71,worldcup_2010,2010,regression,Ridge Regressor,-13.0,15.842
Fold_05,worldcup_2010_tun_slo_56_80,worldcup_2010,2010,regression,Ridge Regressor,-24.0,-9.399
Fold_05,worldcup_2010_tur_chn_87_40,worldcup_2010,2010,regression,Ridge Regressor,47.0,7.262
Fold_05,worldcup_2010_tur_fra_95_77,worldcup_2010,2010,regression,Ridge Regressor,18.0,-5.181
Fold_05,worldcup_2010_tur_pur_79_77,worldcup_2010,2010,regression,Ridge Regressor,2.0,3.602
Fold_05,worldcup_2010_tur_rus_65_56,worldcup_2010,2010,regression,Ridge Regressor,9.0,-3.936
Fold_05,worldcup_2010_tur_slo_95_68,worldcup_2010,2010,regression,Ridge Regressor,27.0,-5.083
Fold_05,worldcup_2010_tur_usa_64_81,worldcup_2010,2010,regression,Ridge Regressor,-17.0,-11.978
Fold_05,worldcup_2010_usa_ang_121_66,worldcup_2010,2010,regression,Ridge Regressor,55.0,21.051
Fold_05,worldcup_2010_usa_bra_70_68,worldcup_2010,2010,regression,Ridge Regressor,2.0,15.28
Fold_05,worldcup_2010_usa_cro_106_78,worldcup_2010,2010,regression,Ridge Regressor,28.0,10.794
Fold_05,worldcup_2010_usa_ltu_89_74,worldcup_2010,2010,regression,Ridge Regressor,15.0,6.858
Fold_05,worldcup_2010_usa_rus_89_79,worldcup_2010,2010,regression,Ridge Regressor,10.0,9.028
Fold_05,worldcup_2010_usa_tun_92_57,worldcup_2010,2010,regression,Ridge Regressor,35.0,18.266
Fold_05,worldcup_2010_ang_arg_70_91,worldcup_2010,2010,regression,ElasticNet Regressor,-21.0,-14.168
Fold_05,worldcup_2010_ang_aus_55_76,worldcup_2010,2010,regression,ElasticNet Regressor,-21.0,-5.837
Fold_05,worldcup_2010_ang_srb_44_94,worldcup_2010,2010,regression,ElasticNet Regressor,-50.0,-5.739
Fold_05,worldcup_2010_arg_aus_74_72,worldcup_2010,2010,regression,ElasticNet Regressor,2.0,9.319
Fold_05,worldcup_2010_arg_bra_93_89,worldcup_2010,2010,regression,ElasticNet Regressor,4.0,10.475
Fold_05,worldcup_2010_arg_jor_88_79,worldcup_2010,2010,regression,ElasticNet Regressor,9.0,12.995
Fold_05,worldcup_2010_arg_srb_82_84,worldcup_2010,2010,regression,ElasticNet Regressor,-2.0,9.417
Fold_05,worldcup_2010_aus_ger_78_43,worldcup_2010,2010,regression,ElasticNet Regressor,35.0,-2.624
Fold_05,worldcup_2010_aus_jor_76_75,worldcup_2010,2010,regression,ElasticNet Regressor,1.0,4.664
Fold_05,worldcup_2010_bra_cro_92_74,worldcup_2010,2010,regression,ElasticNet Regressor,18.0,-3.876
Fold_05,worldcup_2010_bra_slo_77_80,worldcup_2010,2010,regression,ElasticNet Regressor,-3.0,-6.782
Fold_05,worldcup_2010_bra_tun_80_65,worldcup_2010,2010,regression,ElasticNet Regressor,15.0,3.508
Fold_05,worldcup_2010_can_lbn_71_81,worldcup_2010,2010,regression,ElasticNet Regressor,-10.0,9.637
Fold_05,worldcup_2010_can_nzl_61_71,worldcup_2010,2010,regression,ElasticNet Regressor,-10.0,5.933
Fold_05,worldcup_2010_chn_civ_83_73,worldcup_2010,2010,regression,ElasticNet Regressor,10.0,-1.253
Fold_05,worldcup_2010_chn_rus_80_89,worldcup_2010,2010,regression,ElasticNet Regressor,-9.0,-10.362
Fold_05,worldcup_2010_civ_gre_60_97,worldcup_2010,2010,regression,ElasticNet Regressor,-37.0,-11.514
Fold_05,worldcup_2010_civ_tur_47_86,worldcup_2010,2010,regression,ElasticNet Regressor,-39.0,-3.228
Fold_05,worldcup_2010_cro_iri_75_54,worldcup_2010,2010,regression,ElasticNet Regressor,21.0,23.674
Fold_05,worldcup_2010_cro_tun_84_64,worldcup_2010,2010,regression,ElasticNet Regressor,20.0,8.373
Fold_05,worldcup_2010_esp_arg_81_86,worldcup_2010,2010,regression,ElasticNet Regressor,-5.0,6.1
Fold_05,worldcup_2010_esp_can_89_67,worldcup_2010,2010,regression,ElasticNet Regressor,22.0,18.106
Fold_05,worldcup_2010_esp_gre_80_72,worldcup_2010,2010,regression,ElasticNet Regressor,8.0,5.603
Fold_05,worldcup_2010_esp_ltu_73_76,worldcup_2010,2010,regression,ElasticNet Regressor,-3.0,6.711
Fold_05,worldcup_2010_esp_nzl_101_84,worldcup_2010,2010,regression,ElasticNet Regressor,17.0,23.052
Fold_05,worldcup_2010_esp_slo_97_80,worldcup_2010,2010,regression,ElasticNet Regressor,17.0,7.816
Fold_05,worldcup_2010_fra_can_68_63,worldcup_2010,2010,regression,ElasticNet Regressor,5.0,11.433
Fold_05,worldcup_2010_fra_esp_72_66,worldcup_2010,2010,regression,ElasticNet Regressor,6.0,-5.685
Fold_05,worldcup_2010_ger_ang_88_92,worldcup_2010,2010,regression,ElasticNet Regressor,-4.0,11.427
Fold_05,worldcup_2010_ger_arg_74_78,worldcup_2010,2010,regression,ElasticNet Regressor,-4.0,-3.729
Fold_05,worldcup_2010_gre_chn_89_81,worldcup_2010,2010,regression,ElasticNet Regressor,8.0,15.732
Fold_05,worldcup_2010_gre_rus_69_73,worldcup_2010,2010,regression,ElasticNet Regressor,-4.0,4.382
Fold_05,worldcup_2010_gre_tur_65_76,worldcup_2010,2010,regression,ElasticNet Regressor,-11.0,9.275
Fold_05,worldcup_2010_iri_bra_65_81,worldcup_2010,2010,regression,ElasticNet Regressor,-16.0,-16.833
Fold_05,worldcup_2010_iri_usa_51_88,worldcup_2010,2010,regression,ElasticNet Regressor,-37.0,-31.247
Fold_05,worldcup_2010_jor_ang_65_79,worldcup_2010,2010,regression,ElasticNet Regressor,-14.0,4.138
Fold_05,worldcup_2010_jor_ger_73_91,worldcup_2010,2010,regression,ElasticNet Regressor,-18.0,-6.3
Fold_05,worldcup_2010_jor_srb_69_112,worldcup_2010,2010,regression,ElasticNet Regressor,-43.0,-2.589
Fold_05,worldcup_2010_lbn_esp_57_91,worldcup_2010,2010,regression,ElasticNet Regressor,-34.0,-24.779
Fold_05,worldcup_2010_lbn_fra_59_86,worldcup_2010,2010,regression,ElasticNet Regressor,-27.0,-18.105
Fold_05,worldcup_2010_lbn_ltu_66_84,worldcup_2010,2010,regression,ElasticNet Regressor,-18.0,-19.056
Fold_05,worldcup_2010_ltu_arg_104_85,worldcup_2010,2010,regression,ElasticNet Regressor,19.0,0.377
Fold_05,worldcup_2010_ltu_can_70_68,worldcup_2010,2010,regression,ElasticNet Regressor,2.0,12.384
Fold_05,worldcup_2010_ltu_chn_78_67,worldcup_2010,2010,regression,ElasticNet Regressor,11.0,14.625
Fold_05,worldcup_2010_ltu_fra_69_55,worldcup_2010,2010,regression,ElasticNet Regressor,14.0,1.939
Fold_05,worldcup_2010_nzl_fra_82_70,worldcup_2010,2010,regression,ElasticNet Regressor,12.0,-14.401
Fold_05,worldcup_2010_nzl_lbn_108_76,worldcup_2010,2010,regression,ElasticNet Regressor,32.0,4.693
Fold_05,worldcup_2010_nzl_ltu_79_92,worldcup_2010,2010,regression,ElasticNet Regressor,-13.0,-15.352
Fold_05,worldcup_2010_pur_chn_84_76,worldcup_2010,2010,regression,ElasticNet Regressor,8.0,4.396
Fold_05,worldcup_2010_pur_civ_79_88,worldcup_2010,2010,regression,ElasticNet Regressor,-9.0,2.154
Fold_05,worldcup_2010_pur_gre_80_83,worldcup_2010,2010,regression,ElasticNet Regressor,-3.0,-10.348
Fold_05,worldcup_2010_rus_arg_61_73,worldcup_2010,2010,regression,ElasticNet Regressor,-12.0,-1.909
Fold_05,worldcup_2010_rus_civ_72_66,worldcup_2010,2010,regression,ElasticNet Regressor,6.0,10.097
Fold_05,worldcup_2010_rus_nzl_78_56,worldcup_2010,2010,regression,ElasticNet Regressor,22.0,15.043
Fold_05,worldcup_2010_rus_pur_75_66,worldcup_2010,2010,regression,ElasticNet Regressor,9.0,8.931
Fold_05,worldcup_2010_slo_aus_87_58,worldcup_2010,2010,regression,ElasticNet Regressor,29.0,7.603
Fold_05,worldcup_2010_slo_cro_91_84,worldcup_2010,2010,regression,ElasticNet Regressor,7.0,3.895
Fold_05,worldcup_2010_slo_iri_65_60,worldcup_2010,2010,regression,ElasticNet Regressor,5.0,26.58
Fold_05,worldcup_2010_slo_rus_78_83,worldcup_2010,2010,regression,ElasticNet Regressor,-5.0,2.17
Fold_05,worldcup_2010_slo_usa_77_99,worldcup_2010,2010,regression,ElasticNet Regressor,-22.0,-5.656
Fold_05,worldcup_2010_srb_aus_94_79,worldcup_2010,2010,regression,ElasticNet Regressor,15.0,0.89
Fold_05,worldcup_2010_srb_cro_73_72,worldcup_2010,2010,regression,ElasticNet Regressor,1.0,-2.818
Fold_05,worldcup_2010_srb_esp_92_89,worldcup_2010,2010,regression,ElasticNet Regressor,3.0,-12.552
Fold_05,worldcup_2010_srb_ger_81_82,worldcup_2010,2010,regression,ElasticNet Regressor,-1.0,-2.723
Fold_05,worldcup_2010_srb_ltu_88_99,worldcup_2010,2010,regression,ElasticNet Regressor,-11.0,-6.829
Fold_05,worldcup_2010_srb_tur_82_83,worldcup_2010,2010,regression,ElasticNet Regressor,-1.0,0.35
Fold_05,worldcup_2010_tun_iri_58_71,worldcup_2010,2010,regression,ElasticNet Regressor,-13.0,16.29
Fold_05,worldcup_2010_tun_slo_56_80,worldcup_2010,2010,regression,ElasticNet Regressor,-24.0,-9.302
Fold_05,worldcup_2010_tur_chn_87_40,worldcup_2010,2010,regression,ElasticNet Regressor,47.0,7.446
Fold_05,worldcup_2010_tur_fra_95_77,worldcup_2010,2010,regression,ElasticNet Regressor,18.0,-5.24
Fold_05,worldcup_2010_tur_pur_79_77,worldcup_2010,2010,regression,ElasticNet Regressor,2.0,4.039
Fold_05,worldcup_2010_tur_rus_65_56,worldcup_2010,2010,regression,ElasticNet Regressor,9.0,-3.905
Fold_05,worldcup_2010_tur_slo_95_68,worldcup_2010,2010,regression,ElasticNet Regressor,27.0,-5.086
Fold_05,worldcup_2010_tur_usa_64_81,worldcup_2010,2010,regression,ElasticNet Regressor,-17.0,-11.731
Fold_05,worldcup_2010_usa_ang_121_66,worldcup_2010,2010,regression,ElasticNet Regressor,55.0,21.073
Fold_05,worldcup_2010_usa_bra_70_68,worldcup_2010,2010,regression,ElasticNet Regressor,2.0,15.403
Fold_05,worldcup_2010_usa_cro_106_78,worldcup_2010,2010,regression,ElasticNet Regressor,28.0,10.539
Fold_05,worldcup_2010_usa_ltu_89_74,worldcup_2010,2010,regression,ElasticNet Regressor,15.0,6.528
Fold_05,worldcup_2010_usa_rus_89_79,worldcup_2010,2010,regression,ElasticNet Regressor,10.0,8.814
Fold_05,worldcup_2010_usa_tun_92_57,worldcup_2010,2010,regression,ElasticNet Regressor,35.0,17.923
Fold_05,worldcup_2010_ang_arg_70_91,worldcup_2010,2010,regression,LightGBM Regressor,-21.0,-10.248
Fold_05,worldcup_2010_ang_aus_55_76,worldcup_2010,2010,regression,LightGBM Regressor,-21.0,-5.777
Fold_05,worldcup_2010_ang_srb_44_94,worldcup_2010,2010,regression,LightGBM Regressor,-50.0,1.55
Fold_05,worldcup_2010_arg_aus_74_72,worldcup_2010,2010,regression,LightGBM Regressor,2.0,7.263
Fold_05,worldcup_2010_arg_bra_93_89,worldcup_2010,2010,regression,LightGBM Regressor,4.0,6.581
Fold_05,worldcup_2010_arg_jor_88_79,worldcup_2010,2010,regression,LightGBM Regressor,9.0,15.679
Fold_05,worldcup_2010_arg_srb_82_84,worldcup_2010,2010,regression,LightGBM Regressor,-2.0,8.818
Fold_05,worldcup_2010_aus_ger_78_43,worldcup_2010,2010,regression,LightGBM Regressor,35.0,-0.714
Fold_05,worldcup_2010_aus_jor_76_75,worldcup_2010,2010,regression,LightGBM Regressor,1.0,9.523
Fold_05,worldcup_2010_bra_cro_92_74,worldcup_2010,2010,regression,LightGBM Regressor,18.0,0.944
Fold_05,worldcup_2010_bra_slo_77_80,worldcup_2010,2010,regression,LightGBM Regressor,-3.0,-0.638
Fold_05,worldcup_2010_bra_tun_80_65,worldcup_2010,2010,regression,LightGBM Regressor,15.0,10.673
Fold_05,worldcup_2010_can_lbn_71_81,worldcup_2010,2010,regression,LightGBM Regressor,-10.0,-0.196
Fold_05,worldcup_2010_can_nzl_61_71,worldcup_2010,2010,regression,LightGBM Regressor,-10.0,-1.957
Fold_05,worldcup_2010_chn_civ_83_73,worldcup_2010,2010,regression,LightGBM Regressor,10.0,6.875
Fold_05,worldcup_2010_chn_rus_80_89,worldcup_2010,2010,regression,LightGBM Regressor,-9.0,-5.672
Fold_05,worldcup_2010_civ_gre_60_97,worldcup_2010,2010,regression,LightGBM Regressor,-37.0,-9.776
Fold_05,worldcup_2010_civ_tur_47_86,worldcup_2010,2010,regression,LightGBM Regressor,-39.0,-3.313
Fold_05,worldcup_2010_cro_iri_75_54,worldcup_2010,2010,regression,LightGBM Regressor,21.0,7.388
Fold_05,worldcup_2010_cro_tun_84_64,worldcup_2010,2010,regression,LightGBM Regressor,20.0,9.819
Fold_05,worldcup_2010_esp_arg_81_86,worldcup_2010,2010,regression,LightGBM Regressor,-5.0,4.536
Fold_05,worldcup_2010_esp_can_89_67,worldcup_2010,2010,regression,LightGBM Regressor,22.0,14.768
Fold_05,worldcup_2010_esp_gre_80_72,worldcup_2010,2010,regression,LightGBM Regressor,8.0,11.788
Fold_05,worldcup_2010_esp_ltu_73_76,worldcup_2010,2010,regression,LightGBM Regressor,-3.0,11.056
Fold_05,worldcup_2010_esp_nzl_101_84,worldcup_2010,2010,regression,LightGBM Regressor,17.0,13.666
Fold_05,worldcup_2010_esp_slo_97_80,worldcup_2010,2010,regression,LightGBM Regressor,17.0,5.128
Fold_05,worldcup_2010_fra_can_68_63,worldcup_2010,2010,regression,LightGBM Regressor,5.0,9.739
Fold_05,worldcup_2010_fra_esp_72_66,worldcup_2010,2010,regression,LightGBM Regressor,6.0,-4.533
Fold_05,worldcup_2010_ger_ang_88_92,worldcup_2010,2010,regression,LightGBM Regressor,-4.0,1.853
Fold_05,worldcup_2010_ger_arg_74_78,worldcup_2010,2010,regression,LightGBM Regressor,-4.0,4.121
Fold_05,worldcup_2010_gre_chn_89_81,worldcup_2010,2010,regression,LightGBM Regressor,8.0,8.476
Fold_05,worldcup_2010_gre_rus_69_73,worldcup_2010,2010,regression,LightGBM Regressor,-4.0,-2.38
Fold_05,worldcup_2010_gre_tur_65_76,worldcup_2010,2010,regression,LightGBM Regressor,-11.0,5.783
Fold_05,worldcup_2010_iri_bra_65_81,worldcup_2010,2010,regression,LightGBM Regressor,-16.0,-8.854
Fold_05,worldcup_2010_iri_usa_51_88,worldcup_2010,2010,regression,LightGBM Regressor,-37.0,-9.977
Fold_05,worldcup_2010_jor_ang_65_79,worldcup_2010,2010,regression,LightGBM Regressor,-14.0,-4.978
Fold_05,worldcup_2010_jor_ger_73_91,worldcup_2010,2010,regression,LightGBM Regressor,-18.0,-2.294
Fold_05,worldcup_2010_jor_srb_69_112,worldcup_2010,2010,regression,LightGBM Regressor,-43.0,-1.948
Fold_05,worldcup_2010_lbn_esp_57_91,worldcup_2010,2010,regression,LightGBM Regressor,-34.0,-9.727
Fold_05,worldcup_2010_lbn_fra_59_86,worldcup_2010,2010,regression,LightGBM Regressor,-27.0,-10.476
Fold_05,worldcup_2010_lbn_ltu_66_84,worldcup_2010,2010,regression,LightGBM Regressor,-18.0,-8.709
Fold_05,worldcup_2010_ltu_arg_104_85,worldcup_2010,2010,regression,LightGBM Regressor,19.0,-5.395
Fold_05,worldcup_2010_ltu_can_70_68,worldcup_2010,2010,regression,LightGBM Regressor,2.0,11.736
Fold_05,worldcup_2010_ltu_chn_78_67,worldcup_2010,2010,regression,LightGBM Regressor,11.0,10.452
Fold_05,worldcup_2010_ltu_fra_69_55,worldcup_2010,2010,regression,LightGBM Regressor,14.0,3.079
Fold_05,worldcup_2010_nzl_fra_82_70,worldcup_2010,2010,regression,LightGBM Regressor,12.0,-2.092
Fold_05,worldcup_2010_nzl_lbn_108_76,worldcup_2010,2010,regression,LightGBM Regressor,32.0,-2.9
Fold_05,worldcup_2010_nzl_ltu_79_92,worldcup_2010,2010,regression,LightGBM Regressor,-13.0,2.051
Fold_05,worldcup_2010_pur_chn_84_76,worldcup_2010,2010,regression,LightGBM Regressor,8.0,15.136
Fold_05,worldcup_2010_pur_civ_79_88,worldcup_2010,2010,regression,LightGBM Regressor,-9.0,11.519
Fold_05,worldcup_2010_pur_gre_80_83,worldcup_2010,2010,regression,LightGBM Regressor,-3.0,6.487
Fold_05,worldcup_2010_rus_arg_61_73,worldcup_2010,2010,regression,LightGBM Regressor,-12.0,-2.85
Fold_05,worldcup_2010_rus_civ_72_66,worldcup_2010,2010,regression,LightGBM Regressor,6.0,9.739
Fold_05,worldcup_2010_rus_nzl_78_56,worldcup_2010,2010,regression,LightGBM Regressor,22.0,9.207
Fold_05,worldcup_2010_rus_pur_75_66,worldcup_2010,2010,regression,LightGBM Regressor,9.0,-5.789
Fold_05,worldcup_2010_slo_aus_87_58,worldcup_2010,2010,regression,LightGBM Regressor,29.0,2.521
Fold_05,worldcup_2010_slo_cro_91_84,worldcup_2010,2010,regression,LightGBM Regressor,7.0,5.214
Fold_05,worldcup_2010_slo_iri_65_60,worldcup_2010,2010,regression,LightGBM Regressor,5.0,5.906
Fold_05,worldcup_2010_slo_rus_78_83,worldcup_2010,2010,regression,LightGBM Regressor,-5.0,-1.968
Fold_05,worldcup_2010_slo_usa_77_99,worldcup_2010,2010,regression,LightGBM Regressor,-22.0,-4.311
Fold_05,worldcup_2010_srb_aus_94_79,worldcup_2010,2010,regression,LightGBM Regressor,15.0,-4.934
Fold_05,worldcup_2010_srb_cro_73_72,worldcup_2010,2010,regression,LightGBM Regressor,1.0,-2.666
Fold_05,worldcup_2010_srb_esp_92_89,worldcup_2010,2010,regression,LightGBM Regressor,3.0,-9.326
Fold_05,worldcup_2010_srb_ger_81_82,worldcup_2010,2010,regression,LightGBM Regressor,-1.0,4.998
Fold_05,worldcup_2010_srb_ltu_88_99,worldcup_2010,2010,regression,LightGBM Regressor,-11.0,-12.851
Fold_05,worldcup_2010_srb_tur_82_83,worldcup_2010,2010,regression,LightGBM Regressor,-1.0,3.912
Fold_05,worldcup_2010_tun_iri_58_71,worldcup_2010,2010,regression,LightGBM Regressor,-13.0,1.227
Fold_05,worldcup_2010_tun_slo_56_80,worldcup_2010,2010,regression,LightGBM Regressor,-24.0,-9.776
Fold_05,worldcup_2010_tur_chn_87_40,worldcup_2010,2010,regression,LightGBM Regressor,47.0,6.116
Fold_05,worldcup_2010_tur_fra_95_77,worldcup_2010,2010,regression,LightGBM Regressor,18.0,-12.671
Fold_05,worldcup_2010_tur_pur_79_77,worldcup_2010,2010,regression,LightGBM Regressor,2.0,-4.008
Fold_05,worldcup_2010_tur_rus_65_56,worldcup_2010,2010,regression,LightGBM Regressor,9.0,-12.671
Fold_05,worldcup_2010_tur_slo_95_68,worldcup_2010,2010,regression,LightGBM Regressor,27.0,-12.671
Fold_05,worldcup_2010_tur_usa_64_81,worldcup_2010,2010,regression,LightGBM Regressor,-17.0,-4.311
Fold_05,worldcup_2010_usa_ang_121_66,worldcup_2010,2010,regression,LightGBM Regressor,55.0,17.857
Fold_05,worldcup_2010_usa_bra_70_68,worldcup_2010,2010,regression,LightGBM Regressor,2.0,13.85
Fold_05,worldcup_2010_usa_cro_106_78,worldcup_2010,2010,regression,LightGBM Regressor,28.0,20.974
Fold_05,worldcup_2010_usa_ltu_89_74,worldcup_2010,2010,regression,LightGBM Regressor,15.0,11.349
Fold_05,worldcup_2010_usa_rus_89_79,worldcup_2010,2010,regression,LightGBM Regressor,10.0,14.117
Fold_05,worldcup_2010_usa_tun_92_57,worldcup_2010,2010,regression,LightGBM Regressor,35.0,15.917
Fold_06,eurobasket_2011_bel_geo_59_81,eurobasket_2011,2011,classification,Naive Baseline (50%),0.0,0.5
Fold_06,eurobasket_2011_bel_slo_61_70,eurobasket_2011,2011,classification,Naive Baseline (50%),0.0,0.5
Fold_06,eurobasket_2011_bih_cro_92_80,eurobasket_2011,2011,classification,Naive Baseline (50%),1.0,0.5
Fold_06,eurobasket_2011_bih_mne_94_86,eurobasket_2011,2011,classification,Naive Baseline (50%),1.0,0.5
Fold_06,eurobasket_2011_bul_bel_68_65,eurobasket_2011,2011,classification,Naive Baseline (50%),1.0,0.5
Fold_06,eurobasket_2011_bul_rus_77_89,eurobasket_2011,2011,classification,Naive Baseline (50%),0.0,0.5
Fold_06,eurobasket_2011_cro_fin_84_79,eurobasket_2011,2011,classification,Naive Baseline (50%),1.0,0.5
Fold_06,eurobasket_2011_cro_mne_87_81,eurobasket_2011,2011,classification,Naive Baseline (50%),1.0,0.5
Fold_06,eurobasket_2011_esp_fra_98_85,eurobasket_2011,2011,classification,Naive Baseline (50%),1.0,0.5
Fold_06,eurobasket_2011_esp_gbr_86_69,eurobasket_2011,2011,classification,Naive Baseline (50%),1.0,0.5
Fold_06,eurobasket_2011_esp_mkd_92_80,eurobasket_2011,2011,classification,Naive Baseline (50%),1.0,0.5
Fold_06,eurobasket_2011_esp_pol_83_78,eurobasket_2011,2011,classification,Naive Baseline (50%),1.0,0.5
Fold_06,eurobasket_2011_esp_slo_86_64,eurobasket_2011,2011,classification,Naive Baseline (50%),1.0,0.5
Fold_06,eurobasket_2011_esp_srb_84_59,eurobasket_2011,2011,classification,Naive Baseline (50%),1.0,0.5
Fold_06,eurobasket_2011_esp_tur_57_65,eurobasket_2011,2011,classification,Naive Baseline (50%),0.0,0.5
Fold_06,eurobasket_2011_fin_bih_92_64,eurobasket_2011,2011,classification,Naive Baseline (50%),1.0,0.5
Fold_06,eurobasket_2011_fin_gre_61_81,eurobasket_2011,2011,classification,Naive Baseline (50%),0.0,0.5
Fold_06,eurobasket_2011_fin_mne_71_65,eurobasket_2011,2011,classification,Naive Baseline (50%),1.0,0.5
Fold_06,eurobasket_2011_fin_rus_60_79,eurobasket_2011,2011,classification,Naive Baseline (50%),0.0,0.5
Fold_06,eurobasket_2011_fra_esp_69_96,eurobasket_2011,2011,classification,Naive Baseline (50%),0.0,0.5
Fold_06,eurobasket_2011_fra_ger_76_65,eurobasket_2011,2011,classification,Naive Baseline (50%),1.0,0.5
Fold_06,eurobasket_2011_fra_gre_64_56,eurobasket_2011,2011,classification,Naive Baseline (50%),1.0,0.5
Fold_06,eurobasket_2011_fra_lat_89_78,eurobasket_2011,2011,classification,Naive Baseline (50%),1.0,0.5
Fold_06,eurobasket_2011_fra_rus_79_71,eurobasket_2011,2011,classification,Naive Baseline (50%),1.0,0.5
Fold_06,eurobasket_2011_gbr_pol_88_81,eurobasket_2011,2011,classification,Naive Baseline (50%),1.0,0.5
Fold_06,eurobasket_2011_gbr_por_85_73,eurobasket_2011,2011,classification,Naive Baseline (50%),1.0,0.5
Fold_06,eurobasket_2011_gbr_tur_61_90,eurobasket_2011,2011,classification,Naive Baseline (50%),0.0,0.5
Fold_06,eurobasket_2011_geo_bul_69_79,eurobasket_2011,2011,classification,Naive Baseline (50%),0.0,0.5
Fold_06,eurobasket_2011_geo_fin_73_87,eurobasket_2011,2011,classification,Naive Baseline (50%),0.0,0.5
Fold_06,eurobasket_2011_geo_mkd_63_65,eurobasket_2011,2011,classification,Naive Baseline (50%),0.0,0.5
Fold_06,eurobasket_2011_geo_rus_58_65,eurobasket_2011,2011,classification,Naive Baseline (50%),0.0,0.5
Fold_06,eurobasket_2011_geo_ukr_69_53,eurobasket_2011,2011,classification,Naive Baseline (50%),1.0,0.5
Fold_06,eurobasket_2011_ger_esp_68_77,eurobasket_2011,2011,classification,Naive Baseline (50%),0.0,0.5
Fold_06,eurobasket_2011_ger_isr_91_64,eurobasket_2011,2011,classification,Naive Baseline (50%),1.0,0.5
Fold_06,eurobasket_2011_ger_srb_64_75,eurobasket_2011,2011,classification,Naive Baseline (50%),0.0,0.5
Fold_06,eurobasket_2011_ger_tur_73_67,eurobasket_2011,2011,classification,Naive Baseline (50%),1.0,0.5
Fold_06,eurobasket_2011_gre_bih_76_67,eurobasket_2011,2011,classification,Naive Baseline (50%),1.0,0.5
Fold_06,eurobasket_2011_gre_cro_74_69,eurobasket_2011,2011,classification,Naive Baseline (50%),1.0,0.5
Fold_06,eurobasket_2011_gre_geo_73_60,eurobasket_2011,2011,classification,Naive Baseline (50%),1.0,0.5
Fold_06,eurobasket_2011_gre_mkd_58_72,eurobasket_2011,2011,classification,Naive Baseline (50%),0.0,0.5
Fold_06,eurobasket_2011_gre_rus_67_83,eurobasket_2011,2011,classification,Naive Baseline (50%),0.0,0.5
Fold_06,eurobasket_2011_gre_srb_87_77,eurobasket_2011,2011,classification,Naive Baseline (50%),1.0,0.5
Fold_06,eurobasket_2011_isr_fra_68_85,eurobasket_2011,2011,classification,Naive Baseline (50%),0.0,0.5
Fold_06,eurobasket_2011_isr_ita_96_95,eurobasket_2011,2011,classification,Naive Baseline (50%),1.0,0.5
Fold_06,eurobasket_2011_isr_lat_91_88,eurobasket_2011,2011,classification,Naive Baseline (50%),1.0,0.5
Fold_06,eurobasket_2011_ita_fra_84_91,eurobasket_2011,2011,classification,Naive Baseline (50%),0.0,0.5
Fold_06,eurobasket_2011_ita_ger_62_76,eurobasket_2011,2011,classification,Naive Baseline (50%),0.0,0.5
Fold_06,eurobasket_2011_lat_ger_80_81,eurobasket_2011,2011,classification,Naive Baseline (50%),0.0,0.5
Fold_06,eurobasket_2011_lat_ita_62_71,eurobasket_2011,2011,classification,Naive Baseline (50%),0.0,0.5
Fold_06,eurobasket_2011_lat_srb_77_92,eurobasket_2011,2011,classification,Naive Baseline (50%),0.0,0.5
Fold_06,eurobasket_2011_ltu_esp_79_91,eurobasket_2011,2011,classification,Naive Baseline (50%),0.0,0.5
Fold_06,eurobasket_2011_ltu_fra_67_73,eurobasket_2011,2011,classification,Naive Baseline (50%),0.0,0.5
Fold_06,eurobasket_2011_ltu_gbr_80_69,eurobasket_2011,2011,classification,Naive Baseline (50%),1.0,0.5
Fold_06,eurobasket_2011_ltu_ger_84_75,eurobasket_2011,2011,classification,Naive Baseline (50%),1.0,0.5
Fold_06,eurobasket_2011_ltu_gre_73_69,eurobasket_2011,2011,classification,Naive Baseline (50%),1.0,0.5
Fold_06,eurobasket_2011_mkd_bih_75_63,eurobasket_2011,2011,classification,Naive Baseline (50%),1.0,0.5
Fold_06,eurobasket_2011_mkd_cro_78_76,eurobasket_2011,2011,classification,Naive Baseline (50%),1.0,0.5
Fold_06,eurobasket_2011_mkd_fin_72_70,eurobasket_2011,2011,classification,Naive Baseline (50%),1.0,0.5
Fold_06,eurobasket_2011_mkd_ltu_67_65,eurobasket_2011,2011,classification,Naive Baseline (50%),1.0,0.5
Fold_06,eurobasket_2011_mkd_rus_68_72,eurobasket_2011,2011,classification,Naive Baseline (50%),0.0,0.5
Fold_06,eurobasket_2011_mkd_slo_68_59,eurobasket_2011,2011,classification,Naive Baseline (50%),1.0,0.5
Fold_06,eurobasket_2011_mne_gre_55_71,eurobasket_2011,2011,classification,Naive Baseline (50%),0.0,0.5
Fold_06,eurobasket_2011_mne_mkd_70_65,eurobasket_2011,2011,classification,Naive Baseline (50%),1.0,0.5
Fold_06,eurobasket_2011_pol_ltu_77_97,eurobasket_2011,2011,classification,Naive Baseline (50%),0.0,0.5
Fold_06,eurobasket_2011_pol_tur_84_83,eurobasket_2011,2011,classification,Naive Baseline (50%),1.0,0.5
Fold_06,eurobasket_2011_por_esp_73_87,eurobasket_2011,2011,classification,Naive Baseline (50%),0.0,0.5
Fold_06,eurobasket_2011_por_ltu_69_98,eurobasket_2011,2011,classification,Naive Baseline (50%),0.0,0.5
Fold_06,eurobasket_2011_por_pol_73_81,eurobasket_2011,2011,classification,Naive Baseline (50%),0.0,0.5
Fold_06,eurobasket_2011_rus_bel_79_58,eurobasket_2011,2011,classification,Naive Baseline (50%),1.0,0.5
Fold_06,eurobasket_2011_rus_mkd_63_61,eurobasket_2011,2011,classification,Naive Baseline (50%),1.0,0.5
Fold_06,eurobasket_2011_rus_srb_77_67,eurobasket_2011,2011,classification,Naive Baseline (50%),1.0,0.5
Fold_06,eurobasket_2011_rus_ukr_73_64,eurobasket_2011,2011,classification,Naive Baseline (50%),1.0,0.5
Fold_06,eurobasket_2011_slo_bul_67_59,eurobasket_2011,2011,classification,Naive Baseline (50%),1.0,0.5
Fold_06,eurobasket_2011_slo_fin_67_60,eurobasket_2011,2011,classification,Naive Baseline (50%),1.0,0.5
Fold_06,eurobasket_2011_slo_geo_87_75,eurobasket_2011,2011,classification,Naive Baseline (50%),1.0,0.5
Fold_06,eurobasket_2011_slo_gre_60_69,eurobasket_2011,2011,classification,Naive Baseline (50%),0.0,0.5
Fold_06,eurobasket_2011_slo_ltu_77_80,eurobasket_2011,2011,classification,Naive Baseline (50%),0.0,0.5
Fold_06,eurobasket_2011_slo_rus_64_65,eurobasket_2011,2011,classification,Naive Baseline (50%),0.0,0.5
Fold_06,eurobasket_2011_slo_srb_72_68,eurobasket_2011,2011,classification,Naive Baseline (50%),1.0,0.5
Fold_06,eurobasket_2011_srb_fra_96_97,eurobasket_2011,2011,classification,Naive Baseline (50%),0.0,0.5
Fold_06,eurobasket_2011_srb_isr_89_80,eurobasket_2011,2011,classification,Naive Baseline (50%),1.0,0.5
Fold_06,eurobasket_2011_srb_ita_80_68,eurobasket_2011,2011,classification,Naive Baseline (50%),1.0,0.5
Fold_06,eurobasket_2011_srb_ltu_90_100,eurobasket_2011,2011,classification,Naive Baseline (50%),0.0,0.5
Fold_06,eurobasket_2011_srb_tur_68_67,eurobasket_2011,2011,classification,Naive Baseline (50%),1.0,0.5
Fold_06,eurobasket_2011_tur_fra_64_68,eurobasket_2011,2011,classification,Naive Baseline (50%),0.0,0.5
Fold_06,eurobasket_2011_tur_ltu_68_75,eurobasket_2011,2011,classification,Naive Baseline (50%),0.0,0.5
Fold_06,eurobasket_2011_tur_por_79_56,eurobasket_2011,2011,classification,Naive Baseline (50%),1.0,0.5
Fold_06,eurobasket_2011_ukr_bel_74_61,eurobasket_2011,2011,classification,Naive Baseline (50%),1.0,0.5
Fold_06,eurobasket_2011_ukr_bul_67_56,eurobasket_2011,2011,classification,Naive Baseline (50%),1.0,0.5
Fold_06,eurobasket_2011_ukr_slo_64_68,eurobasket_2011,2011,classification,Naive Baseline (50%),0.0,0.5
Fold_06,eurobasket_2011_bel_geo_59_81,eurobasket_2011,2011,classification,Logistic Regression L2,0.0,0.5499
Fold_06,eurobasket_2011_bel_slo_61_70,eurobasket_2011,2011,classification,Logistic Regression L2,0.0,0.2038
Fold_06,eurobasket_2011_bih_cro_92_80,eurobasket_2011,2011,classification,Logistic Regression L2,1.0,0.1264
Fold_06,eurobasket_2011_bih_mne_94_86,eurobasket_2011,2011,classification,Logistic Regression L2,1.0,0.3333
Fold_06,eurobasket_2011_bul_bel_68_65,eurobasket_2011,2011,classification,Logistic Regression L2,1.0,0.4258
Fold_06,eurobasket_2011_bul_rus_77_89,eurobasket_2011,2011,classification,Logistic Regression L2,0.0,0.1446
Fold_06,eurobasket_2011_cro_fin_84_79,eurobasket_2011,2011,classification,Logistic Regression L2,1.0,0.8084
Fold_06,eurobasket_2011_cro_mne_87_81,eurobasket_2011,2011,classification,Logistic Regression L2,1.0,0.8084
Fold_06,eurobasket_2011_esp_fra_98_85,eurobasket_2011,2011,classification,Logistic Regression L2,1.0,0.7684
Fold_06,eurobasket_2011_esp_gbr_86_69,eurobasket_2011,2011,classification,Logistic Regression L2,1.0,0.9647
Fold_06,eurobasket_2011_esp_mkd_92_80,eurobasket_2011,2011,classification,Logistic Regression L2,1.0,0.9582
Fold_06,eurobasket_2011_esp_pol_83_78,eurobasket_2011,2011,classification,Logistic Regression L2,1.0,0.9419
Fold_06,eurobasket_2011_esp_slo_86_64,eurobasket_2011,2011,classification,Logistic Regression L2,1.0,0.7639
Fold_06,eurobasket_2011_esp_srb_84_59,eurobasket_2011,2011,classification,Logistic Regression L2,1.0,0.8224
Fold_06,eurobasket_2011_esp_tur_57_65,eurobasket_2011,2011,classification,Logistic Regression L2,0.0,0.7805
Fold_06,eurobasket_2011_fin_bih_92_64,eurobasket_2011,2011,classification,Logistic Regression L2,1.0,0.7491
Fold_06,eurobasket_2011_fin_gre_61_81,eurobasket_2011,2011,classification,Logistic Regression L2,0.0,0.163
Fold_06,eurobasket_2011_fin_mne_71_65,eurobasket_2011,2011,classification,Logistic Regression L2,1.0,0.5499
Fold_06,eurobasket_2011_fin_rus_60_79,eurobasket_2011,2011,classification,Logistic Regression L2,0.0,0.2178
Fold_06,eurobasket_2011_fra_esp_69_96,eurobasket_2011,2011,classification,Logistic Regression L2,0.0,0.3462
Fold_06,eurobasket_2011_fra_ger_76_65,eurobasket_2011,2011,classification,Logistic Regression L2,1.0,0.627
Fold_06,eurobasket_2011_fra_gre_64_56,eurobasket_2011,2011,classification,Logistic Regression L2,1.0,0.516
Fold_06,eurobasket_2011_fra_lat_89_78,eurobasket_2011,2011,classification,Logistic Regression L2,1.0,0.8632
Fold_06,eurobasket_2011_fra_rus_79_71,eurobasket_2011,2011,classification,Logistic Regression L2,1.0,0.6039
Fold_06,eurobasket_2011_gbr_pol_88_81,eurobasket_2011,2011,classification,Logistic Regression L2,1.0,0.4201
Fold_06,eurobasket_2011_gbr_por_85_73,eurobasket_2011,2011,classification,Logistic Regression L2,1.0,0.469
Fold_06,eurobasket_2011_gbr_tur_61_90,eurobasket_2011,2011,classification,Logistic Regression L2,0.0,0.137
Fold_06,eurobasket_2011_geo_bul_69_79,eurobasket_2011,2011,classification,Logistic Regression L2,0.0,0.668
Fold_06,eurobasket_2011_geo_fin_73_87,eurobasket_2011,2011,classification,Logistic Regression L2,0.0,0.5499
Fold_06,eurobasket_2011_geo_mkd_63_65,eurobasket_2011,2011,classification,Logistic Regression L2,0.0,0.6446
Fold_06,eurobasket_2011_geo_rus_58_65,eurobasket_2011,2011,classification,Logistic Regression L2,0.0,0.2178
Fold_06,eurobasket_2011_geo_ukr_69_53,eurobasket_2011,2011,classification,Logistic Regression L2,1.0,0.8304
Fold_06,eurobasket_2011_ger_esp_68_77,eurobasket_2011,2011,classification,Logistic Regression L2,0.0,0.2779
Fold_06,eurobasket_2011_ger_isr_91_64,eurobasket_2011,2011,classification,Logistic Regression L2,1.0,0.8081
Fold_06,eurobasket_2011_ger_srb_64_75,eurobasket_2011,2011,classification,Logistic Regression L2,0.0,0.5933
Fold_06,eurobasket_2011_ger_tur_73_67,eurobasket_2011,2011,classification,Logistic Regression L2,1.0,0.5283
Fold_06,eurobasket_2011_gre_bih_76_67,eurobasket_2011,2011,classification,Logistic Regression L2,1.0,0.9493
Fold_06,eurobasket_2011_gre_cro_74_69,eurobasket_2011,2011,classification,Logistic Regression L2,1.0,0.6894
Fold_06,eurobasket_2011_gre_geo_73_60,eurobasket_2011,2011,classification,Logistic Regression L2,1.0,0.8846
Fold_06,eurobasket_2011_gre_mkd_58_72,eurobasket_2011,2011,classification,Logistic Regression L2,0.0,0.9192
Fold_06,eurobasket_2011_gre_rus_67_83,eurobasket_2011,2011,classification,Logistic Regression L2,0.0,0.636
Fold_06,eurobasket_2011_gre_srb_87_77,eurobasket_2011,2011,classification,Logistic Regression L2,1.0,0.7612
Fold_06,eurobasket_2011_isr_fra_68_85,eurobasket_2011,2011,classification,Logistic Regression L2,0.0,0.2048
Fold_06,eurobasket_2011_isr_ita_96_95,eurobasket_2011,2011,classification,Logistic Regression L2,1.0,0.3942
Fold_06,eurobasket_2011_isr_lat_91_88,eurobasket_2011,2011,classification,Logistic Regression L2,1.0,0.5709
Fold_06,eurobasket_2011_ita_fra_84_91,eurobasket_2011,2011,classification,Logistic Regression L2,0.0,0.3259
Fold_06,eurobasket_2011_ita_ger_62_76,eurobasket_2011,2011,classification,Logistic Regression L2,0.0,0.3995
Fold_06,eurobasket_2011_lat_ger_80_81,eurobasket_2011,2011,classification,Logistic Regression L2,0.0,0.2455
Fold_06,eurobasket_2011_lat_ita_62_71,eurobasket_2011,2011,classification,Logistic Regression L2,0.0,0.374
Fold_06,eurobasket_2011_lat_srb_77_92,eurobasket_2011,2011,classification,Logistic Regression L2,0.0,0.2799
Fold_06,eurobasket_2011_ltu_esp_79_91,eurobasket_2011,2011,classification,Logistic Regression L2,0.0,0.4229
Fold_06,eurobasket_2011_ltu_fra_67_73,eurobasket_2011,2011,classification,Logistic Regression L2,0.0,0.6284
Fold_06,eurobasket_2011_ltu_gbr_80_69,eurobasket_2011,2011,classification,Logistic Regression L2,1.0,0.9426
Fold_06,eurobasket_2011_ltu_ger_84_75,eurobasket_2011,2011,classification,Logistic Regression L2,1.0,0.6994
Fold_06,eurobasket_2011_ltu_gre_73_69,eurobasket_2011,2011,classification,Logistic Regression L2,1.0,0.5961
Fold_06,eurobasket_2011_mkd_bih_75_63,eurobasket_2011,2011,classification,Logistic Regression L2,1.0,0.6679
Fold_06,eurobasket_2011_mkd_cro_78_76,eurobasket_2011,2011,classification,Logistic Regression L2,1.0,0.1924
Fold_06,eurobasket_2011_mkd_fin_72_70,eurobasket_2011,2011,classification,Logistic Regression L2,1.0,0.4514
Fold_06,eurobasket_2011_mkd_ltu_67_65,eurobasket_2011,2011,classification,Logistic Regression L2,1.0,0.1307
Fold_06,eurobasket_2011_mkd_rus_68_72,eurobasket_2011,2011,classification,Logistic Regression L2,0.0,0.1808
Fold_06,eurobasket_2011_mkd_slo_68_59,eurobasket_2011,2011,classification,Logistic Regression L2,1.0,0.1471
Fold_06,eurobasket_2011_mne_gre_55_71,eurobasket_2011,2011,classification,Logistic Regression L2,0.0,0.163
Fold_06,eurobasket_2011_mne_mkd_70_65,eurobasket_2011,2011,classification,Logistic Regression L2,1.0,0.6446
Fold_06,eurobasket_2011_pol_ltu_77_97,eurobasket_2011,2011,classification,Logistic Regression L2,0.0,0.1329
Fold_06,eurobasket_2011_pol_tur_84_83,eurobasket_2011,2011,classification,Logistic Regression L2,1.0,0.2112
Fold_06,eurobasket_2011_por_esp_73_87,eurobasket_2011,2011,classification,Logistic Regression L2,0.0,0.0702
Fold_06,eurobasket_2011_por_ltu_69_98,eurobasket_2011,2011,classification,Logistic Regression L2,0.0,0.1117
Fold_06,eurobasket_2011_por_pol_73_81,eurobasket_2011,2011,classification,Logistic Regression L2,0.0,0.5005
Fold_06,eurobasket_2011_rus_bel_79_58,eurobasket_2011,2011,classification,Logistic Regression L2,1.0,0.8428
Fold_06,eurobasket_2011_rus_mkd_63_61,eurobasket_2011,2011,classification,Logistic Regression L2,1.0,0.8884
Fold_06,eurobasket_2011_rus_srb_77_67,eurobasket_2011,2011,classification,Logistic Regression L2,1.0,0.6903
Fold_06,eurobasket_2011_rus_ukr_73_64,eurobasket_2011,2011,classification,Logistic Regression L2,1.0,0.9555
Fold_06,eurobasket_2011_slo_bul_67_59,eurobasket_2011,2011,classification,Logistic Regression L2,1.0,0.9057
Fold_06,eurobasket_2011_slo_fin_67_60,eurobasket_2011,2011,classification,Logistic Regression L2,1.0,0.8536
Fold_06,eurobasket_2011_slo_geo_87_75,eurobasket_2011,2011,classification,Logistic Regression L2,1.0,0.8536
Fold_06,eurobasket_2011_slo_gre_60_69,eurobasket_2011,2011,classification,Logistic Regression L2,0.0,0.4816
Fold_06,eurobasket_2011_slo_ltu_77_80,eurobasket_2011,2011,classification,Logistic Regression L2,0.0,0.5158
Fold_06,eurobasket_2011_slo_rus_64_65,eurobasket_2011,2011,classification,Logistic Regression L2,0.0,0.5705
Fold_06,eurobasket_2011_slo_srb_72_68,eurobasket_2011,2011,classification,Logistic Regression L2,1.0,0.7079
Fold_06,eurobasket_2011_srb_fra_96_97,eurobasket_2011,2011,classification,Logistic Regression L2,0.0,0.4264
Fold_06,eurobasket_2011_srb_isr_89_80,eurobasket_2011,2011,classification,Logistic Regression L2,1.0,0.7791
Fold_06,eurobasket_2011_srb_ita_80_68,eurobasket_2011,2011,classification,Logistic Regression L2,1.0,0.6526
Fold_06,eurobasket_2011_srb_ltu_90_100,eurobasket_2011,2011,classification,Logistic Regression L2,0.0,0.3494
Fold_06,eurobasket_2011_srb_tur_68_67,eurobasket_2011,2011,classification,Logistic Regression L2,1.0,0.4839
Fold_06,eurobasket_2011_tur_fra_64_68,eurobasket_2011,2011,classification,Logistic Regression L2,0.0,0.492
Fold_06,eurobasket_2011_tur_ltu_68_75,eurobasket_2011,2011,classification,Logistic Regression L2,0.0,0.4117
Fold_06,eurobasket_2011_tur_por_79_56,eurobasket_2011,2011,classification,Logistic Regression L2,1.0,0.8717
Fold_06,eurobasket_2011_ukr_bel_74_61,eurobasket_2011,2011,classification,Logistic Regression L2,1.0,0.2336
Fold_06,eurobasket_2011_ukr_bul_67_56,eurobasket_2011,2011,classification,Logistic Regression L2,1.0,0.3343
Fold_06,eurobasket_2011_ukr_slo_64_68,eurobasket_2011,2011,classification,Logistic Regression L2,0.0,0.06
Fold_06,eurobasket_2011_bel_geo_59_81,eurobasket_2011,2011,classification,ElasticNet Classifier,0.0,0.5371
Fold_06,eurobasket_2011_bel_slo_61_70,eurobasket_2011,2011,classification,ElasticNet Classifier,0.0,0.2003
Fold_06,eurobasket_2011_bih_cro_92_80,eurobasket_2011,2011,classification,ElasticNet Classifier,1.0,0.1199
Fold_06,eurobasket_2011_bih_mne_94_86,eurobasket_2011,2011,classification,ElasticNet Classifier,1.0,0.3136
Fold_06,eurobasket_2011_bul_bel_68_65,eurobasket_2011,2011,classification,ElasticNet Classifier,1.0,0.4041
Fold_06,eurobasket_2011_bul_rus_77_89,eurobasket_2011,2011,classification,ElasticNet Classifier,0.0,0.1374
Fold_06,eurobasket_2011_cro_fin_84_79,eurobasket_2011,2011,classification,ElasticNet Classifier,1.0,0.7956
Fold_06,eurobasket_2011_cro_mne_87_81,eurobasket_2011,2011,classification,ElasticNet Classifier,1.0,0.7956
Fold_06,eurobasket_2011_esp_fra_98_85,eurobasket_2011,2011,classification,ElasticNet Classifier,1.0,0.7274
Fold_06,eurobasket_2011_esp_gbr_86_69,eurobasket_2011,2011,classification,ElasticNet Classifier,1.0,0.9634
Fold_06,eurobasket_2011_esp_mkd_92_80,eurobasket_2011,2011,classification,ElasticNet Classifier,1.0,0.9492
Fold_06,eurobasket_2011_esp_pol_83_78,eurobasket_2011,2011,classification,ElasticNet Classifier,1.0,0.9397
Fold_06,eurobasket_2011_esp_slo_86_64,eurobasket_2011,2011,classification,ElasticNet Classifier,1.0,0.7227
Fold_06,eurobasket_2011_esp_srb_84_59,eurobasket_2011,2011,classification,ElasticNet Classifier,1.0,0.8158
Fold_06,eurobasket_2011_esp_tur_57_65,eurobasket_2011,2011,classification,ElasticNet Classifier,0.0,0.7711
Fold_06,eurobasket_2011_fin_bih_92_64,eurobasket_2011,2011,classification,ElasticNet Classifier,1.0,0.7466
Fold_06,eurobasket_2011_fin_gre_61_81,eurobasket_2011,2011,classification,ElasticNet Classifier,0.0,0.1596
Fold_06,eurobasket_2011_fin_mne_71_65,eurobasket_2011,2011,classification,ElasticNet Classifier,1.0,0.5371
Fold_06,eurobasket_2011_fin_rus_60_79,eurobasket_2011,2011,classification,ElasticNet Classifier,0.0,0.2142
Fold_06,eurobasket_2011_fra_esp_69_96,eurobasket_2011,2011,classification,ElasticNet Classifier,0.0,0.3354
Fold_06,eurobasket_2011_fra_ger_76_65,eurobasket_2011,2011,classification,ElasticNet Classifier,1.0,0.6149
Fold_06,eurobasket_2011_fra_gre_64_56,eurobasket_2011,2011,classification,ElasticNet Classifier,1.0,0.4621
Fold_06,eurobasket_2011_fra_lat_89_78,eurobasket_2011,2011,classification,ElasticNet Classifier,1.0,0.8583
Fold_06,eurobasket_2011_fra_rus_79_71,eurobasket_2011,2011,classification,ElasticNet Classifier,1.0,0.5522
Fold_06,eurobasket_2011_gbr_pol_88_81,eurobasket_2011,2011,classification,ElasticNet Classifier,1.0,0.4075
Fold_06,eurobasket_2011_gbr_por_85_73,eurobasket_2011,2011,classification,ElasticNet Classifier,1.0,0.4558
Fold_06,eurobasket_2011_gbr_tur_61_90,eurobasket_2011,2011,classification,ElasticNet Classifier,0.0,0.1294
Fold_06,eurobasket_2011_geo_bul_69_79,eurobasket_2011,2011,classification,ElasticNet Classifier,0.0,0.6651
Fold_06,eurobasket_2011_geo_fin_73_87,eurobasket_2011,2011,classification,ElasticNet Classifier,0.0,0.5371
Fold_06,eurobasket_2011_geo_mkd_63_65,eurobasket_2011,2011,classification,ElasticNet Classifier,0.0,0.6426
Fold_06,eurobasket_2011_geo_rus_58_65,eurobasket_2011,2011,classification,ElasticNet Classifier,0.0,0.2142
Fold_06,eurobasket_2011_geo_ukr_69_53,eurobasket_2011,2011,classification,ElasticNet Classifier,1.0,0.8279
Fold_06,eurobasket_2011_ger_esp_68_77,eurobasket_2011,2011,classification,ElasticNet Classifier,0.0,0.2684
Fold_06,eurobasket_2011_ger_isr_91_64,eurobasket_2011,2011,classification,ElasticNet Classifier,1.0,0.802
Fold_06,eurobasket_2011_ger_srb_64_75,eurobasket_2011,2011,classification,ElasticNet Classifier,0.0,0.5834
Fold_06,eurobasket_2011_ger_tur_73_67,eurobasket_2011,2011,classification,ElasticNet Classifier,1.0,0.5157
Fold_06,eurobasket_2011_gre_bih_76_67,eurobasket_2011,2011,classification,ElasticNet Classifier,1.0,0.9474
Fold_06,eurobasket_2011_gre_cro_74_69,eurobasket_2011,2011,classification,ElasticNet Classifier,1.0,0.6789
Fold_06,eurobasket_2011_gre_geo_73_60,eurobasket_2011,2011,classification,ElasticNet Classifier,1.0,0.8764
Fold_06,eurobasket_2011_gre_mkd_58_72,eurobasket_2011,2011,classification,ElasticNet Classifier,0.0,0.9166
Fold_06,eurobasket_2011_gre_rus_67_83,eurobasket_2011,2011,classification,ElasticNet Classifier,0.0,0.6248
Fold_06,eurobasket_2011_gre_srb_87_77,eurobasket_2011,2011,classification,ElasticNet Classifier,1.0,0.7224
Fold_06,eurobasket_2011_isr_fra_68_85,eurobasket_2011,2011,classification,ElasticNet Classifier,0.0,0.1947
Fold_06,eurobasket_2011_isr_ita_96_95,eurobasket_2011,2011,classification,ElasticNet Classifier,1.0,0.3816
Fold_06,eurobasket_2011_isr_lat_91_88,eurobasket_2011,2011,classification,ElasticNet Classifier,1.0,0.5578
Fold_06,eurobasket_2011_ita_fra_84_91,eurobasket_2011,2011,classification,ElasticNet Classifier,0.0,0.3124
Fold_06,eurobasket_2011_ita_ger_62_76,eurobasket_2011,2011,classification,ElasticNet Classifier,0.0,0.3847
Fold_06,eurobasket_2011_lat_ger_80_81,eurobasket_2011,2011,classification,ElasticNet Classifier,0.0,0.2342
Fold_06,eurobasket_2011_lat_ita_62_71,eurobasket_2011,2011,classification,ElasticNet Classifier,0.0,0.3621
Fold_06,eurobasket_2011_lat_srb_77_92,eurobasket_2011,2011,classification,ElasticNet Classifier,0.0,0.2696
Fold_06,eurobasket_2011_ltu_esp_79_91,eurobasket_2011,2011,classification,ElasticNet Classifier,0.0,0.4114
Fold_06,eurobasket_2011_ltu_fra_67_73,eurobasket_2011,2011,classification,ElasticNet Classifier,0.0,0.6164
Fold_06,eurobasket_2011_ltu_gbr_80_69,eurobasket_2011,2011,classification,ElasticNet Classifier,1.0,0.9406
Fold_06,eurobasket_2011_ltu_ger_84_75,eurobasket_2011,2011,classification,ElasticNet Classifier,1.0,0.6886
Fold_06,eurobasket_2011_ltu_gre_73_69,eurobasket_2011,2011,classification,ElasticNet Classifier,1.0,0.5433
Fold_06,eurobasket_2011_mkd_bih_75_63,eurobasket_2011,2011,classification,ElasticNet Classifier,1.0,0.6554
Fold_06,eurobasket_2011_mkd_cro_78_76,eurobasket_2011,2011,classification,ElasticNet Classifier,1.0,0.1825
Fold_06,eurobasket_2011_mkd_fin_72_70,eurobasket_2011,2011,classification,ElasticNet Classifier,1.0,0.4282
Fold_06,eurobasket_2011_mkd_ltu_67_65,eurobasket_2011,2011,classification,ElasticNet Classifier,1.0,0.1068
Fold_06,eurobasket_2011_mkd_rus_68_72,eurobasket_2011,2011,classification,ElasticNet Classifier,0.0,0.1496
Fold_06,eurobasket_2011_mkd_slo_68_59,eurobasket_2011,2011,classification,ElasticNet Classifier,1.0,0.1392
Fold_06,eurobasket_2011_mne_gre_55_71,eurobasket_2011,2011,classification,ElasticNet Classifier,0.0,0.1596
Fold_06,eurobasket_2011_mne_mkd_70_65,eurobasket_2011,2011,classification,ElasticNet Classifier,1.0,0.6426
Fold_06,eurobasket_2011_pol_ltu_77_97,eurobasket_2011,2011,classification,ElasticNet Classifier,0.0,0.1254
Fold_06,eurobasket_2011_pol_tur_84_83,eurobasket_2011,2011,classification,ElasticNet Classifier,1.0,0.2005
Fold_06,eurobasket_2011_por_esp_73_87,eurobasket_2011,2011,classification,ElasticNet Classifier,0.0,0.0662
Fold_06,eurobasket_2011_por_ltu_69_98,eurobasket_2011,2011,classification,ElasticNet Classifier,0.0,0.1053
Fold_06,eurobasket_2011_por_pol_73_81,eurobasket_2011,2011,classification,ElasticNet Classifier,0.0,0.488
Fold_06,eurobasket_2011_rus_bel_79_58,eurobasket_2011,2011,classification,ElasticNet Classifier,1.0,0.8317
Fold_06,eurobasket_2011_rus_mkd_63_61,eurobasket_2011,2011,classification,ElasticNet Classifier,1.0,0.8845
Fold_06,eurobasket_2011_rus_srb_77_67,eurobasket_2011,2011,classification,ElasticNet Classifier,1.0,0.6445
Fold_06,eurobasket_2011_rus_ukr_73_64,eurobasket_2011,2011,classification,ElasticNet Classifier,1.0,0.9535
Fold_06,eurobasket_2011_slo_bul_67_59,eurobasket_2011,2011,classification,ElasticNet Classifier,1.0,0.9019
Fold_06,eurobasket_2011_slo_fin_67_60,eurobasket_2011,2011,classification,ElasticNet Classifier,1.0,0.8431
Fold_06,eurobasket_2011_slo_geo_87_75,eurobasket_2011,2011,classification,ElasticNet Classifier,1.0,0.8431
Fold_06,eurobasket_2011_slo_gre_60_69,eurobasket_2011,2011,classification,ElasticNet Classifier,0.0,0.468
Fold_06,eurobasket_2011_slo_ltu_77_80,eurobasket_2011,2011,classification,ElasticNet Classifier,0.0,0.4618
Fold_06,eurobasket_2011_slo_rus_64_65,eurobasket_2011,2011,classification,ElasticNet Classifier,0.0,0.558
Fold_06,eurobasket_2011_slo_srb_72_68,eurobasket_2011,2011,classification,ElasticNet Classifier,1.0,0.6636
Fold_06,eurobasket_2011_srb_fra_96_97,eurobasket_2011,2011,classification,ElasticNet Classifier,0.0,0.4114
Fold_06,eurobasket_2011_srb_isr_89_80,eurobasket_2011,2011,classification,ElasticNet Classifier,1.0,0.7704
Fold_06,eurobasket_2011_srb_ita_80_68,eurobasket_2011,2011,classification,ElasticNet Classifier,1.0,0.6409
Fold_06,eurobasket_2011_srb_ltu_90_100,eurobasket_2011,2011,classification,ElasticNet Classifier,0.0,0.3354
Fold_06,eurobasket_2011_srb_tur_68_67,eurobasket_2011,2011,classification,ElasticNet Classifier,1.0,0.4688
Fold_06,eurobasket_2011_tur_fra_64_68,eurobasket_2011,2011,classification,ElasticNet Classifier,0.0,0.4789
Fold_06,eurobasket_2011_tur_ltu_68_75,eurobasket_2011,2011,classification,ElasticNet Classifier,0.0,0.3989
Fold_06,eurobasket_2011_tur_por_79_56,eurobasket_2011,2011,classification,ElasticNet Classifier,1.0,0.8674
Fold_06,eurobasket_2011_ukr_bel_74_61,eurobasket_2011,2011,classification,ElasticNet Classifier,1.0,0.2187
Fold_06,eurobasket_2011_ukr_bul_67_56,eurobasket_2011,2011,classification,ElasticNet Classifier,1.0,0.3238
Fold_06,eurobasket_2011_ukr_slo_64_68,eurobasket_2011,2011,classification,ElasticNet Classifier,0.0,0.057
Fold_06,eurobasket_2011_bel_geo_59_81,eurobasket_2011,2011,classification,LightGBM Classifier,0.0,0.4973
Fold_06,eurobasket_2011_bel_slo_61_70,eurobasket_2011,2011,classification,LightGBM Classifier,0.0,0.0678
Fold_06,eurobasket_2011_bih_cro_92_80,eurobasket_2011,2011,classification,LightGBM Classifier,1.0,0.4227
Fold_06,eurobasket_2011_bih_mne_94_86,eurobasket_2011,2011,classification,LightGBM Classifier,1.0,0.7195
Fold_06,eurobasket_2011_bul_bel_68_65,eurobasket_2011,2011,classification,LightGBM Classifier,1.0,0.7378
Fold_06,eurobasket_2011_bul_rus_77_89,eurobasket_2011,2011,classification,LightGBM Classifier,0.0,0.3899
Fold_06,eurobasket_2011_cro_fin_84_79,eurobasket_2011,2011,classification,LightGBM Classifier,1.0,0.8262
Fold_06,eurobasket_2011_cro_mne_87_81,eurobasket_2011,2011,classification,LightGBM Classifier,1.0,0.8262
Fold_06,eurobasket_2011_esp_fra_98_85,eurobasket_2011,2011,classification,LightGBM Classifier,1.0,0.6663
Fold_06,eurobasket_2011_esp_gbr_86_69,eurobasket_2011,2011,classification,LightGBM Classifier,1.0,0.8483
Fold_06,eurobasket_2011_esp_mkd_92_80,eurobasket_2011,2011,classification,LightGBM Classifier,1.0,0.8442
Fold_06,eurobasket_2011_esp_pol_83_78,eurobasket_2011,2011,classification,LightGBM Classifier,1.0,0.8415
Fold_06,eurobasket_2011_esp_slo_86_64,eurobasket_2011,2011,classification,LightGBM Classifier,1.0,0.7603
Fold_06,eurobasket_2011_esp_srb_84_59,eurobasket_2011,2011,classification,LightGBM Classifier,1.0,0.7561
Fold_06,eurobasket_2011_esp_tur_57_65,eurobasket_2011,2011,classification,LightGBM Classifier,0.0,0.7559
Fold_06,eurobasket_2011_fin_bih_92_64,eurobasket_2011,2011,classification,LightGBM Classifier,1.0,0.3321
Fold_06,eurobasket_2011_fin_gre_61_81,eurobasket_2011,2011,classification,LightGBM Classifier,0.0,0.0678
Fold_06,eurobasket_2011_fin_mne_71_65,eurobasket_2011,2011,classification,LightGBM Classifier,1.0,0.4973
Fold_06,eurobasket_2011_fin_rus_60_79,eurobasket_2011,2011,classification,LightGBM Classifier,0.0,0.0769
Fold_06,eurobasket_2011_fra_esp_69_96,eurobasket_2011,2011,classification,LightGBM Classifier,0.0,0.5071
Fold_06,eurobasket_2011_fra_ger_76_65,eurobasket_2011,2011,classification,LightGBM Classifier,1.0,0.7794
Fold_06,eurobasket_2011_fra_gre_64_56,eurobasket_2011,2011,classification,LightGBM Classifier,1.0,0.4549
Fold_06,eurobasket_2011_fra_lat_89_78,eurobasket_2011,2011,classification,LightGBM Classifier,1.0,0.8271
Fold_06,eurobasket_2011_fra_rus_79_71,eurobasket_2011,2011,classification,LightGBM Classifier,1.0,0.4751
Fold_06,eurobasket_2011_gbr_pol_88_81,eurobasket_2011,2011,classification,LightGBM Classifier,1.0,0.4162
Fold_06,eurobasket_2011_gbr_por_85_73,eurobasket_2011,2011,classification,LightGBM Classifier,1.0,0.4073
Fold_06,eurobasket_2011_gbr_tur_61_90,eurobasket_2011,2011,classification,LightGBM Classifier,0.0,0.3277
Fold_06,eurobasket_2011_geo_bul_69_79,eurobasket_2011,2011,classification,LightGBM Classifier,0.0,0.2885
Fold_06,eurobasket_2011_geo_fin_73_87,eurobasket_2011,2011,classification,LightGBM Classifier,0.0,0.4973
Fold_06,eurobasket_2011_geo_mkd_63_65,eurobasket_2011,2011,classification,LightGBM Classifier,0.0,0.3073
Fold_06,eurobasket_2011_geo_rus_58_65,eurobasket_2011,2011,classification,LightGBM Classifier,0.0,0.0769
Fold_06,eurobasket_2011_geo_ukr_69_53,eurobasket_2011,2011,classification,LightGBM Classifier,1.0,0.467
Fold_06,eurobasket_2011_ger_esp_68_77,eurobasket_2011,2011,classification,LightGBM Classifier,0.0,0.3992
Fold_06,eurobasket_2011_ger_isr_91_64,eurobasket_2011,2011,classification,LightGBM Classifier,1.0,0.419
Fold_06,eurobasket_2011_ger_srb_64_75,eurobasket_2011,2011,classification,LightGBM Classifier,0.0,0.4565
Fold_06,eurobasket_2011_ger_tur_73_67,eurobasket_2011,2011,classification,LightGBM Classifier,1.0,0.3861
Fold_06,eurobasket_2011_gre_bih_76_67,eurobasket_2011,2011,classification,LightGBM Classifier,1.0,0.8442
Fold_06,eurobasket_2011_gre_cro_74_69,eurobasket_2011,2011,classification,LightGBM Classifier,1.0,0.8318
Fold_06,eurobasket_2011_gre_geo_73_60,eurobasket_2011,2011,classification,LightGBM Classifier,1.0,0.933
Fold_06,eurobasket_2011_gre_mkd_58_72,eurobasket_2011,2011,classification,LightGBM Classifier,0.0,0.8911
Fold_06,eurobasket_2011_gre_rus_67_83,eurobasket_2011,2011,classification,LightGBM Classifier,0.0,0.4026
Fold_06,eurobasket_2011_gre_srb_87_77,eurobasket_2011,2011,classification,LightGBM Classifier,1.0,0.5645
Fold_06,eurobasket_2011_isr_fra_68_85,eurobasket_2011,2011,classification,LightGBM Classifier,0.0,0.3119
Fold_06,eurobasket_2011_isr_ita_96_95,eurobasket_2011,2011,classification,LightGBM Classifier,1.0,0.4576
Fold_06,eurobasket_2011_isr_lat_91_88,eurobasket_2011,2011,classification,LightGBM Classifier,1.0,0.5041
Fold_06,eurobasket_2011_ita_fra_84_91,eurobasket_2011,2011,classification,LightGBM Classifier,0.0,0.3594
Fold_06,eurobasket_2011_ita_ger_62_76,eurobasket_2011,2011,classification,LightGBM Classifier,0.0,0.5995
Fold_06,eurobasket_2011_lat_ger_80_81,eurobasket_2011,2011,classification,LightGBM Classifier,0.0,0.3717
Fold_06,eurobasket_2011_lat_ita_62_71,eurobasket_2011,2011,classification,LightGBM Classifier,0.0,0.4701
Fold_06,eurobasket_2011_lat_srb_77_92,eurobasket_2011,2011,classification,LightGBM Classifier,0.0,0.3992
Fold_06,eurobasket_2011_ltu_esp_79_91,eurobasket_2011,2011,classification,LightGBM Classifier,0.0,0.4369
Fold_06,eurobasket_2011_ltu_fra_67_73,eurobasket_2011,2011,classification,LightGBM Classifier,0.0,0.7348
Fold_06,eurobasket_2011_ltu_gbr_80_69,eurobasket_2011,2011,classification,LightGBM Classifier,1.0,0.7658
Fold_06,eurobasket_2011_ltu_ger_84_75,eurobasket_2011,2011,classification,LightGBM Classifier,1.0,0.8772
Fold_06,eurobasket_2011_ltu_gre_73_69,eurobasket_2011,2011,classification,LightGBM Classifier,1.0,0.4484
Fold_06,eurobasket_2011_mkd_bih_75_63,eurobasket_2011,2011,classification,LightGBM Classifier,1.0,0.7902
Fold_06,eurobasket_2011_mkd_cro_78_76,eurobasket_2011,2011,classification,LightGBM Classifier,1.0,0.3927
Fold_06,eurobasket_2011_mkd_fin_72_70,eurobasket_2011,2011,classification,LightGBM Classifier,1.0,0.7551
Fold_06,eurobasket_2011_mkd_ltu_67_65,eurobasket_2011,2011,classification,LightGBM Classifier,1.0,0.3849
Fold_06,eurobasket_2011_mkd_rus_68_72,eurobasket_2011,2011,classification,LightGBM Classifier,0.0,0.3219
Fold_06,eurobasket_2011_mkd_slo_68_59,eurobasket_2011,2011,classification,LightGBM Classifier,1.0,0.3219
Fold_06,eurobasket_2011_mne_gre_55_71,eurobasket_2011,2011,classification,LightGBM Classifier,0.0,0.0678
Fold_06,eurobasket_2011_mne_mkd_70_65,eurobasket_2011,2011,classification,LightGBM Classifier,1.0,0.3073
Fold_06,eurobasket_2011_pol_ltu_77_97,eurobasket_2011,2011,classification,LightGBM Classifier,0.0,0.3622
Fold_06,eurobasket_2011_pol_tur_84_83,eurobasket_2011,2011,classification,LightGBM Classifier,1.0,0.3722
Fold_06,eurobasket_2011_por_esp_73_87,eurobasket_2011,2011,classification,LightGBM Classifier,0.0,0.3951
Fold_06,eurobasket_2011_por_ltu_69_98,eurobasket_2011,2011,classification,LightGBM Classifier,0.0,0.343
Fold_06,eurobasket_2011_por_pol_73_81,eurobasket_2011,2011,classification,LightGBM Classifier,0.0,0.4366
Fold_06,eurobasket_2011_rus_bel_79_58,eurobasket_2011,2011,classification,LightGBM Classifier,1.0,0.8357
Fold_06,eurobasket_2011_rus_mkd_63_61,eurobasket_2011,2011,classification,LightGBM Classifier,1.0,0.8911
Fold_06,eurobasket_2011_rus_srb_77_67,eurobasket_2011,2011,classification,LightGBM Classifier,1.0,0.6198
Fold_06,eurobasket_2011_rus_ukr_73_64,eurobasket_2011,2011,classification,LightGBM Classifier,1.0,0.8135
Fold_06,eurobasket_2011_slo_bul_67_59,eurobasket_2011,2011,classification,LightGBM Classifier,1.0,0.7856
Fold_06,eurobasket_2011_slo_fin_67_60,eurobasket_2011,2011,classification,LightGBM Classifier,1.0,0.9153
Fold_06,eurobasket_2011_slo_geo_87_75,eurobasket_2011,2011,classification,LightGBM Classifier,1.0,0.9153
Fold_06,eurobasket_2011_slo_gre_60_69,eurobasket_2011,2011,classification,LightGBM Classifier,0.0,0.4326
Fold_06,eurobasket_2011_slo_ltu_77_80,eurobasket_2011,2011,classification,LightGBM Classifier,0.0,0.4629
Fold_06,eurobasket_2011_slo_rus_64_65,eurobasket_2011,2011,classification,LightGBM Classifier,0.0,0.4951
Fold_06,eurobasket_2011_slo_srb_72_68,eurobasket_2011,2011,classification,LightGBM Classifier,1.0,0.6424
Fold_06,eurobasket_2011_srb_fra_96_97,eurobasket_2011,2011,classification,LightGBM Classifier,0.0,0.76
Fold_06,eurobasket_2011_srb_isr_89_80,eurobasket_2011,2011,classification,LightGBM Classifier,1.0,0.8467
Fold_06,eurobasket_2011_srb_ita_80_68,eurobasket_2011,2011,classification,LightGBM Classifier,1.0,0.7983
Fold_06,eurobasket_2011_srb_ltu_90_100,eurobasket_2011,2011,classification,LightGBM Classifier,0.0,0.4376
Fold_06,eurobasket_2011_srb_tur_68_67,eurobasket_2011,2011,classification,LightGBM Classifier,1.0,0.7862
Fold_06,eurobasket_2011_tur_fra_64_68,eurobasket_2011,2011,classification,LightGBM Classifier,0.0,0.4417
Fold_06,eurobasket_2011_tur_ltu_68_75,eurobasket_2011,2011,classification,LightGBM Classifier,0.0,0.3865
Fold_06,eurobasket_2011_tur_por_79_56,eurobasket_2011,2011,classification,LightGBM Classifier,1.0,0.5603
Fold_06,eurobasket_2011_ukr_bel_74_61,eurobasket_2011,2011,classification,LightGBM Classifier,1.0,0.5408
Fold_06,eurobasket_2011_ukr_bul_67_56,eurobasket_2011,2011,classification,LightGBM Classifier,1.0,0.4138
Fold_06,eurobasket_2011_ukr_slo_64_68,eurobasket_2011,2011,classification,LightGBM Classifier,0.0,0.2892
Fold_06,eurobasket_2011_bel_geo_59_81,eurobasket_2011,2011,regression,Naive Margin (0.0 pts),-22.0,0.0
Fold_06,eurobasket_2011_bel_slo_61_70,eurobasket_2011,2011,regression,Naive Margin (0.0 pts),-9.0,0.0
Fold_06,eurobasket_2011_bih_cro_92_80,eurobasket_2011,2011,regression,Naive Margin (0.0 pts),12.0,0.0
Fold_06,eurobasket_2011_bih_mne_94_86,eurobasket_2011,2011,regression,Naive Margin (0.0 pts),8.0,0.0
Fold_06,eurobasket_2011_bul_bel_68_65,eurobasket_2011,2011,regression,Naive Margin (0.0 pts),3.0,0.0
Fold_06,eurobasket_2011_bul_rus_77_89,eurobasket_2011,2011,regression,Naive Margin (0.0 pts),-12.0,0.0
Fold_06,eurobasket_2011_cro_fin_84_79,eurobasket_2011,2011,regression,Naive Margin (0.0 pts),5.0,0.0
Fold_06,eurobasket_2011_cro_mne_87_81,eurobasket_2011,2011,regression,Naive Margin (0.0 pts),6.0,0.0
Fold_06,eurobasket_2011_esp_fra_98_85,eurobasket_2011,2011,regression,Naive Margin (0.0 pts),13.0,0.0
Fold_06,eurobasket_2011_esp_gbr_86_69,eurobasket_2011,2011,regression,Naive Margin (0.0 pts),17.0,0.0
Fold_06,eurobasket_2011_esp_mkd_92_80,eurobasket_2011,2011,regression,Naive Margin (0.0 pts),12.0,0.0
Fold_06,eurobasket_2011_esp_pol_83_78,eurobasket_2011,2011,regression,Naive Margin (0.0 pts),5.0,0.0
Fold_06,eurobasket_2011_esp_slo_86_64,eurobasket_2011,2011,regression,Naive Margin (0.0 pts),22.0,0.0
Fold_06,eurobasket_2011_esp_srb_84_59,eurobasket_2011,2011,regression,Naive Margin (0.0 pts),25.0,0.0
Fold_06,eurobasket_2011_esp_tur_57_65,eurobasket_2011,2011,regression,Naive Margin (0.0 pts),-8.0,0.0
Fold_06,eurobasket_2011_fin_bih_92_64,eurobasket_2011,2011,regression,Naive Margin (0.0 pts),28.0,0.0
Fold_06,eurobasket_2011_fin_gre_61_81,eurobasket_2011,2011,regression,Naive Margin (0.0 pts),-20.0,0.0
Fold_06,eurobasket_2011_fin_mne_71_65,eurobasket_2011,2011,regression,Naive Margin (0.0 pts),6.0,0.0
Fold_06,eurobasket_2011_fin_rus_60_79,eurobasket_2011,2011,regression,Naive Margin (0.0 pts),-19.0,0.0
Fold_06,eurobasket_2011_fra_esp_69_96,eurobasket_2011,2011,regression,Naive Margin (0.0 pts),-27.0,0.0
Fold_06,eurobasket_2011_fra_ger_76_65,eurobasket_2011,2011,regression,Naive Margin (0.0 pts),11.0,0.0
Fold_06,eurobasket_2011_fra_gre_64_56,eurobasket_2011,2011,regression,Naive Margin (0.0 pts),8.0,0.0
Fold_06,eurobasket_2011_fra_lat_89_78,eurobasket_2011,2011,regression,Naive Margin (0.0 pts),11.0,0.0
Fold_06,eurobasket_2011_fra_rus_79_71,eurobasket_2011,2011,regression,Naive Margin (0.0 pts),8.0,0.0
Fold_06,eurobasket_2011_gbr_pol_88_81,eurobasket_2011,2011,regression,Naive Margin (0.0 pts),7.0,0.0
Fold_06,eurobasket_2011_gbr_por_85_73,eurobasket_2011,2011,regression,Naive Margin (0.0 pts),12.0,0.0
Fold_06,eurobasket_2011_gbr_tur_61_90,eurobasket_2011,2011,regression,Naive Margin (0.0 pts),-29.0,0.0
Fold_06,eurobasket_2011_geo_bul_69_79,eurobasket_2011,2011,regression,Naive Margin (0.0 pts),-10.0,0.0
Fold_06,eurobasket_2011_geo_fin_73_87,eurobasket_2011,2011,regression,Naive Margin (0.0 pts),-14.0,0.0
Fold_06,eurobasket_2011_geo_mkd_63_65,eurobasket_2011,2011,regression,Naive Margin (0.0 pts),-2.0,0.0
Fold_06,eurobasket_2011_geo_rus_58_65,eurobasket_2011,2011,regression,Naive Margin (0.0 pts),-7.0,0.0
Fold_06,eurobasket_2011_geo_ukr_69_53,eurobasket_2011,2011,regression,Naive Margin (0.0 pts),16.0,0.0
Fold_06,eurobasket_2011_ger_esp_68_77,eurobasket_2011,2011,regression,Naive Margin (0.0 pts),-9.0,0.0
Fold_06,eurobasket_2011_ger_isr_91_64,eurobasket_2011,2011,regression,Naive Margin (0.0 pts),27.0,0.0
Fold_06,eurobasket_2011_ger_srb_64_75,eurobasket_2011,2011,regression,Naive Margin (0.0 pts),-11.0,0.0
Fold_06,eurobasket_2011_ger_tur_73_67,eurobasket_2011,2011,regression,Naive Margin (0.0 pts),6.0,0.0
Fold_06,eurobasket_2011_gre_bih_76_67,eurobasket_2011,2011,regression,Naive Margin (0.0 pts),9.0,0.0
Fold_06,eurobasket_2011_gre_cro_74_69,eurobasket_2011,2011,regression,Naive Margin (0.0 pts),5.0,0.0
Fold_06,eurobasket_2011_gre_geo_73_60,eurobasket_2011,2011,regression,Naive Margin (0.0 pts),13.0,0.0
Fold_06,eurobasket_2011_gre_mkd_58_72,eurobasket_2011,2011,regression,Naive Margin (0.0 pts),-14.0,0.0
Fold_06,eurobasket_2011_gre_rus_67_83,eurobasket_2011,2011,regression,Naive Margin (0.0 pts),-16.0,0.0
Fold_06,eurobasket_2011_gre_srb_87_77,eurobasket_2011,2011,regression,Naive Margin (0.0 pts),10.0,0.0
Fold_06,eurobasket_2011_isr_fra_68_85,eurobasket_2011,2011,regression,Naive Margin (0.0 pts),-17.0,0.0
Fold_06,eurobasket_2011_isr_ita_96_95,eurobasket_2011,2011,regression,Naive Margin (0.0 pts),1.0,0.0
Fold_06,eurobasket_2011_isr_lat_91_88,eurobasket_2011,2011,regression,Naive Margin (0.0 pts),3.0,0.0
Fold_06,eurobasket_2011_ita_fra_84_91,eurobasket_2011,2011,regression,Naive Margin (0.0 pts),-7.0,0.0
Fold_06,eurobasket_2011_ita_ger_62_76,eurobasket_2011,2011,regression,Naive Margin (0.0 pts),-14.0,0.0
Fold_06,eurobasket_2011_lat_ger_80_81,eurobasket_2011,2011,regression,Naive Margin (0.0 pts),-1.0,0.0
Fold_06,eurobasket_2011_lat_ita_62_71,eurobasket_2011,2011,regression,Naive Margin (0.0 pts),-9.0,0.0
Fold_06,eurobasket_2011_lat_srb_77_92,eurobasket_2011,2011,regression,Naive Margin (0.0 pts),-15.0,0.0
Fold_06,eurobasket_2011_ltu_esp_79_91,eurobasket_2011,2011,regression,Naive Margin (0.0 pts),-12.0,0.0
Fold_06,eurobasket_2011_ltu_fra_67_73,eurobasket_2011,2011,regression,Naive Margin (0.0 pts),-6.0,0.0
Fold_06,eurobasket_2011_ltu_gbr_80_69,eurobasket_2011,2011,regression,Naive Margin (0.0 pts),11.0,0.0
Fold_06,eurobasket_2011_ltu_ger_84_75,eurobasket_2011,2011,regression,Naive Margin (0.0 pts),9.0,0.0
Fold_06,eurobasket_2011_ltu_gre_73_69,eurobasket_2011,2011,regression,Naive Margin (0.0 pts),4.0,0.0
Fold_06,eurobasket_2011_mkd_bih_75_63,eurobasket_2011,2011,regression,Naive Margin (0.0 pts),12.0,0.0
Fold_06,eurobasket_2011_mkd_cro_78_76,eurobasket_2011,2011,regression,Naive Margin (0.0 pts),2.0,0.0
Fold_06,eurobasket_2011_mkd_fin_72_70,eurobasket_2011,2011,regression,Naive Margin (0.0 pts),2.0,0.0
Fold_06,eurobasket_2011_mkd_ltu_67_65,eurobasket_2011,2011,regression,Naive Margin (0.0 pts),2.0,0.0
Fold_06,eurobasket_2011_mkd_rus_68_72,eurobasket_2011,2011,regression,Naive Margin (0.0 pts),-4.0,0.0
Fold_06,eurobasket_2011_mkd_slo_68_59,eurobasket_2011,2011,regression,Naive Margin (0.0 pts),9.0,0.0
Fold_06,eurobasket_2011_mne_gre_55_71,eurobasket_2011,2011,regression,Naive Margin (0.0 pts),-16.0,0.0
Fold_06,eurobasket_2011_mne_mkd_70_65,eurobasket_2011,2011,regression,Naive Margin (0.0 pts),5.0,0.0
Fold_06,eurobasket_2011_pol_ltu_77_97,eurobasket_2011,2011,regression,Naive Margin (0.0 pts),-20.0,0.0
Fold_06,eurobasket_2011_pol_tur_84_83,eurobasket_2011,2011,regression,Naive Margin (0.0 pts),1.0,0.0
Fold_06,eurobasket_2011_por_esp_73_87,eurobasket_2011,2011,regression,Naive Margin (0.0 pts),-14.0,0.0
Fold_06,eurobasket_2011_por_ltu_69_98,eurobasket_2011,2011,regression,Naive Margin (0.0 pts),-29.0,0.0
Fold_06,eurobasket_2011_por_pol_73_81,eurobasket_2011,2011,regression,Naive Margin (0.0 pts),-8.0,0.0
Fold_06,eurobasket_2011_rus_bel_79_58,eurobasket_2011,2011,regression,Naive Margin (0.0 pts),21.0,0.0
Fold_06,eurobasket_2011_rus_mkd_63_61,eurobasket_2011,2011,regression,Naive Margin (0.0 pts),2.0,0.0
Fold_06,eurobasket_2011_rus_srb_77_67,eurobasket_2011,2011,regression,Naive Margin (0.0 pts),10.0,0.0
Fold_06,eurobasket_2011_rus_ukr_73_64,eurobasket_2011,2011,regression,Naive Margin (0.0 pts),9.0,0.0
Fold_06,eurobasket_2011_slo_bul_67_59,eurobasket_2011,2011,regression,Naive Margin (0.0 pts),8.0,0.0
Fold_06,eurobasket_2011_slo_fin_67_60,eurobasket_2011,2011,regression,Naive Margin (0.0 pts),7.0,0.0
Fold_06,eurobasket_2011_slo_geo_87_75,eurobasket_2011,2011,regression,Naive Margin (0.0 pts),12.0,0.0
Fold_06,eurobasket_2011_slo_gre_60_69,eurobasket_2011,2011,regression,Naive Margin (0.0 pts),-9.0,0.0
Fold_06,eurobasket_2011_slo_ltu_77_80,eurobasket_2011,2011,regression,Naive Margin (0.0 pts),-3.0,0.0
Fold_06,eurobasket_2011_slo_rus_64_65,eurobasket_2011,2011,regression,Naive Margin (0.0 pts),-1.0,0.0
Fold_06,eurobasket_2011_slo_srb_72_68,eurobasket_2011,2011,regression,Naive Margin (0.0 pts),4.0,0.0
Fold_06,eurobasket_2011_srb_fra_96_97,eurobasket_2011,2011,regression,Naive Margin (0.0 pts),-1.0,0.0
Fold_06,eurobasket_2011_srb_isr_89_80,eurobasket_2011,2011,regression,Naive Margin (0.0 pts),9.0,0.0
Fold_06,eurobasket_2011_srb_ita_80_68,eurobasket_2011,2011,regression,Naive Margin (0.0 pts),12.0,0.0
Fold_06,eurobasket_2011_srb_ltu_90_100,eurobasket_2011,2011,regression,Naive Margin (0.0 pts),-10.0,0.0
Fold_06,eurobasket_2011_srb_tur_68_67,eurobasket_2011,2011,regression,Naive Margin (0.0 pts),1.0,0.0
Fold_06,eurobasket_2011_tur_fra_64_68,eurobasket_2011,2011,regression,Naive Margin (0.0 pts),-4.0,0.0
Fold_06,eurobasket_2011_tur_ltu_68_75,eurobasket_2011,2011,regression,Naive Margin (0.0 pts),-7.0,0.0
Fold_06,eurobasket_2011_tur_por_79_56,eurobasket_2011,2011,regression,Naive Margin (0.0 pts),23.0,0.0
Fold_06,eurobasket_2011_ukr_bel_74_61,eurobasket_2011,2011,regression,Naive Margin (0.0 pts),13.0,0.0
Fold_06,eurobasket_2011_ukr_bul_67_56,eurobasket_2011,2011,regression,Naive Margin (0.0 pts),11.0,0.0
Fold_06,eurobasket_2011_ukr_slo_64_68,eurobasket_2011,2011,regression,Naive Margin (0.0 pts),-4.0,0.0
Fold_06,eurobasket_2011_bel_geo_59_81,eurobasket_2011,2011,regression,Ridge Regressor,-22.0,0.571
Fold_06,eurobasket_2011_bel_slo_61_70,eurobasket_2011,2011,regression,Ridge Regressor,-9.0,-11.39
Fold_06,eurobasket_2011_bih_cro_92_80,eurobasket_2011,2011,regression,Ridge Regressor,12.0,-16.461
Fold_06,eurobasket_2011_bih_mne_94_86,eurobasket_2011,2011,regression,Ridge Regressor,8.0,-7.444
Fold_06,eurobasket_2011_bul_bel_68_65,eurobasket_2011,2011,regression,Ridge Regressor,3.0,-3.923
Fold_06,eurobasket_2011_bul_rus_77_89,eurobasket_2011,2011,regression,Ridge Regressor,-12.0,-15.18
Fold_06,eurobasket_2011_cro_fin_84_79,eurobasket_2011,2011,regression,Ridge Regressor,5.0,9.589
Fold_06,eurobasket_2011_cro_mne_87_81,eurobasket_2011,2011,regression,Ridge Regressor,6.0,9.589
Fold_06,eurobasket_2011_esp_fra_98_85,eurobasket_2011,2011,regression,Ridge Regressor,13.0,12.344
Fold_06,eurobasket_2011_esp_gbr_86_69,eurobasket_2011,2011,regression,Ridge Regressor,17.0,25.675
Fold_06,eurobasket_2011_esp_mkd_92_80,eurobasket_2011,2011,regression,Ridge Regressor,12.0,27.292
Fold_06,eurobasket_2011_esp_pol_83_78,eurobasket_2011,2011,regression,Ridge Regressor,5.0,21.222
Fold_06,eurobasket_2011_esp_slo_86_64,eurobasket_2011,2011,regression,Ridge Regressor,22.0,11.954
Fold_06,eurobasket_2011_esp_srb_84_59,eurobasket_2011,2011,regression,Ridge Regressor,25.0,10.403
Fold_06,eurobasket_2011_esp_tur_57_65,eurobasket_2011,2011,regression,Ridge Regressor,-8.0,9.684
Fold_06,eurobasket_2011_fin_bih_92_64,eurobasket_2011,2011,regression,Ridge Regressor,28.0,8.587
Fold_06,eurobasket_2011_fin_gre_61_81,eurobasket_2011,2011,regression,Ridge Regressor,-20.0,-13.258
Fold_06,eurobasket_2011_fin_mne_71_65,eurobasket_2011,2011,regression,Ridge Regressor,6.0,0.571
Fold_06,eurobasket_2011_fin_rus_60_79,eurobasket_2011,2011,regression,Ridge Regressor,-19.0,-10.685
Fold_06,eurobasket_2011_fra_esp_69_96,eurobasket_2011,2011,regression,Ridge Regressor,-27.0,-6.62
Fold_06,eurobasket_2011_fra_ger_76_65,eurobasket_2011,2011,regression,Ridge Regressor,11.0,3.768
Fold_06,eurobasket_2011_fra_gre_64_56,eurobasket_2011,2011,regression,Ridge Regressor,8.0,2.894
Fold_06,eurobasket_2011_fra_lat_89_78,eurobasket_2011,2011,regression,Ridge Regressor,11.0,13.101
Fold_06,eurobasket_2011_fra_rus_79_71,eurobasket_2011,2011,regression,Ridge Regressor,8.0,5.467
Fold_06,eurobasket_2011_gbr_pol_88_81,eurobasket_2011,2011,regression,Ridge Regressor,7.0,-3.881
Fold_06,eurobasket_2011_gbr_por_85_73,eurobasket_2011,2011,regression,Ridge Regressor,12.0,-2.235
Fold_06,eurobasket_2011_gbr_tur_61_90,eurobasket_2011,2011,regression,Ridge Regressor,-29.0,-15.419
Fold_06,eurobasket_2011_geo_bul_69_79,eurobasket_2011,2011,regression,Ridge Regressor,-10.0,5.066
Fold_06,eurobasket_2011_geo_fin_73_87,eurobasket_2011,2011,regression,Ridge Regressor,-14.0,0.571
Fold_06,eurobasket_2011_geo_mkd_63_65,eurobasket_2011,2011,regression,Ridge Regressor,-2.0,3.947
Fold_06,eurobasket_2011_geo_rus_58_65,eurobasket_2011,2011,regression,Ridge Regressor,-7.0,-10.685
Fold_06,eurobasket_2011_geo_ukr_69_53,eurobasket_2011,2011,regression,Ridge Regressor,16.0,13.488
Fold_06,eurobasket_2011_ger_esp_68_77,eurobasket_2011,2011,regression,Ridge Regressor,-9.0,-9.816
Fold_06,eurobasket_2011_ger_isr_91_64,eurobasket_2011,2011,regression,Ridge Regressor,27.0,9.442
Fold_06,eurobasket_2011_ger_srb_64_75,eurobasket_2011,2011,regression,Ridge Regressor,-11.0,0.015
Fold_06,eurobasket_2011_ger_tur_73_67,eurobasket_2011,2011,regression,Ridge Regressor,6.0,-0.704
Fold_06,eurobasket_2011_gre_bih_76_67,eurobasket_2011,2011,regression,Ridge Regressor,9.0,22.416
Fold_06,eurobasket_2011_gre_cro_74_69,eurobasket_2011,2011,regression,Ridge Regressor,5.0,5.383
Fold_06,eurobasket_2011_gre_geo_73_60,eurobasket_2011,2011,regression,Ridge Regressor,13.0,14.401
Fold_06,eurobasket_2011_gre_mkd_58_72,eurobasket_2011,2011,regression,Ridge Regressor,-14.0,17.778
Fold_06,eurobasket_2011_gre_rus_67_83,eurobasket_2011,2011,regression,Ridge Regressor,-16.0,3.144
Fold_06,eurobasket_2011_gre_srb_87_77,eurobasket_2011,2011,regression,Ridge Regressor,10.0,10.051
Fold_06,eurobasket_2011_isr_fra_68_85,eurobasket_2011,2011,regression,Ridge Regressor,-17.0,-11.496
Fold_06,eurobasket_2011_isr_ita_96_95,eurobasket_2011,2011,regression,Ridge Regressor,1.0,-5.199
Fold_06,eurobasket_2011_isr_lat_91_88,eurobasket_2011,2011,regression,Ridge Regressor,3.0,1.034
Fold_06,eurobasket_2011_ita_fra_84_91,eurobasket_2011,2011,regression,Ridge Regressor,-7.0,-5.725
Fold_06,eurobasket_2011_ita_ger_62_76,eurobasket_2011,2011,regression,Ridge Regressor,-14.0,-2.529
Fold_06,eurobasket_2011_lat_ger_80_81,eurobasket_2011,2011,regression,Ridge Regressor,-1.0,-8.762
Fold_06,eurobasket_2011_lat_ita_62_71,eurobasket_2011,2011,regression,Ridge Regressor,-9.0,-5.662
Fold_06,eurobasket_2011_lat_srb_77_92,eurobasket_2011,2011,regression,Ridge Regressor,-15.0,-9.317
Fold_06,eurobasket_2011_ltu_esp_79_91,eurobasket_2011,2011,regression,Ridge Regressor,-12.0,-4.182
Fold_06,eurobasket_2011_ltu_fra_67_73,eurobasket_2011,2011,regression,Ridge Regressor,-6.0,3.01
Fold_06,eurobasket_2011_ltu_gbr_80_69,eurobasket_2011,2011,regression,Ridge Regressor,11.0,20.921
Fold_06,eurobasket_2011_ltu_ger_84_75,eurobasket_2011,2011,regression,Ridge Regressor,9.0,6.206
Fold_06,eurobasket_2011_ltu_gre_73_69,eurobasket_2011,2011,regression,Ridge Regressor,4.0,5.333
Fold_06,eurobasket_2011_mkd_bih_75_63,eurobasket_2011,2011,regression,Ridge Regressor,12.0,5.21
Fold_06,eurobasket_2011_mkd_cro_78_76,eurobasket_2011,2011,regression,Ridge Regressor,2.0,-11.823
Fold_06,eurobasket_2011_mkd_fin_72_70,eurobasket_2011,2011,regression,Ridge Regressor,2.0,-2.804
Fold_06,eurobasket_2011_mkd_ltu_67_65,eurobasket_2011,2011,regression,Ridge Regressor,2.0,-12.233
Fold_06,eurobasket_2011_mkd_rus_68_72,eurobasket_2011,2011,regression,Ridge Regressor,-4.0,-9.481
Fold_06,eurobasket_2011_mkd_slo_68_59,eurobasket_2011,2011,regression,Ridge Regressor,9.0,-14.766
Fold_06,eurobasket_2011_mne_gre_55_71,eurobasket_2011,2011,regression,Ridge Regressor,-16.0,-13.258
Fold_06,eurobasket_2011_mne_mkd_70_65,eurobasket_2011,2011,regression,Ridge Regressor,5.0,3.947
Fold_06,eurobasket_2011_pol_ltu_77_97,eurobasket_2011,2011,regression,Ridge Regressor,-20.0,-15.326
Fold_06,eurobasket_2011_pol_tur_84_83,eurobasket_2011,2011,regression,Ridge Regressor,1.0,-10.966
Fold_06,eurobasket_2011_por_esp_73_87,eurobasket_2011,2011,regression,Ridge Regressor,-14.0,-21.724
Fold_06,eurobasket_2011_por_ltu_69_98,eurobasket_2011,2011,regression,Ridge Regressor,-29.0,-16.971
Fold_06,eurobasket_2011_por_pol_73_81,eurobasket_2011,2011,regression,Ridge Regressor,-8.0,-1.074
Fold_06,eurobasket_2011_rus_bel_79_58,eurobasket_2011,2011,regression,Ridge Regressor,21.0,11.828
Fold_06,eurobasket_2011_rus_mkd_63_61,eurobasket_2011,2011,regression,Ridge Regressor,2.0,15.205
Fold_06,eurobasket_2011_rus_srb_77_67,eurobasket_2011,2011,regression,Ridge Regressor,10.0,7.479
Fold_06,eurobasket_2011_rus_ukr_73_64,eurobasket_2011,2011,regression,Ridge Regressor,9.0,24.744
Fold_06,eurobasket_2011_slo_bul_67_59,eurobasket_2011,2011,regression,Ridge Regressor,8.0,17.027
Fold_06,eurobasket_2011_slo_fin_67_60,eurobasket_2011,2011,regression,Ridge Regressor,7.0,12.533
Fold_06,eurobasket_2011_slo_geo_87_75,eurobasket_2011,2011,regression,Ridge Regressor,12.0,12.533
Fold_06,eurobasket_2011_slo_gre_60_69,eurobasket_2011,2011,regression,Ridge Regressor,-9.0,-1.296
Fold_06,eurobasket_2011_slo_ltu_77_80,eurobasket_2011,2011,regression,Ridge Regressor,-3.0,3.104
Fold_06,eurobasket_2011_slo_rus_64_65,eurobasket_2011,2011,regression,Ridge Regressor,-1.0,1.275
Fold_06,eurobasket_2011_slo_srb_72_68,eurobasket_2011,2011,regression,Ridge Regressor,4.0,8.183
Fold_06,eurobasket_2011_srb_fra_96_97,eurobasket_2011,2011,regression,Ridge Regressor,-1.0,-2.069
Fold_06,eurobasket_2011_srb_isr_89_80,eurobasket_2011,2011,regression,Ridge Regressor,9.0,9.998
Fold_06,eurobasket_2011_srb_ita_80_68,eurobasket_2011,2011,regression,Ridge Regressor,12.0,4.228
Fold_06,eurobasket_2011_srb_ltu_90_100,eurobasket_2011,2011,regression,Ridge Regressor,-10.0,-4.507
Fold_06,eurobasket_2011_srb_tur_68_67,eurobasket_2011,2011,regression,Ridge Regressor,1.0,-0.148
Fold_06,eurobasket_2011_tur_fra_64_68,eurobasket_2011,2011,regression,Ridge Regressor,-4.0,-1.35
Fold_06,eurobasket_2011_tur_ltu_68_75,eurobasket_2011,2011,regression,Ridge Regressor,-7.0,-3.788
Fold_06,eurobasket_2011_tur_por_79_56,eurobasket_2011,2011,regression,Ridge Regressor,23.0,13.755
Fold_06,eurobasket_2011_ukr_bel_74_61,eurobasket_2011,2011,regression,Ridge Regressor,13.0,-12.345
Fold_06,eurobasket_2011_ukr_bul_67_56,eurobasket_2011,2011,regression,Ridge Regressor,11.0,-7.85
Fold_06,eurobasket_2011_ukr_slo_64_68,eurobasket_2011,2011,regression,Ridge Regressor,-4.0,-24.306
Fold_06,eurobasket_2011_bel_geo_59_81,eurobasket_2011,2011,regression,ElasticNet Regressor,-22.0,0.662
Fold_06,eurobasket_2011_bel_slo_61_70,eurobasket_2011,2011,regression,ElasticNet Regressor,-9.0,-11.104
Fold_06,eurobasket_2011_bih_cro_92_80,eurobasket_2011,2011,regression,ElasticNet Regressor,12.0,-16.875
Fold_06,eurobasket_2011_bih_mne_94_86,eurobasket_2011,2011,regression,ElasticNet Regressor,8.0,-8.064
Fold_06,eurobasket_2011_bul_bel_68_65,eurobasket_2011,2011,regression,ElasticNet Regressor,3.0,-4.506
Fold_06,eurobasket_2011_bul_rus_77_89,eurobasket_2011,2011,regression,ElasticNet Regressor,-12.0,-15.551
Fold_06,eurobasket_2011_cro_fin_84_79,eurobasket_2011,2011,regression,ElasticNet Regressor,5.0,9.473
Fold_06,eurobasket_2011_cro_mne_87_81,eurobasket_2011,2011,regression,ElasticNet Regressor,6.0,9.473
Fold_06,eurobasket_2011_esp_fra_98_85,eurobasket_2011,2011,regression,ElasticNet Regressor,13.0,11.05
Fold_06,eurobasket_2011_esp_gbr_86_69,eurobasket_2011,2011,regression,ElasticNet Regressor,17.0,26.459
Fold_06,eurobasket_2011_esp_mkd_92_80,eurobasket_2011,2011,regression,ElasticNet Regressor,12.0,26.599
Fold_06,eurobasket_2011_esp_pol_83_78,eurobasket_2011,2011,regression,ElasticNet Regressor,5.0,21.935
Fold_06,eurobasket_2011_esp_slo_86_64,eurobasket_2011,2011,regression,ElasticNet Regressor,22.0,10.699
Fold_06,eurobasket_2011_esp_srb_84_59,eurobasket_2011,2011,regression,ElasticNet Regressor,25.0,10.902
Fold_06,eurobasket_2011_esp_tur_57_65,eurobasket_2011,2011,regression,ElasticNet Regressor,-8.0,9.859
Fold_06,eurobasket_2011_fin_bih_92_64,eurobasket_2011,2011,regression,ElasticNet Regressor,28.0,9.389
Fold_06,eurobasket_2011_fin_gre_61_81,eurobasket_2011,2011,regression,ElasticNet Regressor,-20.0,-13.1
Fold_06,eurobasket_2011_fin_mne_71_65,eurobasket_2011,2011,regression,ElasticNet Regressor,6.0,0.662
Fold_06,eurobasket_2011_fin_rus_60_79,eurobasket_2011,2011,regression,ElasticNet Regressor,-19.0,-10.382
Fold_06,eurobasket_2011_fra_esp_69_96,eurobasket_2011,2011,regression,ElasticNet Regressor,-27.0,-6.566
Fold_06,eurobasket_2011_fra_ger_76_65,eurobasket_2011,2011,regression,ElasticNet Regressor,11.0,3.844
Fold_06,eurobasket_2011_fra_gre_64_56,eurobasket_2011,2011,regression,ElasticNet Regressor,8.0,1.475
Fold_06,eurobasket_2011_fra_lat_89_78,eurobasket_2011,2011,regression,ElasticNet Regressor,11.0,13.691
Fold_06,eurobasket_2011_fra_rus_79_71,eurobasket_2011,2011,regression,ElasticNet Regressor,8.0,4.193
Fold_06,eurobasket_2011_gbr_pol_88_81,eurobasket_2011,2011,regression,ElasticNet Regressor,7.0,-3.861
Fold_06,eurobasket_2011_gbr_por_85_73,eurobasket_2011,2011,regression,ElasticNet Regressor,12.0,-2.205
Fold_06,eurobasket_2011_gbr_tur_61_90,eurobasket_2011,2011,regression,ElasticNet Regressor,-29.0,-15.938
Fold_06,eurobasket_2011_geo_bul_69_79,eurobasket_2011,2011,regression,ElasticNet Regressor,-10.0,5.831
Fold_06,eurobasket_2011_geo_fin_73_87,eurobasket_2011,2011,regression,ElasticNet Regressor,-14.0,0.662
Fold_06,eurobasket_2011_geo_mkd_63_65,eurobasket_2011,2011,regression,ElasticNet Regressor,-2.0,4.796
Fold_06,eurobasket_2011_geo_rus_58_65,eurobasket_2011,2011,regression,ElasticNet Regressor,-7.0,-10.382
Fold_06,eurobasket_2011_geo_ukr_69_53,eurobasket_2011,2011,regression,ElasticNet Regressor,16.0,14.211
Fold_06,eurobasket_2011_ger_esp_68_77,eurobasket_2011,2011,regression,ElasticNet Regressor,-9.0,-9.747
Fold_06,eurobasket_2011_ger_isr_91_64,eurobasket_2011,2011,regression,ElasticNet Regressor,27.0,10.036
Fold_06,eurobasket_2011_ger_srb_64_75,eurobasket_2011,2011,regression,ElasticNet Regressor,-11.0,0.493
Fold_06,eurobasket_2011_ger_tur_73_67,eurobasket_2011,2011,regression,ElasticNet Regressor,6.0,-0.551
Fold_06,eurobasket_2011_gre_bih_76_67,eurobasket_2011,2011,regression,ElasticNet Regressor,9.0,23.151
Fold_06,eurobasket_2011_gre_cro_74_69,eurobasket_2011,2011,regression,ElasticNet Regressor,5.0,5.613
Fold_06,eurobasket_2011_gre_geo_73_60,eurobasket_2011,2011,regression,ElasticNet Regressor,13.0,14.424
Fold_06,eurobasket_2011_gre_mkd_58_72,eurobasket_2011,2011,regression,ElasticNet Regressor,-14.0,18.558
Fold_06,eurobasket_2011_gre_rus_67_83,eurobasket_2011,2011,regression,ElasticNet Regressor,-16.0,3.38
Fold_06,eurobasket_2011_gre_srb_87_77,eurobasket_2011,2011,regression,ElasticNet Regressor,10.0,9.181
Fold_06,eurobasket_2011_isr_fra_68_85,eurobasket_2011,2011,regression,ElasticNet Regressor,-17.0,-11.893
Fold_06,eurobasket_2011_isr_ita_96_95,eurobasket_2011,2011,regression,ElasticNet Regressor,1.0,-5.164
Fold_06,eurobasket_2011_isr_lat_91_88,eurobasket_2011,2011,regression,ElasticNet Regressor,3.0,1.135
Fold_06,eurobasket_2011_ita_fra_84_91,eurobasket_2011,2011,regression,ElasticNet Regressor,-7.0,-6.066
Fold_06,eurobasket_2011_ita_ger_62_76,eurobasket_2011,2011,regression,ElasticNet Regressor,-14.0,-2.885
Fold_06,eurobasket_2011_lat_ger_80_81,eurobasket_2011,2011,regression,ElasticNet Regressor,-1.0,-9.185
Fold_06,eurobasket_2011_lat_ita_62_71,eurobasket_2011,2011,regression,ElasticNet Regressor,-9.0,-5.638
Fold_06,eurobasket_2011_lat_srb_77_92,eurobasket_2011,2011,regression,ElasticNet Regressor,-15.0,-9.354
Fold_06,eurobasket_2011_ltu_esp_79_91,eurobasket_2011,2011,regression,ElasticNet Regressor,-12.0,-4.048
Fold_06,eurobasket_2011_ltu_fra_67_73,eurobasket_2011,2011,regression,ElasticNet Regressor,-6.0,3.18
Fold_06,eurobasket_2011_ltu_gbr_80_69,eurobasket_2011,2011,regression,ElasticNet Regressor,11.0,21.748
Fold_06,eurobasket_2011_ltu_ger_84_75,eurobasket_2011,2011,regression,ElasticNet Regressor,9.0,6.362
Fold_06,eurobasket_2011_ltu_gre_73_69,eurobasket_2011,2011,regression,ElasticNet Regressor,4.0,3.993
Fold_06,eurobasket_2011_mkd_bih_75_63,eurobasket_2011,2011,regression,ElasticNet Regressor,12.0,5.255
Fold_06,eurobasket_2011_mkd_cro_78_76,eurobasket_2011,2011,regression,ElasticNet Regressor,2.0,-12.283
Fold_06,eurobasket_2011_mkd_fin_72_70,eurobasket_2011,2011,regression,ElasticNet Regressor,2.0,-3.471
Fold_06,eurobasket_2011_mkd_ltu_67_65,eurobasket_2011,2011,regression,ElasticNet Regressor,2.0,-14.245
Fold_06,eurobasket_2011_mkd_rus_68_72,eurobasket_2011,2011,regression,ElasticNet Regressor,-4.0,-11.357
Fold_06,eurobasket_2011_mkd_slo_68_59,eurobasket_2011,2011,regression,ElasticNet Regressor,9.0,-15.237
Fold_06,eurobasket_2011_mne_gre_55_71,eurobasket_2011,2011,regression,ElasticNet Regressor,-16.0,-13.1
Fold_06,eurobasket_2011_mne_mkd_70_65,eurobasket_2011,2011,regression,ElasticNet Regressor,5.0,4.796
Fold_06,eurobasket_2011_pol_ltu_77_97,eurobasket_2011,2011,regression,ElasticNet Regressor,-20.0,-15.9
Fold_06,eurobasket_2011_pol_tur_84_83,eurobasket_2011,2011,regression,ElasticNet Regressor,1.0,-11.414
Fold_06,eurobasket_2011_por_esp_73_87,eurobasket_2011,2011,regression,ElasticNet Regressor,-14.0,-22.266
Fold_06,eurobasket_2011_por_ltu_69_98,eurobasket_2011,2011,regression,ElasticNet Regressor,-29.0,-17.556
Fold_06,eurobasket_2011_por_pol_73_81,eurobasket_2011,2011,regression,ElasticNet Regressor,-8.0,-0.994
Fold_06,eurobasket_2011_rus_bel_79_58,eurobasket_2011,2011,regression,ElasticNet Regressor,21.0,11.707
Fold_06,eurobasket_2011_rus_mkd_63_61,eurobasket_2011,2011,regression,ElasticNet Regressor,2.0,15.841
Fold_06,eurobasket_2011_rus_srb_77_67,eurobasket_2011,2011,regression,ElasticNet Regressor,10.0,6.464
Fold_06,eurobasket_2011_rus_ukr_73_64,eurobasket_2011,2011,regression,ElasticNet Regressor,9.0,25.255
Fold_06,eurobasket_2011_slo_bul_67_59,eurobasket_2011,2011,regression,ElasticNet Regressor,8.0,17.597
Fold_06,eurobasket_2011_slo_fin_67_60,eurobasket_2011,2011,regression,ElasticNet Regressor,7.0,12.429
Fold_06,eurobasket_2011_slo_geo_87_75,eurobasket_2011,2011,regression,ElasticNet Regressor,12.0,12.429
Fold_06,eurobasket_2011_slo_gre_60_69,eurobasket_2011,2011,regression,ElasticNet Regressor,-9.0,-1.333
Fold_06,eurobasket_2011_slo_ltu_77_80,eurobasket_2011,2011,regression,ElasticNet Regressor,-3.0,1.655
Fold_06,eurobasket_2011_slo_rus_64_65,eurobasket_2011,2011,regression,ElasticNet Regressor,-1.0,1.383
Fold_06,eurobasket_2011_slo_srb_72_68,eurobasket_2011,2011,regression,ElasticNet Regressor,4.0,7.185
Fold_06,eurobasket_2011_srb_fra_96_97,eurobasket_2011,2011,regression,ElasticNet Regressor,-1.0,-2.35
Fold_06,eurobasket_2011_srb_isr_89_80,eurobasket_2011,2011,regression,ElasticNet Regressor,9.0,10.205
Fold_06,eurobasket_2011_srb_ita_80_68,eurobasket_2011,2011,regression,ElasticNet Regressor,12.0,4.379
Fold_06,eurobasket_2011_srb_ltu_90_100,eurobasket_2011,2011,regression,ElasticNet Regressor,-10.0,-4.868
Fold_06,eurobasket_2011_srb_tur_68_67,eurobasket_2011,2011,regression,ElasticNet Regressor,1.0,-0.382
Fold_06,eurobasket_2011_tur_fra_64_68,eurobasket_2011,2011,regression,ElasticNet Regressor,-4.0,-1.306
Fold_06,eurobasket_2011_tur_ltu_68_75,eurobasket_2011,2011,regression,ElasticNet Regressor,-7.0,-3.823
Fold_06,eurobasket_2011_tur_por_79_56,eurobasket_2011,2011,regression,ElasticNet Regressor,23.0,14.395
Fold_06,eurobasket_2011_ukr_bel_74_61,eurobasket_2011,2011,regression,ElasticNet Regressor,13.0,-12.886
Fold_06,eurobasket_2011_ukr_bul_67_56,eurobasket_2011,2011,regression,ElasticNet Regressor,11.0,-7.717
Fold_06,eurobasket_2011_ukr_slo_64_68,eurobasket_2011,2011,regression,ElasticNet Regressor,-4.0,-24.652
Fold_06,eurobasket_2011_bel_geo_59_81,eurobasket_2011,2011,regression,LightGBM Regressor,-22.0,1.148
Fold_06,eurobasket_2011_bel_slo_61_70,eurobasket_2011,2011,regression,LightGBM Regressor,-9.0,-20.591
Fold_06,eurobasket_2011_bih_cro_92_80,eurobasket_2011,2011,regression,LightGBM Regressor,12.0,-4.919
Fold_06,eurobasket_2011_bih_mne_94_86,eurobasket_2011,2011,regression,LightGBM Regressor,8.0,3.487
Fold_06,eurobasket_2011_bul_bel_68_65,eurobasket_2011,2011,regression,LightGBM Regressor,3.0,4.369
Fold_06,eurobasket_2011_bul_rus_77_89,eurobasket_2011,2011,regression,LightGBM Regressor,-12.0,-8.935
Fold_06,eurobasket_2011_cro_fin_84_79,eurobasket_2011,2011,regression,LightGBM Regressor,5.0,11.365
Fold_06,eurobasket_2011_cro_mne_87_81,eurobasket_2011,2011,regression,LightGBM Regressor,6.0,11.365
Fold_06,eurobasket_2011_esp_fra_98_85,eurobasket_2011,2011,regression,LightGBM Regressor,13.0,8.789
Fold_06,eurobasket_2011_esp_gbr_86_69,eurobasket_2011,2011,regression,LightGBM Regressor,17.0,20.932
Fold_06,eurobasket_2011_esp_mkd_92_80,eurobasket_2011,2011,regression,LightGBM Regressor,12.0,22.756
Fold_06,eurobasket_2011_esp_pol_83_78,eurobasket_2011,2011,regression,LightGBM Regressor,5.0,12.606
Fold_06,eurobasket_2011_esp_slo_86_64,eurobasket_2011,2011,regression,LightGBM Regressor,22.0,9.279
Fold_06,eurobasket_2011_esp_srb_84_59,eurobasket_2011,2011,regression,LightGBM Regressor,25.0,9.635
Fold_06,eurobasket_2011_esp_tur_57_65,eurobasket_2011,2011,regression,LightGBM Regressor,-8.0,7.83
Fold_06,eurobasket_2011_fin_bih_92_64,eurobasket_2011,2011,regression,LightGBM Regressor,28.0,-3.361
Fold_06,eurobasket_2011_fin_gre_61_81,eurobasket_2011,2011,regression,LightGBM Regressor,-20.0,-23.632
Fold_06,eurobasket_2011_fin_mne_71_65,eurobasket_2011,2011,regression,LightGBM Regressor,6.0,1.148
Fold_06,eurobasket_2011_fin_rus_60_79,eurobasket_2011,2011,regression,LightGBM Regressor,-19.0,-19.448
Fold_06,eurobasket_2011_fra_esp_69_96,eurobasket_2011,2011,regression,LightGBM Regressor,-27.0,-3.74
Fold_06,eurobasket_2011_fra_ger_76_65,eurobasket_2011,2011,regression,LightGBM Regressor,11.0,4.135
Fold_06,eurobasket_2011_fra_gre_64_56,eurobasket_2011,2011,regression,LightGBM Regressor,8.0,2.222
Fold_06,eurobasket_2011_fra_lat_89_78,eurobasket_2011,2011,regression,LightGBM Regressor,11.0,8.504
Fold_06,eurobasket_2011_fra_rus_79_71,eurobasket_2011,2011,regression,LightGBM Regressor,8.0,1.603
Fold_06,eurobasket_2011_gbr_pol_88_81,eurobasket_2011,2011,regression,LightGBM Regressor,7.0,2.066
Fold_06,eurobasket_2011_gbr_por_85_73,eurobasket_2011,2011,regression,LightGBM Regressor,12.0,1.003
Fold_06,eurobasket_2011_gbr_tur_61_90,eurobasket_2011,2011,regression,LightGBM Regressor,-29.0,-3.399
Fold_06,eurobasket_2011_geo_bul_69_79,eurobasket_2011,2011,regression,LightGBM Regressor,-10.0,-13.883
Fold_06,eurobasket_2011_geo_fin_73_87,eurobasket_2011,2011,regression,LightGBM Regressor,-14.0,1.148
Fold_06,eurobasket_2011_geo_mkd_63_65,eurobasket_2011,2011,regression,LightGBM Regressor,-2.0,-6.947
Fold_06,eurobasket_2011_geo_rus_58_65,eurobasket_2011,2011,regression,LightGBM Regressor,-7.0,-19.448
Fold_06,eurobasket_2011_geo_ukr_69_53,eurobasket_2011,2011,regression,LightGBM Regressor,16.0,-3.114
Fold_06,eurobasket_2011_ger_esp_68_77,eurobasket_2011,2011,regression,LightGBM Regressor,-9.0,-4.64
Fold_06,eurobasket_2011_ger_isr_91_64,eurobasket_2011,2011,regression,LightGBM Regressor,27.0,3.16
Fold_06,eurobasket_2011_ger_srb_64_75,eurobasket_2011,2011,regression,LightGBM Regressor,-11.0,0.45
Fold_06,eurobasket_2011_ger_tur_73_67,eurobasket_2011,2011,regression,LightGBM Regressor,6.0,-3.925
Fold_06,eurobasket_2011_gre_bih_76_67,eurobasket_2011,2011,regression,LightGBM Regressor,9.0,20.98
Fold_06,eurobasket_2011_gre_cro_74_69,eurobasket_2011,2011,regression,LightGBM Regressor,5.0,6.404
Fold_06,eurobasket_2011_gre_geo_73_60,eurobasket_2011,2011,regression,LightGBM Regressor,13.0,9.237
Fold_06,eurobasket_2011_gre_mkd_58_72,eurobasket_2011,2011,regression,LightGBM Regressor,-14.0,8.353
Fold_06,eurobasket_2011_gre_rus_67_83,eurobasket_2011,2011,regression,LightGBM Regressor,-16.0,0.232
Fold_06,eurobasket_2011_gre_srb_87_77,eurobasket_2011,2011,regression,LightGBM Regressor,10.0,4.575
Fold_06,eurobasket_2011_isr_fra_68_85,eurobasket_2011,2011,regression,LightGBM Regressor,-17.0,-7.221
Fold_06,eurobasket_2011_isr_ita_96_95,eurobasket_2011,2011,regression,LightGBM Regressor,1.0,-4.699
Fold_06,eurobasket_2011_isr_lat_91_88,eurobasket_2011,2011,regression,LightGBM Regressor,3.0,2.101
Fold_06,eurobasket_2011_ita_fra_84_91,eurobasket_2011,2011,regression,LightGBM Regressor,-7.0,-4.865
Fold_06,eurobasket_2011_ita_ger_62_76,eurobasket_2011,2011,regression,LightGBM Regressor,-14.0,5.993
Fold_06,eurobasket_2011_lat_ger_80_81,eurobasket_2011,2011,regression,LightGBM Regressor,-1.0,-1.861
Fold_06,eurobasket_2011_lat_ita_62_71,eurobasket_2011,2011,regression,LightGBM Regressor,-9.0,-0.158
Fold_06,eurobasket_2011_lat_srb_77_92,eurobasket_2011,2011,regression,LightGBM Regressor,-15.0,-3.274
Fold_06,eurobasket_2011_ltu_esp_79_91,eurobasket_2011,2011,regression,LightGBM Regressor,-12.0,-4.154
Fold_06,eurobasket_2011_ltu_fra_67_73,eurobasket_2011,2011,regression,LightGBM Regressor,-6.0,5.339
Fold_06,eurobasket_2011_ltu_gbr_80_69,eurobasket_2011,2011,regression,LightGBM Regressor,11.0,13.335
Fold_06,eurobasket_2011_ltu_ger_84_75,eurobasket_2011,2011,regression,LightGBM Regressor,9.0,9.111
Fold_06,eurobasket_2011_ltu_gre_73_69,eurobasket_2011,2011,regression,LightGBM Regressor,4.0,2.774
Fold_06,eurobasket_2011_mkd_bih_75_63,eurobasket_2011,2011,regression,LightGBM Regressor,12.0,9.357
Fold_06,eurobasket_2011_mkd_cro_78_76,eurobasket_2011,2011,regression,LightGBM Regressor,2.0,-0.677
Fold_06,eurobasket_2011_mkd_fin_72_70,eurobasket_2011,2011,regression,LightGBM Regressor,2.0,5.726
Fold_06,eurobasket_2011_mkd_ltu_67_65,eurobasket_2011,2011,regression,LightGBM Regressor,2.0,-2.039
Fold_06,eurobasket_2011_mkd_rus_68_72,eurobasket_2011,2011,regression,LightGBM Regressor,-4.0,-2.384
Fold_06,eurobasket_2011_mkd_slo_68_59,eurobasket_2011,2011,regression,LightGBM Regressor,9.0,-4.5
Fold_06,eurobasket_2011_mne_gre_55_71,eurobasket_2011,2011,regression,LightGBM Regressor,-16.0,-23.632
Fold_06,eurobasket_2011_mne_mkd_70_65,eurobasket_2011,2011,regression,LightGBM Regressor,5.0,-6.947
Fold_06,eurobasket_2011_pol_ltu_77_97,eurobasket_2011,2011,regression,LightGBM Regressor,-20.0,-5.72
Fold_06,eurobasket_2011_pol_tur_84_83,eurobasket_2011,2011,regression,LightGBM Regressor,1.0,-0.616
Fold_06,eurobasket_2011_por_esp_73_87,eurobasket_2011,2011,regression,LightGBM Regressor,-14.0,-7.79
Fold_06,eurobasket_2011_por_ltu_69_98,eurobasket_2011,2011,regression,LightGBM Regressor,-29.0,-8.482
Fold_06,eurobasket_2011_por_pol_73_81,eurobasket_2011,2011,regression,LightGBM Regressor,-8.0,-0.87
Fold_06,eurobasket_2011_rus_bel_79_58,eurobasket_2011,2011,regression,LightGBM Regressor,21.0,9.123
Fold_06,eurobasket_2011_rus_mkd_63_61,eurobasket_2011,2011,regression,LightGBM Regressor,2.0,10.553
Fold_06,eurobasket_2011_rus_srb_77_67,eurobasket_2011,2011,regression,LightGBM Regressor,10.0,7.462
Fold_06,eurobasket_2011_rus_ukr_73_64,eurobasket_2011,2011,regression,LightGBM Regressor,9.0,21.348
Fold_06,eurobasket_2011_slo_bul_67_59,eurobasket_2011,2011,regression,LightGBM Regressor,8.0,13.391
Fold_06,eurobasket_2011_slo_fin_67_60,eurobasket_2011,2011,regression,LightGBM Regressor,7.0,8.896
Fold_06,eurobasket_2011_slo_geo_87_75,eurobasket_2011,2011,regression,LightGBM Regressor,12.0,8.896
Fold_06,eurobasket_2011_slo_gre_60_69,eurobasket_2011,2011,regression,LightGBM Regressor,-9.0,0.339
Fold_06,eurobasket_2011_slo_ltu_77_80,eurobasket_2011,2011,regression,LightGBM Regressor,-3.0,2.222
Fold_06,eurobasket_2011_slo_rus_64_65,eurobasket_2011,2011,regression,LightGBM Regressor,-1.0,-0.845
Fold_06,eurobasket_2011_slo_srb_72_68,eurobasket_2011,2011,regression,LightGBM Regressor,4.0,7.462
Fold_06,eurobasket_2011_srb_fra_96_97,eurobasket_2011,2011,regression,LightGBM Regressor,-1.0,-0.211
Fold_06,eurobasket_2011_srb_isr_89_80,eurobasket_2011,2011,regression,LightGBM Regressor,9.0,9.517
Fold_06,eurobasket_2011_srb_ita_80_68,eurobasket_2011,2011,regression,LightGBM Regressor,12.0,6.945
Fold_06,eurobasket_2011_srb_ltu_90_100,eurobasket_2011,2011,regression,LightGBM Regressor,-10.0,-4.208
Fold_06,eurobasket_2011_srb_tur_68_67,eurobasket_2011,2011,regression,LightGBM Regressor,1.0,6.65
Fold_06,eurobasket_2011_tur_fra_64_68,eurobasket_2011,2011,regression,LightGBM Regressor,-4.0,-4.72
Fold_06,eurobasket_2011_tur_ltu_68_75,eurobasket_2011,2011,regression,LightGBM Regressor,-7.0,-5.912
Fold_06,eurobasket_2011_tur_por_79_56,eurobasket_2011,2011,regression,LightGBM Regressor,23.0,4.287
Fold_06,eurobasket_2011_ukr_bel_74_61,eurobasket_2011,2011,regression,LightGBM Regressor,13.0,0.29
Fold_06,eurobasket_2011_ukr_bul_67_56,eurobasket_2011,2011,regression,LightGBM Regressor,11.0,-8.899
Fold_06,eurobasket_2011_ukr_slo_64_68,eurobasket_2011,2011,regression,LightGBM Regressor,-4.0,-16.663
Fold_07,olympics_2012_arg_ltu_102_79,olympics_2012,2012,classification,Naive Baseline (50%),1.0,0.5
Fold_07,olympics_2012_arg_rus_77_81,olympics_2012,2012,classification,Naive Baseline (50%),0.0,0.5
Fold_07,olympics_2012_arg_tun_92_69,olympics_2012,2012,classification,Naive Baseline (50%),1.0,0.5
Fold_07,olympics_2012_arg_usa_83_109,olympics_2012,2012,classification,Naive Baseline (50%),0.0,0.5
Fold_07,olympics_2012_arg_usa_97_126,olympics_2012,2012,classification,Naive Baseline (50%),0.0,0.5
Fold_07,olympics_2012_aus_chn_81_61,olympics_2012,2012,classification,Naive Baseline (50%),1.0,0.5
Fold_07,olympics_2012_aus_esp_70_82,olympics_2012,2012,classification,Naive Baseline (50%),0.0,0.5
Fold_07,olympics_2012_aus_rus_82_80,olympics_2012,2012,classification,Naive Baseline (50%),1.0,0.5
Fold_07,olympics_2012_bra_arg_77_82,olympics_2012,2012,classification,Naive Baseline (50%),0.0,0.5
Fold_07,olympics_2012_bra_aus_75_71,olympics_2012,2012,classification,Naive Baseline (50%),1.0,0.5
Fold_07,olympics_2012_bra_rus_74_75,olympics_2012,2012,classification,Naive Baseline (50%),0.0,0.5
Fold_07,olympics_2012_chn_bra_59_98,olympics_2012,2012,classification,Naive Baseline (50%),0.0,0.5
Fold_07,olympics_2012_chn_rus_54_73,olympics_2012,2012,classification,Naive Baseline (50%),0.0,0.5
Fold_07,olympics_2012_esp_bra_82_88,olympics_2012,2012,classification,Naive Baseline (50%),0.0,0.5
Fold_07,olympics_2012_esp_chn_97_81,olympics_2012,2012,classification,Naive Baseline (50%),1.0,0.5
Fold_07,olympics_2012_esp_gbr_79_78,olympics_2012,2012,classification,Naive Baseline (50%),1.0,0.5
Fold_07,olympics_2012_esp_rus_67_59,olympics_2012,2012,classification,Naive Baseline (50%),1.0,0.5
Fold_07,olympics_2012_fra_arg_71_64,olympics_2012,2012,classification,Naive Baseline (50%),1.0,0.5
Fold_07,olympics_2012_fra_esp_59_66,olympics_2012,2012,classification,Naive Baseline (50%),0.0,0.5
Fold_07,olympics_2012_fra_ltu_82_74,olympics_2012,2012,classification,Naive Baseline (50%),1.0,0.5
Fold_07,olympics_2012_fra_ngr_79_73,olympics_2012,2012,classification,Naive Baseline (50%),1.0,0.5
Fold_07,olympics_2012_gbr_aus_75_106,olympics_2012,2012,classification,Naive Baseline (50%),0.0,0.5
Fold_07,olympics_2012_gbr_bra_62_67,olympics_2012,2012,classification,Naive Baseline (50%),0.0,0.5
Fold_07,olympics_2012_gbr_chn_90_58,olympics_2012,2012,classification,Naive Baseline (50%),1.0,0.5
Fold_07,olympics_2012_ltu_ngr_72_53,olympics_2012,2012,classification,Naive Baseline (50%),1.0,0.5
Fold_07,olympics_2012_ltu_usa_94_99,olympics_2012,2012,classification,Naive Baseline (50%),0.0,0.5
Fold_07,olympics_2012_ngr_arg_79_93,olympics_2012,2012,classification,Naive Baseline (50%),0.0,0.5
Fold_07,olympics_2012_ngr_tun_60_56,olympics_2012,2012,classification,Naive Baseline (50%),1.0,0.5
Fold_07,olympics_2012_rus_esp_77_74,olympics_2012,2012,classification,Naive Baseline (50%),1.0,0.5
Fold_07,olympics_2012_rus_gbr_95_75,olympics_2012,2012,classification,Naive Baseline (50%),1.0,0.5
Fold_07,olympics_2012_rus_ltu_83_74,olympics_2012,2012,classification,Naive Baseline (50%),1.0,0.5
Fold_07,olympics_2012_tun_fra_69_73,olympics_2012,2012,classification,Naive Baseline (50%),0.0,0.5
Fold_07,olympics_2012_tun_ltu_63_76,olympics_2012,2012,classification,Naive Baseline (50%),0.0,0.5
Fold_07,olympics_2012_tun_usa_63_110,olympics_2012,2012,classification,Naive Baseline (50%),0.0,0.5
Fold_07,olympics_2012_usa_aus_119_86,olympics_2012,2012,classification,Naive Baseline (50%),1.0,0.5
Fold_07,olympics_2012_usa_esp_107_100,olympics_2012,2012,classification,Naive Baseline (50%),1.0,0.5
Fold_07,olympics_2012_usa_fra_98_71,olympics_2012,2012,classification,Naive Baseline (50%),1.0,0.5
Fold_07,olympics_2012_usa_ngr_156_73,olympics_2012,2012,classification,Naive Baseline (50%),1.0,0.5
Fold_07,olympics_2012_arg_ltu_102_79,olympics_2012,2012,classification,Logistic Regression L2,1.0,0.3395
Fold_07,olympics_2012_arg_rus_77_81,olympics_2012,2012,classification,Logistic Regression L2,0.0,0.4257
Fold_07,olympics_2012_arg_tun_92_69,olympics_2012,2012,classification,Logistic Regression L2,1.0,0.9361
Fold_07,olympics_2012_arg_usa_83_109,olympics_2012,2012,classification,Logistic Regression L2,0.0,0.4485
Fold_07,olympics_2012_arg_usa_97_126,olympics_2012,2012,classification,Logistic Regression L2,0.0,0.4485
Fold_07,olympics_2012_aus_chn_81_61,olympics_2012,2012,classification,Logistic Regression L2,1.0,0.7144
Fold_07,olympics_2012_aus_esp_70_82,olympics_2012,2012,classification,Logistic Regression L2,0.0,0.1447
Fold_07,olympics_2012_aus_rus_82_80,olympics_2012,2012,classification,Logistic Regression L2,1.0,0.2733
Fold_07,olympics_2012_bra_arg_77_82,olympics_2012,2012,classification,Logistic Regression L2,0.0,0.3817
Fold_07,olympics_2012_bra_aus_75_71,olympics_2012,2012,classification,Logistic Regression L2,1.0,0.5489
Fold_07,olympics_2012_bra_rus_74_75,olympics_2012,2012,classification,Logistic Regression L2,0.0,0.245
Fold_07,olympics_2012_chn_bra_59_98,olympics_2012,2012,classification,Logistic Regression L2,0.0,0.4795
Fold_07,olympics_2012_chn_rus_54_73,olympics_2012,2012,classification,Logistic Regression L2,0.0,0.1749
Fold_07,olympics_2012_esp_bra_82_88,olympics_2012,2012,classification,Logistic Regression L2,0.0,0.9316
Fold_07,olympics_2012_esp_chn_97_81,olympics_2012,2012,classification,Logistic Regression L2,1.0,0.9542
Fold_07,olympics_2012_esp_gbr_79_78,olympics_2012,2012,classification,Logistic Regression L2,1.0,0.968
Fold_07,olympics_2012_esp_rus_67_59,olympics_2012,2012,classification,Logistic Regression L2,1.0,0.7581
Fold_07,olympics_2012_fra_arg_71_64,olympics_2012,2012,classification,Logistic Regression L2,1.0,0.7313
Fold_07,olympics_2012_fra_esp_59_66,olympics_2012,2012,classification,Logistic Regression L2,0.0,0.3916
Fold_07,olympics_2012_fra_ltu_82_74,olympics_2012,2012,classification,Logistic Regression L2,1.0,0.498
Fold_07,olympics_2012_fra_ngr_79_73,olympics_2012,2012,classification,Logistic Regression L2,1.0,0.9188
Fold_07,olympics_2012_gbr_aus_75_106,olympics_2012,2012,classification,Logistic Regression L2,0.0,0.3537
Fold_07,olympics_2012_gbr_bra_62_67,olympics_2012,2012,classification,Logistic Regression L2,0.0,0.3881
Fold_07,olympics_2012_gbr_chn_90_58,olympics_2012,2012,classification,Logistic Regression L2,1.0,0.4926
Fold_07,olympics_2012_ltu_ngr_72_53,olympics_2012,2012,classification,Logistic Regression L2,1.0,0.9415
Fold_07,olympics_2012_ltu_usa_94_99,olympics_2012,2012,classification,Logistic Regression L2,0.0,0.6906
Fold_07,olympics_2012_ngr_arg_79_93,olympics_2012,2012,classification,Logistic Regression L2,0.0,0.2534
Fold_07,olympics_2012_ngr_tun_60_56,olympics_2012,2012,classification,Logistic Regression L2,1.0,0.779
Fold_07,olympics_2012_rus_esp_77_74,olympics_2012,2012,classification,Logistic Regression L2,1.0,0.3882
Fold_07,olympics_2012_rus_gbr_95_75,olympics_2012,2012,classification,Logistic Regression L2,1.0,0.9317
Fold_07,olympics_2012_rus_ltu_83_74,olympics_2012,2012,classification,Logistic Regression L2,1.0,0.4944
Fold_07,olympics_2012_tun_fra_69_73,olympics_2012,2012,classification,Logistic Regression L2,0.0,0.0657
Fold_07,olympics_2012_tun_ltu_63_76,olympics_2012,2012,classification,Logistic Regression L2,0.0,0.0471
Fold_07,olympics_2012_tun_usa_63_110,olympics_2012,2012,classification,Logistic Regression L2,0.0,0.0726
Fold_07,olympics_2012_usa_aus_119_86,olympics_2012,2012,classification,Logistic Regression L2,1.0,0.8282
Fold_07,olympics_2012_usa_esp_107_100,olympics_2012,2012,classification,Logistic Regression L2,1.0,0.3664
Fold_07,olympics_2012_usa_fra_98_71,olympics_2012,2012,classification,Logistic Regression L2,1.0,0.5589
Fold_07,olympics_2012_usa_ngr_156_73,olympics_2012,2012,classification,Logistic Regression L2,1.0,0.9104
Fold_07,olympics_2012_arg_ltu_102_79,olympics_2012,2012,classification,ElasticNet Classifier,1.0,0.3121
Fold_07,olympics_2012_arg_rus_77_81,olympics_2012,2012,classification,ElasticNet Classifier,0.0,0.3963
Fold_07,olympics_2012_arg_tun_92_69,olympics_2012,2012,classification,ElasticNet Classifier,1.0,0.928
Fold_07,olympics_2012_arg_usa_83_109,olympics_2012,2012,classification,ElasticNet Classifier,0.0,0.428
Fold_07,olympics_2012_arg_usa_97_126,olympics_2012,2012,classification,ElasticNet Classifier,0.0,0.428
Fold_07,olympics_2012_aus_chn_81_61,olympics_2012,2012,classification,ElasticNet Classifier,1.0,0.6906
Fold_07,olympics_2012_aus_esp_70_82,olympics_2012,2012,classification,ElasticNet Classifier,0.0,0.132
Fold_07,olympics_2012_aus_rus_82_80,olympics_2012,2012,classification,ElasticNet Classifier,1.0,0.2513
Fold_07,olympics_2012_bra_arg_77_82,olympics_2012,2012,classification,ElasticNet Classifier,0.0,0.3578
Fold_07,olympics_2012_bra_aus_75_71,olympics_2012,2012,classification,ElasticNet Classifier,1.0,0.5215
Fold_07,olympics_2012_bra_rus_74_75,olympics_2012,2012,classification,ElasticNet Classifier,0.0,0.2226
Fold_07,olympics_2012_chn_bra_59_98,olympics_2012,2012,classification,ElasticNet Classifier,0.0,0.4614
Fold_07,olympics_2012_chn_rus_54_73,olympics_2012,2012,classification,ElasticNet Classifier,0.0,0.1611
Fold_07,olympics_2012_esp_bra_82_88,olympics_2012,2012,classification,ElasticNet Classifier,0.0,0.9264
Fold_07,olympics_2012_esp_chn_97_81,olympics_2012,2012,classification,ElasticNet Classifier,1.0,0.9494
Fold_07,olympics_2012_esp_gbr_79_78,olympics_2012,2012,classification,ElasticNet Classifier,1.0,0.965
Fold_07,olympics_2012_esp_rus_67_59,olympics_2012,2012,classification,ElasticNet Classifier,1.0,0.7382
Fold_07,olympics_2012_fra_arg_71_64,olympics_2012,2012,classification,ElasticNet Classifier,1.0,0.7166
Fold_07,olympics_2012_fra_esp_59_66,olympics_2012,2012,classification,ElasticNet Classifier,0.0,0.3706
Fold_07,olympics_2012_fra_ltu_82_74,olympics_2012,2012,classification,ElasticNet Classifier,1.0,0.4732
Fold_07,olympics_2012_fra_ngr_79_73,olympics_2012,2012,classification,ElasticNet Classifier,1.0,0.9128
Fold_07,olympics_2012_gbr_aus_75_106,olympics_2012,2012,classification,ElasticNet Classifier,0.0,0.3319
Fold_07,olympics_2012_gbr_bra_62_67,olympics_2012,2012,classification,ElasticNet Classifier,0.0,0.368
Fold_07,olympics_2012_gbr_chn_90_58,olympics_2012,2012,classification,ElasticNet Classifier,1.0,0.4647
Fold_07,olympics_2012_ltu_ngr_72_53,olympics_2012,2012,classification,ElasticNet Classifier,1.0,0.9371
Fold_07,olympics_2012_ltu_usa_94_99,olympics_2012,2012,classification,ElasticNet Classifier,0.0,0.6781
Fold_07,olympics_2012_ngr_arg_79_93,olympics_2012,2012,classification,ElasticNet Classifier,0.0,0.2358
Fold_07,olympics_2012_ngr_tun_60_56,olympics_2012,2012,classification,ElasticNet Classifier,1.0,0.7568
Fold_07,olympics_2012_rus_esp_77_74,olympics_2012,2012,classification,ElasticNet Classifier,1.0,0.3665
Fold_07,olympics_2012_rus_gbr_95_75,olympics_2012,2012,classification,ElasticNet Classifier,1.0,0.9259
Fold_07,olympics_2012_rus_ltu_83_74,olympics_2012,2012,classification,ElasticNet Classifier,1.0,0.4689
Fold_07,olympics_2012_tun_fra_69_73,olympics_2012,2012,classification,ElasticNet Classifier,0.0,0.0601
Fold_07,olympics_2012_tun_ltu_63_76,olympics_2012,2012,classification,ElasticNet Classifier,0.0,0.043
Fold_07,olympics_2012_tun_usa_63_110,olympics_2012,2012,classification,ElasticNet Classifier,0.0,0.0691
Fold_07,olympics_2012_usa_aus_119_86,olympics_2012,2012,classification,ElasticNet Classifier,1.0,0.8101
Fold_07,olympics_2012_usa_esp_107_100,olympics_2012,2012,classification,ElasticNet Classifier,1.0,0.3367
Fold_07,olympics_2012_usa_fra_98_71,olympics_2012,2012,classification,ElasticNet Classifier,1.0,0.5241
Fold_07,olympics_2012_usa_ngr_156_73,olympics_2012,2012,classification,ElasticNet Classifier,1.0,0.9003
Fold_07,olympics_2012_arg_ltu_102_79,olympics_2012,2012,classification,LightGBM Classifier,1.0,0.7561
Fold_07,olympics_2012_arg_rus_77_81,olympics_2012,2012,classification,LightGBM Classifier,0.0,0.8465
Fold_07,olympics_2012_arg_tun_92_69,olympics_2012,2012,classification,LightGBM Classifier,1.0,0.8681
Fold_07,olympics_2012_arg_usa_83_109,olympics_2012,2012,classification,LightGBM Classifier,0.0,0.3943
Fold_07,olympics_2012_arg_usa_97_126,olympics_2012,2012,classification,LightGBM Classifier,0.0,0.3943
Fold_07,olympics_2012_aus_chn_81_61,olympics_2012,2012,classification,LightGBM Classifier,1.0,0.7626
Fold_07,olympics_2012_aus_esp_70_82,olympics_2012,2012,classification,LightGBM Classifier,0.0,0.3295
Fold_07,olympics_2012_aus_rus_82_80,olympics_2012,2012,classification,LightGBM Classifier,1.0,0.2793
Fold_07,olympics_2012_bra_arg_77_82,olympics_2012,2012,classification,LightGBM Classifier,0.0,0.434
Fold_07,olympics_2012_bra_aus_75_71,olympics_2012,2012,classification,LightGBM Classifier,1.0,0.7476
Fold_07,olympics_2012_bra_rus_74_75,olympics_2012,2012,classification,LightGBM Classifier,0.0,0.4146
Fold_07,olympics_2012_chn_bra_59_98,olympics_2012,2012,classification,LightGBM Classifier,0.0,0.374
Fold_07,olympics_2012_chn_rus_54_73,olympics_2012,2012,classification,LightGBM Classifier,0.0,0.299
Fold_07,olympics_2012_esp_bra_82_88,olympics_2012,2012,classification,LightGBM Classifier,0.0,0.8882
Fold_07,olympics_2012_esp_chn_97_81,olympics_2012,2012,classification,LightGBM Classifier,1.0,0.9058
Fold_07,olympics_2012_esp_gbr_79_78,olympics_2012,2012,classification,LightGBM Classifier,1.0,0.8833
Fold_07,olympics_2012_esp_rus_67_59,olympics_2012,2012,classification,LightGBM Classifier,1.0,0.7879
Fold_07,olympics_2012_fra_arg_71_64,olympics_2012,2012,classification,LightGBM Classifier,1.0,0.493
Fold_07,olympics_2012_fra_esp_59_66,olympics_2012,2012,classification,LightGBM Classifier,0.0,0.3269
Fold_07,olympics_2012_fra_ltu_82_74,olympics_2012,2012,classification,LightGBM Classifier,1.0,0.4626
Fold_07,olympics_2012_fra_ngr_79_73,olympics_2012,2012,classification,LightGBM Classifier,1.0,0.7619
Fold_07,olympics_2012_gbr_aus_75_106,olympics_2012,2012,classification,LightGBM Classifier,0.0,0.3632
Fold_07,olympics_2012_gbr_bra_62_67,olympics_2012,2012,classification,LightGBM Classifier,0.0,0.449
Fold_07,olympics_2012_gbr_chn_90_58,olympics_2012,2012,classification,LightGBM Classifier,1.0,0.8542
Fold_07,olympics_2012_ltu_ngr_72_53,olympics_2012,2012,classification,LightGBM Classifier,1.0,0.8537
Fold_07,olympics_2012_ltu_usa_94_99,olympics_2012,2012,classification,LightGBM Classifier,0.0,0.3681
Fold_07,olympics_2012_ngr_arg_79_93,olympics_2012,2012,classification,LightGBM Classifier,0.0,0.3472
Fold_07,olympics_2012_ngr_tun_60_56,olympics_2012,2012,classification,LightGBM Classifier,1.0,0.8187
Fold_07,olympics_2012_rus_esp_77_74,olympics_2012,2012,classification,LightGBM Classifier,1.0,0.3138
Fold_07,olympics_2012_rus_gbr_95_75,olympics_2012,2012,classification,LightGBM Classifier,1.0,0.7752
Fold_07,olympics_2012_rus_ltu_83_74,olympics_2012,2012,classification,LightGBM Classifier,1.0,0.4268
Fold_07,olympics_2012_tun_fra_69_73,olympics_2012,2012,classification,LightGBM Classifier,0.0,0.1564
Fold_07,olympics_2012_tun_ltu_63_76,olympics_2012,2012,classification,LightGBM Classifier,0.0,0.1564
Fold_07,olympics_2012_tun_usa_63_110,olympics_2012,2012,classification,LightGBM Classifier,0.0,0.0811
Fold_07,olympics_2012_usa_aus_119_86,olympics_2012,2012,classification,LightGBM Classifier,1.0,0.8707
Fold_07,olympics_2012_usa_esp_107_100,olympics_2012,2012,classification,LightGBM Classifier,1.0,0.8118
Fold_07,olympics_2012_usa_fra_98_71,olympics_2012,2012,classification,LightGBM Classifier,1.0,0.8139
Fold_07,olympics_2012_usa_ngr_156_73,olympics_2012,2012,classification,LightGBM Classifier,1.0,0.9203
Fold_07,olympics_2012_arg_ltu_102_79,olympics_2012,2012,regression,Naive Margin (0.0 pts),23.0,0.0
Fold_07,olympics_2012_arg_rus_77_81,olympics_2012,2012,regression,Naive Margin (0.0 pts),-4.0,0.0
Fold_07,olympics_2012_arg_tun_92_69,olympics_2012,2012,regression,Naive Margin (0.0 pts),23.0,0.0
Fold_07,olympics_2012_arg_usa_83_109,olympics_2012,2012,regression,Naive Margin (0.0 pts),-26.0,0.0
Fold_07,olympics_2012_arg_usa_97_126,olympics_2012,2012,regression,Naive Margin (0.0 pts),-29.0,0.0
Fold_07,olympics_2012_aus_chn_81_61,olympics_2012,2012,regression,Naive Margin (0.0 pts),20.0,0.0
Fold_07,olympics_2012_aus_esp_70_82,olympics_2012,2012,regression,Naive Margin (0.0 pts),-12.0,0.0
Fold_07,olympics_2012_aus_rus_82_80,olympics_2012,2012,regression,Naive Margin (0.0 pts),2.0,0.0
Fold_07,olympics_2012_bra_arg_77_82,olympics_2012,2012,regression,Naive Margin (0.0 pts),-5.0,0.0
Fold_07,olympics_2012_bra_aus_75_71,olympics_2012,2012,regression,Naive Margin (0.0 pts),4.0,0.0
Fold_07,olympics_2012_bra_rus_74_75,olympics_2012,2012,regression,Naive Margin (0.0 pts),-1.0,0.0
Fold_07,olympics_2012_chn_bra_59_98,olympics_2012,2012,regression,Naive Margin (0.0 pts),-39.0,0.0
Fold_07,olympics_2012_chn_rus_54_73,olympics_2012,2012,regression,Naive Margin (0.0 pts),-19.0,0.0
Fold_07,olympics_2012_esp_bra_82_88,olympics_2012,2012,regression,Naive Margin (0.0 pts),-6.0,0.0
Fold_07,olympics_2012_esp_chn_97_81,olympics_2012,2012,regression,Naive Margin (0.0 pts),16.0,0.0
Fold_07,olympics_2012_esp_gbr_79_78,olympics_2012,2012,regression,Naive Margin (0.0 pts),1.0,0.0
Fold_07,olympics_2012_esp_rus_67_59,olympics_2012,2012,regression,Naive Margin (0.0 pts),8.0,0.0
Fold_07,olympics_2012_fra_arg_71_64,olympics_2012,2012,regression,Naive Margin (0.0 pts),7.0,0.0
Fold_07,olympics_2012_fra_esp_59_66,olympics_2012,2012,regression,Naive Margin (0.0 pts),-7.0,0.0
Fold_07,olympics_2012_fra_ltu_82_74,olympics_2012,2012,regression,Naive Margin (0.0 pts),8.0,0.0
Fold_07,olympics_2012_fra_ngr_79_73,olympics_2012,2012,regression,Naive Margin (0.0 pts),6.0,0.0
Fold_07,olympics_2012_gbr_aus_75_106,olympics_2012,2012,regression,Naive Margin (0.0 pts),-31.0,0.0
Fold_07,olympics_2012_gbr_bra_62_67,olympics_2012,2012,regression,Naive Margin (0.0 pts),-5.0,0.0
Fold_07,olympics_2012_gbr_chn_90_58,olympics_2012,2012,regression,Naive Margin (0.0 pts),32.0,0.0
Fold_07,olympics_2012_ltu_ngr_72_53,olympics_2012,2012,regression,Naive Margin (0.0 pts),19.0,0.0
Fold_07,olympics_2012_ltu_usa_94_99,olympics_2012,2012,regression,Naive Margin (0.0 pts),-5.0,0.0
Fold_07,olympics_2012_ngr_arg_79_93,olympics_2012,2012,regression,Naive Margin (0.0 pts),-14.0,0.0
Fold_07,olympics_2012_ngr_tun_60_56,olympics_2012,2012,regression,Naive Margin (0.0 pts),4.0,0.0
Fold_07,olympics_2012_rus_esp_77_74,olympics_2012,2012,regression,Naive Margin (0.0 pts),3.0,0.0
Fold_07,olympics_2012_rus_gbr_95_75,olympics_2012,2012,regression,Naive Margin (0.0 pts),20.0,0.0
Fold_07,olympics_2012_rus_ltu_83_74,olympics_2012,2012,regression,Naive Margin (0.0 pts),9.0,0.0
Fold_07,olympics_2012_tun_fra_69_73,olympics_2012,2012,regression,Naive Margin (0.0 pts),-4.0,0.0
Fold_07,olympics_2012_tun_ltu_63_76,olympics_2012,2012,regression,Naive Margin (0.0 pts),-13.0,0.0
Fold_07,olympics_2012_tun_usa_63_110,olympics_2012,2012,regression,Naive Margin (0.0 pts),-47.0,0.0
Fold_07,olympics_2012_usa_aus_119_86,olympics_2012,2012,regression,Naive Margin (0.0 pts),33.0,0.0
Fold_07,olympics_2012_usa_esp_107_100,olympics_2012,2012,regression,Naive Margin (0.0 pts),7.0,0.0
Fold_07,olympics_2012_usa_fra_98_71,olympics_2012,2012,regression,Naive Margin (0.0 pts),27.0,0.0
Fold_07,olympics_2012_usa_ngr_156_73,olympics_2012,2012,regression,Naive Margin (0.0 pts),83.0,0.0
Fold_07,olympics_2012_arg_ltu_102_79,olympics_2012,2012,regression,Ridge Regressor,23.0,-2.873
Fold_07,olympics_2012_arg_rus_77_81,olympics_2012,2012,regression,Ridge Regressor,-4.0,-1.069
Fold_07,olympics_2012_arg_tun_92_69,olympics_2012,2012,regression,Ridge Regressor,23.0,20.578
Fold_07,olympics_2012_arg_usa_83_109,olympics_2012,2012,regression,Ridge Regressor,-26.0,-5.853
Fold_07,olympics_2012_arg_usa_97_126,olympics_2012,2012,regression,Ridge Regressor,-29.0,-5.853
Fold_07,olympics_2012_aus_chn_81_61,olympics_2012,2012,regression,Ridge Regressor,20.0,6.46
Fold_07,olympics_2012_aus_esp_70_82,olympics_2012,2012,regression,Ridge Regressor,-12.0,-12.414
Fold_07,olympics_2012_aus_rus_82_80,olympics_2012,2012,regression,Ridge Regressor,2.0,-6.553
Fold_07,olympics_2012_bra_arg_77_82,olympics_2012,2012,regression,Ridge Regressor,-5.0,-5.079
Fold_07,olympics_2012_bra_aus_75_71,olympics_2012,2012,regression,Ridge Regressor,4.0,0.404
Fold_07,olympics_2012_bra_rus_74_75,olympics_2012,2012,regression,Ridge Regressor,-1.0,-6.342
Fold_07,olympics_2012_chn_bra_59_98,olympics_2012,2012,regression,Ridge Regressor,-39.0,-6.285
Fold_07,olympics_2012_chn_rus_54_73,olympics_2012,2012,regression,Ridge Regressor,-19.0,-12.819
Fold_07,olympics_2012_esp_bra_82_88,olympics_2012,2012,regression,Ridge Regressor,-6.0,12.589
Fold_07,olympics_2012_esp_chn_97_81,olympics_2012,2012,regression,Ridge Regressor,16.0,19.067
Fold_07,olympics_2012_esp_gbr_79_78,olympics_2012,2012,regression,Ridge Regressor,1.0,20.516
Fold_07,olympics_2012_esp_rus_67_59,olympics_2012,2012,regression,Ridge Regressor,8.0,6.054
Fold_07,olympics_2012_fra_arg_71_64,olympics_2012,2012,regression,Ridge Regressor,7.0,1.11
Fold_07,olympics_2012_fra_esp_59_66,olympics_2012,2012,regression,Ridge Regressor,-7.0,-6.015
Fold_07,olympics_2012_fra_ltu_82_74,olympics_2012,2012,regression,Ridge Regressor,8.0,-1.956
Fold_07,olympics_2012_fra_ngr_79_73,olympics_2012,2012,regression,Ridge Regressor,6.0,11.668
Fold_07,olympics_2012_gbr_aus_75_106,olympics_2012,2012,regression,Ridge Regressor,-31.0,-7.522
Fold_07,olympics_2012_gbr_bra_62_67,olympics_2012,2012,regression,Ridge Regressor,-5.0,-7.733
Fold_07,olympics_2012_gbr_chn_90_58,olympics_2012,2012,regression,Ridge Regressor,32.0,-1.256
Fold_07,olympics_2012_ltu_ngr_72_53,olympics_2012,2012,regression,Ridge Regressor,19.0,13.818
Fold_07,olympics_2012_ltu_usa_94_99,olympics_2012,2012,regression,Ridge Regressor,-5.0,-2.787
Fold_07,olympics_2012_ngr_arg_79_93,olympics_2012,2012,regression,Ridge Regressor,-14.0,-10.366
Fold_07,olympics_2012_ngr_tun_60_56,olympics_2012,2012,regression,Ridge Regressor,4.0,10.018
Fold_07,olympics_2012_rus_esp_77_74,olympics_2012,2012,regression,Ridge Regressor,3.0,-5.668
Fold_07,olympics_2012_rus_gbr_95_75,olympics_2012,2012,regression,Ridge Regressor,20.0,14.654
Fold_07,olympics_2012_rus_ltu_83_74,olympics_2012,2012,regression,Ridge Regressor,9.0,-1.61
Fold_07,olympics_2012_tun_fra_69_73,olympics_2012,2012,regression,Ridge Regressor,-4.0,-21.107
Fold_07,olympics_2012_tun_ltu_63_76,olympics_2012,2012,regression,Ridge Regressor,-13.0,-23.257
Fold_07,olympics_2012_tun_usa_63_110,olympics_2012,2012,regression,Ridge Regressor,-47.0,-26.238
Fold_07,olympics_2012_usa_aus_119_86,olympics_2012,2012,regression,Ridge Regressor,33.0,11.722
Fold_07,olympics_2012_usa_esp_107_100,olympics_2012,2012,regression,Ridge Regressor,7.0,-0.885
Fold_07,olympics_2012_usa_fra_98_71,olympics_2012,2012,regression,Ridge Regressor,27.0,5.324
Fold_07,olympics_2012_usa_ngr_156_73,olympics_2012,2012,regression,Ridge Regressor,83.0,16.798
Fold_07,olympics_2012_arg_ltu_102_79,olympics_2012,2012,regression,ElasticNet Regressor,23.0,-3.108
Fold_07,olympics_2012_arg_rus_77_81,olympics_2012,2012,regression,ElasticNet Regressor,-4.0,-1.175
Fold_07,olympics_2012_arg_tun_92_69,olympics_2012,2012,regression,ElasticNet Regressor,23.0,20.952
Fold_07,olympics_2012_arg_usa_83_109,olympics_2012,2012,regression,ElasticNet Regressor,-26.0,-5.238
Fold_07,olympics_2012_arg_usa_97_126,olympics_2012,2012,regression,ElasticNet Regressor,-29.0,-5.238
Fold_07,olympics_2012_aus_chn_81_61,olympics_2012,2012,regression,ElasticNet Regressor,20.0,6.729
Fold_07,olympics_2012_aus_esp_70_82,olympics_2012,2012,regression,ElasticNet Regressor,-12.0,-12.543
Fold_07,olympics_2012_aus_rus_82_80,olympics_2012,2012,regression,ElasticNet Regressor,2.0,-6.654
Fold_07,olympics_2012_bra_arg_77_82,olympics_2012,2012,regression,ElasticNet Regressor,-5.0,-4.882
Fold_07,olympics_2012_bra_aus_75_71,olympics_2012,2012,regression,ElasticNet Regressor,4.0,0.597
Fold_07,olympics_2012_bra_rus_74_75,olympics_2012,2012,regression,ElasticNet Regressor,-1.0,-6.684
Fold_07,olympics_2012_chn_bra_59_98,olympics_2012,2012,regression,ElasticNet Regressor,-39.0,-5.445
Fold_07,olympics_2012_chn_rus_54_73,olympics_2012,2012,regression,ElasticNet Regressor,-19.0,-12.756
Fold_07,olympics_2012_esp_bra_82_88,olympics_2012,2012,regression,ElasticNet Regressor,-6.0,13.827
Fold_07,olympics_2012_esp_chn_97_81,olympics_2012,2012,regression,ElasticNet Regressor,16.0,19.899
Fold_07,olympics_2012_esp_gbr_79_78,olympics_2012,2012,regression,ElasticNet Regressor,1.0,21.675
Fold_07,olympics_2012_esp_rus_67_59,olympics_2012,2012,regression,ElasticNet Regressor,8.0,6.516
Fold_07,olympics_2012_fra_arg_71_64,olympics_2012,2012,regression,ElasticNet Regressor,7.0,2.143
Fold_07,olympics_2012_fra_esp_59_66,olympics_2012,2012,regression,ElasticNet Regressor,-7.0,-5.548
Fold_07,olympics_2012_fra_ltu_82_74,olympics_2012,2012,regression,ElasticNet Regressor,8.0,-1.593
Fold_07,olympics_2012_fra_ngr_79_73,olympics_2012,2012,regression,ElasticNet Regressor,6.0,12.927
Fold_07,olympics_2012_gbr_aus_75_106,olympics_2012,2012,regression,ElasticNet Regressor,-31.0,-7.25
Fold_07,olympics_2012_gbr_bra_62_67,olympics_2012,2012,regression,ElasticNet Regressor,-5.0,-7.221
Fold_07,olympics_2012_gbr_chn_90_58,olympics_2012,2012,regression,ElasticNet Regressor,32.0,-1.149
Fold_07,olympics_2012_ltu_ngr_72_53,olympics_2012,2012,regression,ElasticNet Regressor,19.0,15.147
Fold_07,olympics_2012_ltu_usa_94_99,olympics_2012,2012,regression,ElasticNet Regressor,-5.0,-1.503
Fold_07,olympics_2012_ngr_arg_79_93,olympics_2012,2012,regression,ElasticNet Regressor,-14.0,-10.157
Fold_07,olympics_2012_ngr_tun_60_56,olympics_2012,2012,regression,ElasticNet Regressor,4.0,10.168
Fold_07,olympics_2012_rus_esp_77_74,olympics_2012,2012,regression,ElasticNet Regressor,3.0,-5.262
Fold_07,olympics_2012_rus_gbr_95_75,olympics_2012,2012,regression,ElasticNet Regressor,20.0,15.786
Fold_07,olympics_2012_rus_ltu_83_74,olympics_2012,2012,regression,ElasticNet Regressor,9.0,-1.306
Fold_07,olympics_2012_tun_fra_69_73,olympics_2012,2012,regression,ElasticNet Regressor,-4.0,-21.213
Fold_07,olympics_2012_tun_ltu_63_76,olympics_2012,2012,regression,ElasticNet Regressor,-13.0,-23.434
Fold_07,olympics_2012_tun_usa_63_110,olympics_2012,2012,regression,ElasticNet Regressor,-47.0,-25.563
Fold_07,olympics_2012_usa_aus_119_86,olympics_2012,2012,regression,ElasticNet Regressor,33.0,11.972
Fold_07,olympics_2012_usa_esp_107_100,olympics_2012,2012,regression,ElasticNet Regressor,7.0,-1.198
Fold_07,olympics_2012_usa_fra_98_71,olympics_2012,2012,regression,ElasticNet Regressor,27.0,4.977
Fold_07,olympics_2012_usa_ngr_156_73,olympics_2012,2012,regression,ElasticNet Regressor,83.0,17.277
Fold_07,olympics_2012_arg_ltu_102_79,olympics_2012,2012,regression,LightGBM Regressor,23.0,8.036
Fold_07,olympics_2012_arg_rus_77_81,olympics_2012,2012,regression,LightGBM Regressor,-4.0,7.933
Fold_07,olympics_2012_arg_tun_92_69,olympics_2012,2012,regression,LightGBM Regressor,23.0,16.985
Fold_07,olympics_2012_arg_usa_83_109,olympics_2012,2012,regression,LightGBM Regressor,-26.0,-5.575
Fold_07,olympics_2012_arg_usa_97_126,olympics_2012,2012,regression,LightGBM Regressor,-29.0,-5.575
Fold_07,olympics_2012_aus_chn_81_61,olympics_2012,2012,regression,LightGBM Regressor,20.0,7.385
Fold_07,olympics_2012_aus_esp_70_82,olympics_2012,2012,regression,LightGBM Regressor,-12.0,-6.59
Fold_07,olympics_2012_aus_rus_82_80,olympics_2012,2012,regression,LightGBM Regressor,2.0,-5.617
Fold_07,olympics_2012_bra_arg_77_82,olympics_2012,2012,regression,LightGBM Regressor,-5.0,-3.383
Fold_07,olympics_2012_bra_aus_75_71,olympics_2012,2012,regression,LightGBM Regressor,4.0,7.059
Fold_07,olympics_2012_bra_rus_74_75,olympics_2012,2012,regression,LightGBM Regressor,-1.0,2.509
Fold_07,olympics_2012_chn_bra_59_98,olympics_2012,2012,regression,LightGBM Regressor,-39.0,-6.484
Fold_07,olympics_2012_chn_rus_54_73,olympics_2012,2012,regression,LightGBM Regressor,-19.0,-6.199
Fold_07,olympics_2012_esp_bra_82_88,olympics_2012,2012,regression,LightGBM Regressor,-6.0,10.576
Fold_07,olympics_2012_esp_chn_97_81,olympics_2012,2012,regression,LightGBM Regressor,16.0,17.151
Fold_07,olympics_2012_esp_gbr_79_78,olympics_2012,2012,regression,LightGBM Regressor,1.0,16.36
Fold_07,olympics_2012_esp_rus_67_59,olympics_2012,2012,regression,LightGBM Regressor,8.0,8.393
Fold_07,olympics_2012_fra_arg_71_64,olympics_2012,2012,regression,LightGBM Regressor,7.0,-3.72
Fold_07,olympics_2012_fra_esp_59_66,olympics_2012,2012,regression,LightGBM Regressor,-7.0,-7.818
Fold_07,olympics_2012_fra_ltu_82_74,olympics_2012,2012,regression,LightGBM Regressor,8.0,-1.049
Fold_07,olympics_2012_fra_ngr_79_73,olympics_2012,2012,regression,LightGBM Regressor,6.0,9.625
Fold_07,olympics_2012_gbr_aus_75_106,olympics_2012,2012,regression,LightGBM Regressor,-31.0,-7.989
Fold_07,olympics_2012_gbr_bra_62_67,olympics_2012,2012,regression,LightGBM Regressor,-5.0,-8.541
Fold_07,olympics_2012_gbr_chn_90_58,olympics_2012,2012,regression,LightGBM Regressor,32.0,8.197
Fold_07,olympics_2012_ltu_ngr_72_53,olympics_2012,2012,regression,LightGBM Regressor,19.0,9.041
Fold_07,olympics_2012_ltu_usa_94_99,olympics_2012,2012,regression,LightGBM Regressor,-5.0,-4.676
Fold_07,olympics_2012_ngr_arg_79_93,olympics_2012,2012,regression,LightGBM Regressor,-14.0,-6.02
Fold_07,olympics_2012_ngr_tun_60_56,olympics_2012,2012,regression,LightGBM Regressor,4.0,17.383
Fold_07,olympics_2012_rus_esp_77_74,olympics_2012,2012,regression,LightGBM Regressor,3.0,-7.092
Fold_07,olympics_2012_rus_gbr_95_75,olympics_2012,2012,regression,LightGBM Regressor,20.0,6.967
Fold_07,olympics_2012_rus_ltu_83_74,olympics_2012,2012,regression,LightGBM Regressor,9.0,0.064
Fold_07,olympics_2012_tun_fra_69_73,olympics_2012,2012,regression,LightGBM Regressor,-4.0,-19.089
Fold_07,olympics_2012_tun_ltu_63_76,olympics_2012,2012,regression,LightGBM Regressor,-13.0,-15.989
Fold_07,olympics_2012_tun_usa_63_110,olympics_2012,2012,regression,LightGBM Regressor,-47.0,-17.253
Fold_07,olympics_2012_usa_aus_119_86,olympics_2012,2012,regression,LightGBM Regressor,33.0,17.313
Fold_07,olympics_2012_usa_esp_107_100,olympics_2012,2012,regression,LightGBM Regressor,7.0,8.604
Fold_07,olympics_2012_usa_fra_98_71,olympics_2012,2012,regression,LightGBM Regressor,27.0,18.643
Fold_07,olympics_2012_usa_ngr_156_73,olympics_2012,2012,regression,LightGBM Regressor,83.0,17.498
Fold_08,eurobasket_2013_bel_fra_65_82,eurobasket_2013,2013,classification,Naive Baseline (50%),0.0,0.5
Fold_08,eurobasket_2013_bel_gbr_76_71,eurobasket_2013,2013,classification,Naive Baseline (50%),1.0,0.5
Fold_08,eurobasket_2013_bel_srb_69_76,eurobasket_2013,2013,classification,Naive Baseline (50%),0.0,0.5
Fold_08,eurobasket_2013_bel_ukr_57_58,eurobasket_2013,2013,classification,Naive Baseline (50%),0.0,0.5
Fold_08,eurobasket_2013_bih_mkd_62_54,eurobasket_2013,2013,classification,Naive Baseline (50%),1.0,0.5
Fold_08,eurobasket_2013_bih_srb_67_77,eurobasket_2013,2013,classification,Naive Baseline (50%),0.0,0.5
Fold_08,eurobasket_2013_cro_cze_70_53,eurobasket_2013,2013,classification,Naive Baseline (50%),1.0,0.5
Fold_08,eurobasket_2013_cro_geo_77_76,eurobasket_2013,2013,classification,Naive Baseline (50%),1.0,0.5
Fold_08,eurobasket_2013_cro_gre_92_88,eurobasket_2013,2013,classification,Naive Baseline (50%),1.0,0.5
Fold_08,eurobasket_2013_cro_ita_76_68,eurobasket_2013,2013,classification,Naive Baseline (50%),1.0,0.5
Fold_08,eurobasket_2013_cro_pol_74_70,eurobasket_2013,2013,classification,Naive Baseline (50%),1.0,0.5
Fold_08,eurobasket_2013_cro_ukr_84_72,eurobasket_2013,2013,classification,Naive Baseline (50%),1.0,0.5
Fold_08,eurobasket_2013_cze_geo_95_79,eurobasket_2013,2013,classification,Naive Baseline (50%),1.0,0.5
Fold_08,eurobasket_2013_cze_slo_60_62,eurobasket_2013,2013,classification,Naive Baseline (50%),0.0,0.5
Fold_08,eurobasket_2013_esp_cro_68_40,eurobasket_2013,2013,classification,Naive Baseline (50%),1.0,0.5
Fold_08,eurobasket_2013_esp_cro_92_66,eurobasket_2013,2013,classification,Naive Baseline (50%),1.0,0.5
Fold_08,eurobasket_2013_esp_cze_60_39,eurobasket_2013,2013,classification,Naive Baseline (50%),1.0,0.5
Fold_08,eurobasket_2013_esp_fin_82_56,eurobasket_2013,2013,classification,Naive Baseline (50%),1.0,0.5
Fold_08,eurobasket_2013_esp_fra_72_75,eurobasket_2013,2013,classification,Naive Baseline (50%),0.0,0.5
Fold_08,eurobasket_2013_fin_cro_63_88,eurobasket_2013,2013,classification,Naive Baseline (50%),0.0,0.5
Fold_08,eurobasket_2013_fin_rus_86_83,eurobasket_2013,2013,classification,Naive Baseline (50%),1.0,0.5
Fold_08,eurobasket_2013_fin_slo_92_76,eurobasket_2013,2013,classification,Naive Baseline (50%),1.0,0.5
Fold_08,eurobasket_2013_fin_swe_81_60,eurobasket_2013,2013,classification,Naive Baseline (50%),1.0,0.5
Fold_08,eurobasket_2013_fra_ger_74_80,eurobasket_2013,2013,classification,Naive Baseline (50%),0.0,0.5
Fold_08,eurobasket_2013_fra_isr_82_63,eurobasket_2013,2013,classification,Naive Baseline (50%),1.0,0.5
Fold_08,eurobasket_2013_fra_lat_102_91,eurobasket_2013,2013,classification,Naive Baseline (50%),1.0,0.5
Fold_08,eurobasket_2013_fra_ltu_80_66,eurobasket_2013,2013,classification,Naive Baseline (50%),1.0,0.5
Fold_08,eurobasket_2013_gbr_fra_65_88,eurobasket_2013,2013,classification,Naive Baseline (50%),0.0,0.5
Fold_08,eurobasket_2013_gbr_ger_81_74,eurobasket_2013,2013,classification,Naive Baseline (50%),1.0,0.5
Fold_08,eurobasket_2013_gbr_ukr_68_87,eurobasket_2013,2013,classification,Naive Baseline (50%),0.0,0.5
Fold_08,eurobasket_2013_geo_esp_59_83,eurobasket_2013,2013,classification,Naive Baseline (50%),0.0,0.5
Fold_08,eurobasket_2013_geo_pol_84_67,eurobasket_2013,2013,classification,Naive Baseline (50%),1.0,0.5
Fold_08,eurobasket_2013_geo_slo_68_72,eurobasket_2013,2013,classification,Naive Baseline (50%),0.0,0.5
Fold_08,eurobasket_2013_ger_bel_73_77,eurobasket_2013,2013,classification,Naive Baseline (50%),0.0,0.5
Fold_08,eurobasket_2013_ger_isr_80_76,eurobasket_2013,2013,classification,Naive Baseline (50%),1.0,0.5
Fold_08,eurobasket_2013_ger_ukr_83_88,eurobasket_2013,2013,classification,Naive Baseline (50%),0.0,0.5
Fold_08,eurobasket_2013_gre_esp_79_75,eurobasket_2013,2013,classification,Naive Baseline (50%),1.0,0.5
Fold_08,eurobasket_2013_gre_fin_77_86,eurobasket_2013,2013,classification,Naive Baseline (50%),0.0,0.5
Fold_08,eurobasket_2013_gre_ita_72_81,eurobasket_2013,2013,classification,Naive Baseline (50%),0.0,0.5
Fold_08,eurobasket_2013_gre_rus_80_71,eurobasket_2013,2013,classification,Naive Baseline (50%),1.0,0.5
Fold_08,eurobasket_2013_gre_slo_65_73,eurobasket_2013,2013,classification,Naive Baseline (50%),0.0,0.5
Fold_08,eurobasket_2013_isr_bel_87_69,eurobasket_2013,2013,classification,Naive Baseline (50%),1.0,0.5
Fold_08,eurobasket_2013_isr_gbr_71_75,eurobasket_2013,2013,classification,Naive Baseline (50%),0.0,0.5
Fold_08,eurobasket_2013_ita_esp_86_81,eurobasket_2013,2013,classification,Naive Baseline (50%),1.0,0.5
Fold_08,eurobasket_2013_ita_fin_62_44,eurobasket_2013,2013,classification,Naive Baseline (50%),1.0,0.5
Fold_08,eurobasket_2013_ita_swe_82_79,eurobasket_2013,2013,classification,Naive Baseline (50%),1.0,0.5
Fold_08,eurobasket_2013_ita_tur_90_75,eurobasket_2013,2013,classification,Naive Baseline (50%),1.0,0.5
Fold_08,eurobasket_2013_ita_ukr_58_66,eurobasket_2013,2013,classification,Naive Baseline (50%),0.0,0.5
Fold_08,eurobasket_2013_lat_bel_56_60,eurobasket_2013,2013,classification,Naive Baseline (50%),0.0,0.5
Fold_08,eurobasket_2013_lat_bih_86_75,eurobasket_2013,2013,classification,Naive Baseline (50%),1.0,0.5
Fold_08,eurobasket_2013_lat_ltu_59_67,eurobasket_2013,2013,classification,Naive Baseline (50%),0.0,0.5
Fold_08,eurobasket_2013_lat_mkd_76_66,eurobasket_2013,2013,classification,Naive Baseline (50%),1.0,0.5
Fold_08,eurobasket_2013_lat_ukr_85_51,eurobasket_2013,2013,classification,Naive Baseline (50%),1.0,0.5
Fold_08,eurobasket_2013_ltu_bel_86_67,eurobasket_2013,2013,classification,Naive Baseline (50%),1.0,0.5
Fold_08,eurobasket_2013_ltu_bih_72_78,eurobasket_2013,2013,classification,Naive Baseline (50%),0.0,0.5
Fold_08,eurobasket_2013_ltu_cro_77_62,eurobasket_2013,2013,classification,Naive Baseline (50%),1.0,0.5
Fold_08,eurobasket_2013_ltu_fra_76_62,eurobasket_2013,2013,classification,Naive Baseline (50%),1.0,0.5
Fold_08,eurobasket_2013_ltu_ita_81_77,eurobasket_2013,2013,classification,Naive Baseline (50%),1.0,0.5
Fold_08,eurobasket_2013_ltu_mkd_75_67,eurobasket_2013,2013,classification,Naive Baseline (50%),1.0,0.5
Fold_08,eurobasket_2013_ltu_mne_77_70,eurobasket_2013,2013,classification,Naive Baseline (50%),1.0,0.5
Fold_08,eurobasket_2013_mkd_mne_80_81,eurobasket_2013,2013,classification,Naive Baseline (50%),0.0,0.5
Fold_08,eurobasket_2013_mkd_srb_89_75,eurobasket_2013,2013,classification,Naive Baseline (50%),1.0,0.5
Fold_08,eurobasket_2013_mne_bih_70_76,eurobasket_2013,2013,classification,Naive Baseline (50%),0.0,0.5
Fold_08,eurobasket_2013_mne_lat_72_73,eurobasket_2013,2013,classification,Naive Baseline (50%),0.0,0.5
Fold_08,eurobasket_2013_mne_srb_83_76,eurobasket_2013,2013,classification,Naive Baseline (50%),1.0,0.5
Fold_08,eurobasket_2013_pol_cze_68_69,eurobasket_2013,2013,classification,Naive Baseline (50%),0.0,0.5
Fold_08,eurobasket_2013_pol_esp_53_89,eurobasket_2013,2013,classification,Naive Baseline (50%),0.0,0.5
Fold_08,eurobasket_2013_rus_ita_69_76,eurobasket_2013,2013,classification,Naive Baseline (50%),0.0,0.5
Fold_08,eurobasket_2013_rus_swe_62_81,eurobasket_2013,2013,classification,Naive Baseline (50%),0.0,0.5
Fold_08,eurobasket_2013_slo_cro_74_76,eurobasket_2013,2013,classification,Naive Baseline (50%),0.0,0.5
Fold_08,eurobasket_2013_slo_esp_78_69,eurobasket_2013,2013,classification,Naive Baseline (50%),1.0,0.5
Fold_08,eurobasket_2013_slo_fra_62_72,eurobasket_2013,2013,classification,Naive Baseline (50%),0.0,0.5
Fold_08,eurobasket_2013_slo_ita_84_77,eurobasket_2013,2013,classification,Naive Baseline (50%),1.0,0.5
Fold_08,eurobasket_2013_slo_pol_61_71,eurobasket_2013,2013,classification,Naive Baseline (50%),0.0,0.5
Fold_08,eurobasket_2013_slo_ukr_69_63,eurobasket_2013,2013,classification,Naive Baseline (50%),1.0,0.5
Fold_08,eurobasket_2013_srb_esp_60_90,eurobasket_2013,2013,classification,Naive Baseline (50%),0.0,0.5
Fold_08,eurobasket_2013_srb_fra_77_65,eurobasket_2013,2013,classification,Naive Baseline (50%),1.0,0.5
Fold_08,eurobasket_2013_srb_ita_76_64,eurobasket_2013,2013,classification,Naive Baseline (50%),1.0,0.5
Fold_08,eurobasket_2013_srb_lat_74_69,eurobasket_2013,2013,classification,Naive Baseline (50%),1.0,0.5
Fold_08,eurobasket_2013_srb_ltu_63_56,eurobasket_2013,2013,classification,Naive Baseline (50%),1.0,0.5
Fold_08,eurobasket_2013_srb_slo_74_92,eurobasket_2013,2013,classification,Naive Baseline (50%),0.0,0.5
Fold_08,eurobasket_2013_swe_gre_51_79,eurobasket_2013,2013,classification,Naive Baseline (50%),0.0,0.5
Fold_08,eurobasket_2013_swe_tur_74_87,eurobasket_2013,2013,classification,Naive Baseline (50%),0.0,0.5
Fold_08,eurobasket_2013_tur_fin_55_61,eurobasket_2013,2013,classification,Naive Baseline (50%),0.0,0.5
Fold_08,eurobasket_2013_tur_gre_61_84,eurobasket_2013,2013,classification,Naive Baseline (50%),0.0,0.5
Fold_08,eurobasket_2013_tur_rus_77_89,eurobasket_2013,2013,classification,Naive Baseline (50%),0.0,0.5
Fold_08,eurobasket_2013_ukr_fra_71_77,eurobasket_2013,2013,classification,Naive Baseline (50%),0.0,0.5
Fold_08,eurobasket_2013_ukr_isr_74_67,eurobasket_2013,2013,classification,Naive Baseline (50%),1.0,0.5
Fold_08,eurobasket_2013_ukr_ltu_63_70,eurobasket_2013,2013,classification,Naive Baseline (50%),0.0,0.5
Fold_08,eurobasket_2013_ukr_srb_82_75,eurobasket_2013,2013,classification,Naive Baseline (50%),1.0,0.5
Fold_08,eurobasket_2013_bel_fra_65_82,eurobasket_2013,2013,classification,Logistic Regression L2,0.0,0.0849
Fold_08,eurobasket_2013_bel_gbr_76_71,eurobasket_2013,2013,classification,Logistic Regression L2,1.0,0.4105
Fold_08,eurobasket_2013_bel_srb_69_76,eurobasket_2013,2013,classification,Logistic Regression L2,0.0,0.1659
Fold_08,eurobasket_2013_bel_ukr_57_58,eurobasket_2013,2013,classification,Logistic Regression L2,0.0,0.4876
Fold_08,eurobasket_2013_bih_mkd_62_54,eurobasket_2013,2013,classification,Logistic Regression L2,1.0,0.3914
Fold_08,eurobasket_2013_bih_srb_67_77,eurobasket_2013,2013,classification,Logistic Regression L2,0.0,0.2276
Fold_08,eurobasket_2013_cro_cze_70_53,eurobasket_2013,2013,classification,Logistic Regression L2,1.0,0.8979
Fold_08,eurobasket_2013_cro_geo_77_76,eurobasket_2013,2013,classification,Logistic Regression L2,1.0,0.8217
Fold_08,eurobasket_2013_cro_gre_92_88,eurobasket_2013,2013,classification,Logistic Regression L2,1.0,0.3976
Fold_08,eurobasket_2013_cro_ita_76_68,eurobasket_2013,2013,classification,Logistic Regression L2,1.0,0.7365
Fold_08,eurobasket_2013_cro_pol_74_70,eurobasket_2013,2013,classification,Logistic Regression L2,1.0,0.8395
Fold_08,eurobasket_2013_cro_ukr_84_72,eurobasket_2013,2013,classification,Logistic Regression L2,1.0,0.9125
Fold_08,eurobasket_2013_cze_geo_95_79,eurobasket_2013,2013,classification,Logistic Regression L2,1.0,0.4286
Fold_08,eurobasket_2013_cze_slo_60_62,eurobasket_2013,2013,classification,Logistic Regression L2,0.0,0.1275
Fold_08,eurobasket_2013_esp_cro_68_40,eurobasket_2013,2013,classification,Logistic Regression L2,1.0,0.8686
Fold_08,eurobasket_2013_esp_cro_92_66,eurobasket_2013,2013,classification,Logistic Regression L2,1.0,0.9005
Fold_08,eurobasket_2013_esp_cze_60_39,eurobasket_2013,2013,classification,Logistic Regression L2,1.0,0.976
Fold_08,eurobasket_2013_esp_fin_82_56,eurobasket_2013,2013,classification,Logistic Regression L2,1.0,0.9527
Fold_08,eurobasket_2013_esp_fra_72_75,eurobasket_2013,2013,classification,Logistic Regression L2,0.0,0.8243
Fold_08,eurobasket_2013_fin_cro_63_88,eurobasket_2013,2013,classification,Logistic Regression L2,0.0,0.3196
Fold_08,eurobasket_2013_fin_rus_86_83,eurobasket_2013,2013,classification,Logistic Regression L2,1.0,0.1775
Fold_08,eurobasket_2013_fin_slo_92_76,eurobasket_2013,2013,classification,Logistic Regression L2,1.0,0.2276
Fold_08,eurobasket_2013_fin_swe_81_60,eurobasket_2013,2013,classification,Logistic Regression L2,1.0,0.6425
Fold_08,eurobasket_2013_fra_ger_74_80,eurobasket_2013,2013,classification,Logistic Regression L2,0.0,0.7119
Fold_08,eurobasket_2013_fra_isr_82_63,eurobasket_2013,2013,classification,Logistic Regression L2,1.0,0.9057
Fold_08,eurobasket_2013_fra_lat_102_91,eurobasket_2013,2013,classification,Logistic Regression L2,1.0,0.9104
Fold_08,eurobasket_2013_fra_ltu_80_66,eurobasket_2013,2013,classification,Logistic Regression L2,1.0,0.5865
Fold_08,eurobasket_2013_gbr_fra_65_88,eurobasket_2013,2013,classification,Logistic Regression L2,0.0,0.1601
Fold_08,eurobasket_2013_gbr_ger_81_74,eurobasket_2013,2013,classification,Logistic Regression L2,1.0,0.2476
Fold_08,eurobasket_2013_gbr_ukr_68_87,eurobasket_2013,2013,classification,Logistic Regression L2,0.0,0.6618
Fold_08,eurobasket_2013_geo_esp_59_83,eurobasket_2013,2013,classification,Logistic Regression L2,0.0,0.0878
Fold_08,eurobasket_2013_geo_pol_84_67,eurobasket_2013,2013,classification,Logistic Regression L2,1.0,0.619
Fold_08,eurobasket_2013_geo_slo_68_72,eurobasket_2013,2013,classification,Logistic Regression L2,0.0,0.2181
Fold_08,eurobasket_2013_ger_bel_73_77,eurobasket_2013,2013,classification,Logistic Regression L2,0.0,0.9275
Fold_08,eurobasket_2013_ger_isr_80_76,eurobasket_2013,2013,classification,Logistic Regression L2,1.0,0.8477
Fold_08,eurobasket_2013_ger_ukr_83_88,eurobasket_2013,2013,classification,Logistic Regression L2,0.0,0.8949
Fold_08,eurobasket_2013_gre_esp_79_75,eurobasket_2013,2013,classification,Logistic Regression L2,1.0,0.402
Fold_08,eurobasket_2013_gre_fin_77_86,eurobasket_2013,2013,classification,Logistic Regression L2,0.0,0.9044
Fold_08,eurobasket_2013_gre_ita_72_81,eurobasket_2013,2013,classification,Logistic Regression L2,0.0,0.8584
Fold_08,eurobasket_2013_gre_rus_80_71,eurobasket_2013,2013,classification,Logistic Regression L2,1.0,0.5878
Fold_08,eurobasket_2013_gre_slo_65_73,eurobasket_2013,2013,classification,Logistic Regression L2,0.0,0.6607
Fold_08,eurobasket_2013_isr_bel_87_69,eurobasket_2013,2013,classification,Logistic Regression L2,1.0,0.7671
Fold_08,eurobasket_2013_isr_gbr_71_75,eurobasket_2013,2013,classification,Logistic Regression L2,0.0,0.6156
Fold_08,eurobasket_2013_ita_esp_86_81,eurobasket_2013,2013,classification,Logistic Regression L2,1.0,0.137
Fold_08,eurobasket_2013_ita_fin_62_44,eurobasket_2013,2013,classification,Logistic Regression L2,1.0,0.6909
Fold_08,eurobasket_2013_ita_swe_82_79,eurobasket_2013,2013,classification,Logistic Regression L2,1.0,0.7372
Fold_08,eurobasket_2013_ita_tur_90_75,eurobasket_2013,2013,classification,Logistic Regression L2,1.0,0.3702
Fold_08,eurobasket_2013_ita_ukr_58_66,eurobasket_2013,2013,classification,Logistic Regression L2,0.0,0.8423
Fold_08,eurobasket_2013_lat_bel_56_60,eurobasket_2013,2013,classification,Logistic Regression L2,0.0,0.7568
Fold_08,eurobasket_2013_lat_bih_86_75,eurobasket_2013,2013,classification,Logistic Regression L2,1.0,0.6775
Fold_08,eurobasket_2013_lat_ltu_59_67,eurobasket_2013,2013,classification,Logistic Regression L2,0.0,0.1274
Fold_08,eurobasket_2013_lat_mkd_76_66,eurobasket_2013,2013,classification,Logistic Regression L2,1.0,0.4856
Fold_08,eurobasket_2013_lat_ukr_85_51,eurobasket_2013,2013,classification,Logistic Regression L2,1.0,0.6742
Fold_08,eurobasket_2013_ltu_bel_86_67,eurobasket_2013,2013,classification,Logistic Regression L2,1.0,0.9683
Fold_08,eurobasket_2013_ltu_bih_72_78,eurobasket_2013,2013,classification,Logistic Regression L2,0.0,0.9537
Fold_08,eurobasket_2013_ltu_cro_77_62,eurobasket_2013,2013,classification,Logistic Regression L2,1.0,0.8392
Fold_08,eurobasket_2013_ltu_fra_76_62,eurobasket_2013,2013,classification,Logistic Regression L2,1.0,0.6642
Fold_08,eurobasket_2013_ltu_ita_81_77,eurobasket_2013,2013,classification,Logistic Regression L2,1.0,0.9107
Fold_08,eurobasket_2013_ltu_mkd_75_67,eurobasket_2013,2013,classification,Logistic Regression L2,1.0,0.9025
Fold_08,eurobasket_2013_ltu_mne_77_70,eurobasket_2013,2013,classification,Logistic Regression L2,1.0,0.9472
Fold_08,eurobasket_2013_mkd_mne_80_81,eurobasket_2013,2013,classification,Logistic Regression L2,0.0,0.7351
Fold_08,eurobasket_2013_mkd_srb_89_75,eurobasket_2013,2013,classification,Logistic Regression L2,1.0,0.3961
Fold_08,eurobasket_2013_mne_bih_70_76,eurobasket_2013,2013,classification,Logistic Regression L2,0.0,0.6217
Fold_08,eurobasket_2013_mne_lat_72_73,eurobasket_2013,2013,classification,Logistic Regression L2,0.0,0.5282
Fold_08,eurobasket_2013_mne_srb_83_76,eurobasket_2013,2013,classification,Logistic Regression L2,1.0,0.2528
Fold_08,eurobasket_2013_pol_cze_68_69,eurobasket_2013,2013,classification,Logistic Regression L2,0.0,0.7065
Fold_08,eurobasket_2013_pol_esp_53_89,eurobasket_2013,2013,classification,Logistic Regression L2,0.0,0.0782
Fold_08,eurobasket_2013_rus_ita_69_76,eurobasket_2013,2013,classification,Logistic Regression L2,0.0,0.8589
Fold_08,eurobasket_2013_rus_swe_62_81,eurobasket_2013,2013,classification,Logistic Regression L2,0.0,0.9226
Fold_08,eurobasket_2013_slo_cro_74_76,eurobasket_2013,2013,classification,Logistic Regression L2,0.0,0.6953
Fold_08,eurobasket_2013_slo_esp_78_69,eurobasket_2013,2013,classification,Logistic Regression L2,1.0,0.3307
Fold_08,eurobasket_2013_slo_fra_62_72,eurobasket_2013,2013,classification,Logistic Regression L2,0.0,0.6182
Fold_08,eurobasket_2013_slo_ita_84_77,eurobasket_2013,2013,classification,Logistic Regression L2,1.0,0.8167
Fold_08,eurobasket_2013_slo_pol_61_71,eurobasket_2013,2013,classification,Logistic Regression L2,0.0,0.8929
Fold_08,eurobasket_2013_slo_ukr_69_63,eurobasket_2013,2013,classification,Logistic Regression L2,1.0,0.9432
Fold_08,eurobasket_2013_srb_esp_60_90,eurobasket_2013,2013,classification,Logistic Regression L2,0.0,0.2761
Fold_08,eurobasket_2013_srb_fra_77_65,eurobasket_2013,2013,classification,Logistic Regression L2,1.0,0.4003
Fold_08,eurobasket_2013_srb_ita_76_64,eurobasket_2013,2013,classification,Logistic Regression L2,1.0,0.7748
Fold_08,eurobasket_2013_srb_lat_74_69,eurobasket_2013,2013,classification,Logistic Regression L2,1.0,0.8257
Fold_08,eurobasket_2013_srb_ltu_63_56,eurobasket_2013,2013,classification,Logistic Regression L2,1.0,0.3258
Fold_08,eurobasket_2013_srb_slo_74_92,eurobasket_2013,2013,classification,Logistic Regression L2,0.0,0.525
Fold_08,eurobasket_2013_swe_gre_51_79,eurobasket_2013,2013,classification,Logistic Regression L2,0.0,0.1471
Fold_08,eurobasket_2013_swe_tur_74_87,eurobasket_2013,2013,classification,Logistic Regression L2,0.0,0.2307
Fold_08,eurobasket_2013_tur_fin_55_61,eurobasket_2013,2013,classification,Logistic Regression L2,0.0,0.8448
Fold_08,eurobasket_2013_tur_gre_61_84,eurobasket_2013,2013,classification,Logistic Regression L2,0.0,0.4516
Fold_08,eurobasket_2013_tur_rus_77_89,eurobasket_2013,2013,classification,Logistic Regression L2,0.0,0.4506
Fold_08,eurobasket_2013_ukr_fra_71_77,eurobasket_2013,2013,classification,Logistic Regression L2,0.0,0.1224
Fold_08,eurobasket_2013_ukr_isr_74_67,eurobasket_2013,2013,classification,Logistic Regression L2,1.0,0.4835
Fold_08,eurobasket_2013_ukr_ltu_63_70,eurobasket_2013,2013,classification,Logistic Regression L2,0.0,0.0917
Fold_08,eurobasket_2013_ukr_srb_82_75,eurobasket_2013,2013,classification,Logistic Regression L2,1.0,0.2303
Fold_08,eurobasket_2013_bel_fra_65_82,eurobasket_2013,2013,classification,ElasticNet Classifier,0.0,0.0778
Fold_08,eurobasket_2013_bel_gbr_76_71,eurobasket_2013,2013,classification,ElasticNet Classifier,1.0,0.3909
Fold_08,eurobasket_2013_bel_srb_69_76,eurobasket_2013,2013,classification,ElasticNet Classifier,0.0,0.1553
Fold_08,eurobasket_2013_bel_ukr_57_58,eurobasket_2013,2013,classification,ElasticNet Classifier,0.0,0.4648
Fold_08,eurobasket_2013_bih_mkd_62_54,eurobasket_2013,2013,classification,ElasticNet Classifier,1.0,0.3712
Fold_08,eurobasket_2013_bih_srb_67_77,eurobasket_2013,2013,classification,ElasticNet Classifier,0.0,0.213
Fold_08,eurobasket_2013_cro_cze_70_53,eurobasket_2013,2013,classification,ElasticNet Classifier,1.0,0.8903
Fold_08,eurobasket_2013_cro_geo_77_76,eurobasket_2013,2013,classification,ElasticNet Classifier,1.0,0.81
Fold_08,eurobasket_2013_cro_gre_92_88,eurobasket_2013,2013,classification,ElasticNet Classifier,1.0,0.3751
Fold_08,eurobasket_2013_cro_ita_76_68,eurobasket_2013,2013,classification,ElasticNet Classifier,1.0,0.7205
Fold_08,eurobasket_2013_cro_pol_74_70,eurobasket_2013,2013,classification,ElasticNet Classifier,1.0,0.828
Fold_08,eurobasket_2013_cro_ukr_84_72,eurobasket_2013,2013,classification,ElasticNet Classifier,1.0,0.8747
Fold_08,eurobasket_2013_cze_geo_95_79,eurobasket_2013,2013,classification,ElasticNet Classifier,1.0,0.4066
Fold_08,eurobasket_2013_cze_slo_60_62,eurobasket_2013,2013,classification,ElasticNet Classifier,0.0,0.1163
Fold_08,eurobasket_2013_esp_cro_68_40,eurobasket_2013,2013,classification,ElasticNet Classifier,1.0,0.8568
Fold_08,eurobasket_2013_esp_cro_92_66,eurobasket_2013,2013,classification,ElasticNet Classifier,1.0,0.8576
Fold_08,eurobasket_2013_esp_cze_60_39,eurobasket_2013,2013,classification,ElasticNet Classifier,1.0,0.9738
Fold_08,eurobasket_2013_esp_fin_82_56,eurobasket_2013,2013,classification,ElasticNet Classifier,1.0,0.9489
Fold_08,eurobasket_2013_esp_fra_72_75,eurobasket_2013,2013,classification,ElasticNet Classifier,0.0,0.7568
Fold_08,eurobasket_2013_fin_cro_63_88,eurobasket_2013,2013,classification,ElasticNet Classifier,0.0,0.2958
Fold_08,eurobasket_2013_fin_rus_86_83,eurobasket_2013,2013,classification,ElasticNet Classifier,1.0,0.1617
Fold_08,eurobasket_2013_fin_slo_92_76,eurobasket_2013,2013,classification,ElasticNet Classifier,1.0,0.2088
Fold_08,eurobasket_2013_fin_swe_81_60,eurobasket_2013,2013,classification,ElasticNet Classifier,1.0,0.6083
Fold_08,eurobasket_2013_fra_ger_74_80,eurobasket_2013,2013,classification,ElasticNet Classifier,0.0,0.6921
Fold_08,eurobasket_2013_fra_isr_82_63,eurobasket_2013,2013,classification,ElasticNet Classifier,1.0,0.8984
Fold_08,eurobasket_2013_fra_lat_102_91,eurobasket_2013,2013,classification,ElasticNet Classifier,1.0,0.9034
Fold_08,eurobasket_2013_fra_ltu_80_66,eurobasket_2013,2013,classification,ElasticNet Classifier,1.0,0.487
Fold_08,eurobasket_2013_gbr_fra_65_88,eurobasket_2013,2013,classification,ElasticNet Classifier,0.0,0.1463
Fold_08,eurobasket_2013_gbr_ger_81_74,eurobasket_2013,2013,classification,ElasticNet Classifier,1.0,0.2281
Fold_08,eurobasket_2013_gbr_ukr_68_87,eurobasket_2013,2013,classification,ElasticNet Classifier,0.0,0.6383
Fold_08,eurobasket_2013_geo_esp_59_83,eurobasket_2013,2013,classification,ElasticNet Classifier,0.0,0.0799
Fold_08,eurobasket_2013_geo_pol_84_67,eurobasket_2013,2013,classification,ElasticNet Classifier,1.0,0.5954
Fold_08,eurobasket_2013_geo_slo_68_72,eurobasket_2013,2013,classification,ElasticNet Classifier,0.0,0.2003
Fold_08,eurobasket_2013_ger_bel_73_77,eurobasket_2013,2013,classification,ElasticNet Classifier,0.0,0.9212
Fold_08,eurobasket_2013_ger_isr_80_76,eurobasket_2013,2013,classification,ElasticNet Classifier,1.0,0.8369
Fold_08,eurobasket_2013_ger_ukr_83_88,eurobasket_2013,2013,classification,ElasticNet Classifier,0.0,0.8862
Fold_08,eurobasket_2013_gre_esp_79_75,eurobasket_2013,2013,classification,ElasticNet Classifier,1.0,0.3816
Fold_08,eurobasket_2013_gre_fin_77_86,eurobasket_2013,2013,classification,ElasticNet Classifier,0.0,0.8978
Fold_08,eurobasket_2013_gre_ita_72_81,eurobasket_2013,2013,classification,ElasticNet Classifier,0.0,0.8484
Fold_08,eurobasket_2013_gre_rus_80_71,eurobasket_2013,2013,classification,ElasticNet Classifier,1.0,0.5652
Fold_08,eurobasket_2013_gre_slo_65_73,eurobasket_2013,2013,classification,ElasticNet Classifier,0.0,0.6401
Fold_08,eurobasket_2013_isr_bel_87_69,eurobasket_2013,2013,classification,ElasticNet Classifier,1.0,0.7481
Fold_08,eurobasket_2013_isr_gbr_71_75,eurobasket_2013,2013,classification,ElasticNet Classifier,0.0,0.5938
Fold_08,eurobasket_2013_ita_esp_86_81,eurobasket_2013,2013,classification,ElasticNet Classifier,1.0,0.1257
Fold_08,eurobasket_2013_ita_fin_62_44,eurobasket_2013,2013,classification,ElasticNet Classifier,1.0,0.6718
Fold_08,eurobasket_2013_ita_swe_82_79,eurobasket_2013,2013,classification,ElasticNet Classifier,1.0,0.7092
Fold_08,eurobasket_2013_ita_tur_90_75,eurobasket_2013,2013,classification,ElasticNet Classifier,1.0,0.346
Fold_08,eurobasket_2013_ita_ukr_58_66,eurobasket_2013,2013,classification,ElasticNet Classifier,0.0,0.7793
Fold_08,eurobasket_2013_lat_bel_56_60,eurobasket_2013,2013,classification,ElasticNet Classifier,0.0,0.7374
Fold_08,eurobasket_2013_lat_bih_86_75,eurobasket_2013,2013,classification,ElasticNet Classifier,1.0,0.656
Fold_08,eurobasket_2013_lat_ltu_59_67,eurobasket_2013,2013,classification,ElasticNet Classifier,0.0,0.1162
Fold_08,eurobasket_2013_lat_mkd_76_66,eurobasket_2013,2013,classification,ElasticNet Classifier,1.0,0.4633
Fold_08,eurobasket_2013_lat_ukr_85_51,eurobasket_2013,2013,classification,ElasticNet Classifier,1.0,0.6517
Fold_08,eurobasket_2013_ltu_bel_86_67,eurobasket_2013,2013,classification,ElasticNet Classifier,1.0,0.9653
Fold_08,eurobasket_2013_ltu_bih_72_78,eurobasket_2013,2013,classification,ElasticNet Classifier,0.0,0.9498
Fold_08,eurobasket_2013_ltu_cro_77_62,eurobasket_2013,2013,classification,ElasticNet Classifier,1.0,0.7782
Fold_08,eurobasket_2013_ltu_fra_76_62,eurobasket_2013,2013,classification,ElasticNet Classifier,1.0,0.6431
Fold_08,eurobasket_2013_ltu_ita_81_77,eurobasket_2013,2013,classification,ElasticNet Classifier,1.0,0.874
Fold_08,eurobasket_2013_ltu_mkd_75_67,eurobasket_2013,2013,classification,ElasticNet Classifier,1.0,0.8954
Fold_08,eurobasket_2013_ltu_mne_77_70,eurobasket_2013,2013,classification,ElasticNet Classifier,1.0,0.943
Fold_08,eurobasket_2013_mkd_mne_80_81,eurobasket_2013,2013,classification,ElasticNet Classifier,0.0,0.7159
Fold_08,eurobasket_2013_mkd_srb_89_75,eurobasket_2013,2013,classification,ElasticNet Classifier,1.0,0.3741
Fold_08,eurobasket_2013_mne_bih_70_76,eurobasket_2013,2013,classification,ElasticNet Classifier,0.0,0.5984
Fold_08,eurobasket_2013_mne_lat_72_73,eurobasket_2013,2013,classification,ElasticNet Classifier,0.0,0.5046
Fold_08,eurobasket_2013_mne_srb_83_76,eurobasket_2013,2013,classification,ElasticNet Classifier,1.0,0.2362
Fold_08,eurobasket_2013_pol_cze_68_69,eurobasket_2013,2013,classification,ElasticNet Classifier,0.0,0.6873
Fold_08,eurobasket_2013_pol_esp_53_89,eurobasket_2013,2013,classification,ElasticNet Classifier,0.0,0.0715
Fold_08,eurobasket_2013_rus_ita_69_76,eurobasket_2013,2013,classification,ElasticNet Classifier,0.0,0.8488
Fold_08,eurobasket_2013_rus_swe_62_81,eurobasket_2013,2013,classification,ElasticNet Classifier,0.0,0.913
Fold_08,eurobasket_2013_slo_cro_74_76,eurobasket_2013,2013,classification,ElasticNet Classifier,0.0,0.6748
Fold_08,eurobasket_2013_slo_esp_78_69,eurobasket_2013,2013,classification,ElasticNet Classifier,1.0,0.3114
Fold_08,eurobasket_2013_slo_fra_62_72,eurobasket_2013,2013,classification,ElasticNet Classifier,0.0,0.5191
Fold_08,eurobasket_2013_slo_ita_84_77,eurobasket_2013,2013,classification,ElasticNet Classifier,1.0,0.804
Fold_08,eurobasket_2013_slo_pol_61_71,eurobasket_2013,2013,classification,ElasticNet Classifier,0.0,0.8845
Fold_08,eurobasket_2013_slo_ukr_69_63,eurobasket_2013,2013,classification,ElasticNet Classifier,1.0,0.9174
Fold_08,eurobasket_2013_srb_esp_60_90,eurobasket_2013,2013,classification,ElasticNet Classifier,0.0,0.2025
Fold_08,eurobasket_2013_srb_fra_77_65,eurobasket_2013,2013,classification,ElasticNet Classifier,1.0,0.3744
Fold_08,eurobasket_2013_srb_ita_76_64,eurobasket_2013,2013,classification,ElasticNet Classifier,1.0,0.6973
Fold_08,eurobasket_2013_srb_lat_74_69,eurobasket_2013,2013,classification,ElasticNet Classifier,1.0,0.8111
Fold_08,eurobasket_2013_srb_ltu_63_56,eurobasket_2013,2013,classification,ElasticNet Classifier,1.0,0.3022
Fold_08,eurobasket_2013_srb_slo_74_92,eurobasket_2013,2013,classification,ElasticNet Classifier,0.0,0.4227
Fold_08,eurobasket_2013_swe_gre_51_79,eurobasket_2013,2013,classification,ElasticNet Classifier,0.0,0.1397
Fold_08,eurobasket_2013_swe_tur_74_87,eurobasket_2013,2013,classification,ElasticNet Classifier,0.0,0.2205
Fold_08,eurobasket_2013_tur_fin_55_61,eurobasket_2013,2013,classification,ElasticNet Classifier,0.0,0.8346
Fold_08,eurobasket_2013_tur_gre_61_84,eurobasket_2013,2013,classification,ElasticNet Classifier,0.0,0.4281
Fold_08,eurobasket_2013_tur_rus_77_89,eurobasket_2013,2013,classification,ElasticNet Classifier,0.0,0.4273
Fold_08,eurobasket_2013_ukr_fra_71_77,eurobasket_2013,2013,classification,ElasticNet Classifier,0.0,0.1124
Fold_08,eurobasket_2013_ukr_isr_74_67,eurobasket_2013,2013,classification,ElasticNet Classifier,1.0,0.4621
Fold_08,eurobasket_2013_ukr_ltu_63_70,eurobasket_2013,2013,classification,ElasticNet Classifier,0.0,0.0839
Fold_08,eurobasket_2013_ukr_srb_82_75,eurobasket_2013,2013,classification,ElasticNet Classifier,1.0,0.2162
Fold_08,eurobasket_2013_bel_fra_65_82,eurobasket_2013,2013,classification,LightGBM Classifier,0.0,0.2845
Fold_08,eurobasket_2013_bel_gbr_76_71,eurobasket_2013,2013,classification,LightGBM Classifier,1.0,0.5537
Fold_08,eurobasket_2013_bel_srb_69_76,eurobasket_2013,2013,classification,LightGBM Classifier,0.0,0.3371
Fold_08,eurobasket_2013_bel_ukr_57_58,eurobasket_2013,2013,classification,LightGBM Classifier,0.0,0.4589
Fold_08,eurobasket_2013_bih_mkd_62_54,eurobasket_2013,2013,classification,LightGBM Classifier,1.0,0.5006
Fold_08,eurobasket_2013_bih_srb_67_77,eurobasket_2013,2013,classification,LightGBM Classifier,0.0,0.3005
Fold_08,eurobasket_2013_cro_cze_70_53,eurobasket_2013,2013,classification,LightGBM Classifier,1.0,0.5549
Fold_08,eurobasket_2013_cro_geo_77_76,eurobasket_2013,2013,classification,LightGBM Classifier,1.0,0.5257
Fold_08,eurobasket_2013_cro_gre_92_88,eurobasket_2013,2013,classification,LightGBM Classifier,1.0,0.3491
Fold_08,eurobasket_2013_cro_ita_76_68,eurobasket_2013,2013,classification,LightGBM Classifier,1.0,0.6203
Fold_08,eurobasket_2013_cro_pol_74_70,eurobasket_2013,2013,classification,LightGBM Classifier,1.0,0.5752
Fold_08,eurobasket_2013_cro_ukr_84_72,eurobasket_2013,2013,classification,LightGBM Classifier,1.0,0.7275
Fold_08,eurobasket_2013_cze_geo_95_79,eurobasket_2013,2013,classification,LightGBM Classifier,1.0,0.3799
Fold_08,eurobasket_2013_cze_slo_60_62,eurobasket_2013,2013,classification,LightGBM Classifier,0.0,0.2387
Fold_08,eurobasket_2013_esp_cro_68_40,eurobasket_2013,2013,classification,LightGBM Classifier,1.0,0.7986
Fold_08,eurobasket_2013_esp_cro_92_66,eurobasket_2013,2013,classification,LightGBM Classifier,1.0,0.8586
Fold_08,eurobasket_2013_esp_cze_60_39,eurobasket_2013,2013,classification,LightGBM Classifier,1.0,0.8688
Fold_08,eurobasket_2013_esp_fin_82_56,eurobasket_2013,2013,classification,LightGBM Classifier,1.0,0.8245
Fold_08,eurobasket_2013_esp_fra_72_75,eurobasket_2013,2013,classification,LightGBM Classifier,0.0,0.7835
Fold_08,eurobasket_2013_fin_cro_63_88,eurobasket_2013,2013,classification,LightGBM Classifier,0.0,0.4595
Fold_08,eurobasket_2013_fin_rus_86_83,eurobasket_2013,2013,classification,LightGBM Classifier,1.0,0.2923
Fold_08,eurobasket_2013_fin_slo_92_76,eurobasket_2013,2013,classification,LightGBM Classifier,1.0,0.2729
Fold_08,eurobasket_2013_fin_swe_81_60,eurobasket_2013,2013,classification,LightGBM Classifier,1.0,0.874
Fold_08,eurobasket_2013_fra_ger_74_80,eurobasket_2013,2013,classification,LightGBM Classifier,0.0,0.7595
Fold_08,eurobasket_2013_fra_isr_82_63,eurobasket_2013,2013,classification,LightGBM Classifier,1.0,0.6355
Fold_08,eurobasket_2013_fra_lat_102_91,eurobasket_2013,2013,classification,LightGBM Classifier,1.0,0.7834
Fold_08,eurobasket_2013_fra_ltu_80_66,eurobasket_2013,2013,classification,LightGBM Classifier,1.0,0.5936
Fold_08,eurobasket_2013_gbr_fra_65_88,eurobasket_2013,2013,classification,LightGBM Classifier,0.0,0.2287
Fold_08,eurobasket_2013_gbr_ger_81_74,eurobasket_2013,2013,classification,LightGBM Classifier,1.0,0.2908
Fold_08,eurobasket_2013_gbr_ukr_68_87,eurobasket_2013,2013,classification,LightGBM Classifier,0.0,0.6826
Fold_08,eurobasket_2013_geo_esp_59_83,eurobasket_2013,2013,classification,LightGBM Classifier,0.0,0.3015
Fold_08,eurobasket_2013_geo_pol_84_67,eurobasket_2013,2013,classification,LightGBM Classifier,1.0,0.5329
Fold_08,eurobasket_2013_geo_slo_68_72,eurobasket_2013,2013,classification,LightGBM Classifier,0.0,0.3209
Fold_08,eurobasket_2013_ger_bel_73_77,eurobasket_2013,2013,classification,LightGBM Classifier,0.0,0.6813
Fold_08,eurobasket_2013_ger_isr_80_76,eurobasket_2013,2013,classification,LightGBM Classifier,1.0,0.5813
Fold_08,eurobasket_2013_ger_ukr_83_88,eurobasket_2013,2013,classification,LightGBM Classifier,0.0,0.8333
Fold_08,eurobasket_2013_gre_esp_79_75,eurobasket_2013,2013,classification,LightGBM Classifier,1.0,0.4072
Fold_08,eurobasket_2013_gre_fin_77_86,eurobasket_2013,2013,classification,LightGBM Classifier,0.0,0.8616
Fold_08,eurobasket_2013_gre_ita_72_81,eurobasket_2013,2013,classification,LightGBM Classifier,0.0,0.8339
Fold_08,eurobasket_2013_gre_rus_80_71,eurobasket_2013,2013,classification,LightGBM Classifier,1.0,0.5534
Fold_08,eurobasket_2013_gre_slo_65_73,eurobasket_2013,2013,classification,LightGBM Classifier,0.0,0.5661
Fold_08,eurobasket_2013_isr_bel_87_69,eurobasket_2013,2013,classification,LightGBM Classifier,1.0,0.6949
Fold_08,eurobasket_2013_isr_gbr_71_75,eurobasket_2013,2013,classification,LightGBM Classifier,0.0,0.4385
Fold_08,eurobasket_2013_ita_esp_86_81,eurobasket_2013,2013,classification,LightGBM Classifier,1.0,0.2267
Fold_08,eurobasket_2013_ita_fin_62_44,eurobasket_2013,2013,classification,LightGBM Classifier,1.0,0.3835
Fold_08,eurobasket_2013_ita_swe_82_79,eurobasket_2013,2013,classification,LightGBM Classifier,1.0,0.8812
Fold_08,eurobasket_2013_ita_tur_90_75,eurobasket_2013,2013,classification,LightGBM Classifier,1.0,0.3299
Fold_08,eurobasket_2013_ita_ukr_58_66,eurobasket_2013,2013,classification,LightGBM Classifier,0.0,0.7429
Fold_08,eurobasket_2013_lat_bel_56_60,eurobasket_2013,2013,classification,LightGBM Classifier,0.0,0.6949
Fold_08,eurobasket_2013_lat_bih_86_75,eurobasket_2013,2013,classification,LightGBM Classifier,1.0,0.458
Fold_08,eurobasket_2013_lat_ltu_59_67,eurobasket_2013,2013,classification,LightGBM Classifier,0.0,0.2267
Fold_08,eurobasket_2013_lat_mkd_76_66,eurobasket_2013,2013,classification,LightGBM Classifier,1.0,0.4408
Fold_08,eurobasket_2013_lat_ukr_85_51,eurobasket_2013,2013,classification,LightGBM Classifier,1.0,0.6775
Fold_08,eurobasket_2013_ltu_bel_86_67,eurobasket_2013,2013,classification,LightGBM Classifier,1.0,0.9076
Fold_08,eurobasket_2013_ltu_bih_72_78,eurobasket_2013,2013,classification,LightGBM Classifier,0.0,0.6885
Fold_08,eurobasket_2013_ltu_cro_77_62,eurobasket_2013,2013,classification,LightGBM Classifier,1.0,0.9102
Fold_08,eurobasket_2013_ltu_fra_76_62,eurobasket_2013,2013,classification,LightGBM Classifier,1.0,0.5066
Fold_08,eurobasket_2013_ltu_ita_81_77,eurobasket_2013,2013,classification,LightGBM Classifier,1.0,0.8908
Fold_08,eurobasket_2013_ltu_mkd_75_67,eurobasket_2013,2013,classification,LightGBM Classifier,1.0,0.8183
Fold_08,eurobasket_2013_ltu_mne_77_70,eurobasket_2013,2013,classification,LightGBM Classifier,1.0,0.7785
Fold_08,eurobasket_2013_mkd_mne_80_81,eurobasket_2013,2013,classification,LightGBM Classifier,0.0,0.887
Fold_08,eurobasket_2013_mkd_srb_89_75,eurobasket_2013,2013,classification,LightGBM Classifier,1.0,0.492
Fold_08,eurobasket_2013_mne_bih_70_76,eurobasket_2013,2013,classification,LightGBM Classifier,0.0,0.5194
Fold_08,eurobasket_2013_mne_lat_72_73,eurobasket_2013,2013,classification,LightGBM Classifier,0.0,0.3611
Fold_08,eurobasket_2013_mne_srb_83_76,eurobasket_2013,2013,classification,LightGBM Classifier,1.0,0.3826
Fold_08,eurobasket_2013_pol_cze_68_69,eurobasket_2013,2013,classification,LightGBM Classifier,0.0,0.536
Fold_08,eurobasket_2013_pol_esp_53_89,eurobasket_2013,2013,classification,LightGBM Classifier,0.0,0.2367
Fold_08,eurobasket_2013_rus_ita_69_76,eurobasket_2013,2013,classification,LightGBM Classifier,0.0,0.6199
Fold_08,eurobasket_2013_rus_swe_62_81,eurobasket_2013,2013,classification,LightGBM Classifier,0.0,0.9237
Fold_08,eurobasket_2013_slo_cro_74_76,eurobasket_2013,2013,classification,LightGBM Classifier,0.0,0.634
Fold_08,eurobasket_2013_slo_esp_78_69,eurobasket_2013,2013,classification,LightGBM Classifier,1.0,0.4106
Fold_08,eurobasket_2013_slo_fra_62_72,eurobasket_2013,2013,classification,LightGBM Classifier,0.0,0.559
Fold_08,eurobasket_2013_slo_ita_84_77,eurobasket_2013,2013,classification,LightGBM Classifier,1.0,0.6107
Fold_08,eurobasket_2013_slo_pol_61_71,eurobasket_2013,2013,classification,LightGBM Classifier,0.0,0.6243
Fold_08,eurobasket_2013_slo_ukr_69_63,eurobasket_2013,2013,classification,LightGBM Classifier,1.0,0.7564
Fold_08,eurobasket_2013_srb_esp_60_90,eurobasket_2013,2013,classification,LightGBM Classifier,0.0,0.4395
Fold_08,eurobasket_2013_srb_fra_77_65,eurobasket_2013,2013,classification,LightGBM Classifier,1.0,0.461
Fold_08,eurobasket_2013_srb_ita_76_64,eurobasket_2013,2013,classification,LightGBM Classifier,1.0,0.7183
Fold_08,eurobasket_2013_srb_lat_74_69,eurobasket_2013,2013,classification,LightGBM Classifier,1.0,0.8654
Fold_08,eurobasket_2013_srb_ltu_63_56,eurobasket_2013,2013,classification,LightGBM Classifier,1.0,0.3221
Fold_08,eurobasket_2013_srb_slo_74_92,eurobasket_2013,2013,classification,LightGBM Classifier,0.0,0.4554
Fold_08,eurobasket_2013_swe_gre_51_79,eurobasket_2013,2013,classification,LightGBM Classifier,0.0,0.0732
Fold_08,eurobasket_2013_swe_tur_74_87,eurobasket_2013,2013,classification,LightGBM Classifier,0.0,0.1466
Fold_08,eurobasket_2013_tur_fin_55_61,eurobasket_2013,2013,classification,LightGBM Classifier,0.0,0.5706
Fold_08,eurobasket_2013_tur_gre_61_84,eurobasket_2013,2013,classification,LightGBM Classifier,0.0,0.3561
Fold_08,eurobasket_2013_tur_rus_77_89,eurobasket_2013,2013,classification,LightGBM Classifier,0.0,0.3484
Fold_08,eurobasket_2013_ukr_fra_71_77,eurobasket_2013,2013,classification,LightGBM Classifier,0.0,0.2744
Fold_08,eurobasket_2013_ukr_isr_74_67,eurobasket_2013,2013,classification,LightGBM Classifier,1.0,0.4785
Fold_08,eurobasket_2013_ukr_ltu_63_70,eurobasket_2013,2013,classification,LightGBM Classifier,0.0,0.2603
Fold_08,eurobasket_2013_ukr_srb_82_75,eurobasket_2013,2013,classification,LightGBM Classifier,1.0,0.4262
Fold_08,eurobasket_2013_bel_fra_65_82,eurobasket_2013,2013,regression,Naive Margin (0.0 pts),-17.0,0.0
Fold_08,eurobasket_2013_bel_gbr_76_71,eurobasket_2013,2013,regression,Naive Margin (0.0 pts),5.0,0.0
Fold_08,eurobasket_2013_bel_srb_69_76,eurobasket_2013,2013,regression,Naive Margin (0.0 pts),-7.0,0.0
Fold_08,eurobasket_2013_bel_ukr_57_58,eurobasket_2013,2013,regression,Naive Margin (0.0 pts),-1.0,0.0
Fold_08,eurobasket_2013_bih_mkd_62_54,eurobasket_2013,2013,regression,Naive Margin (0.0 pts),8.0,0.0
Fold_08,eurobasket_2013_bih_srb_67_77,eurobasket_2013,2013,regression,Naive Margin (0.0 pts),-10.0,0.0
Fold_08,eurobasket_2013_cro_cze_70_53,eurobasket_2013,2013,regression,Naive Margin (0.0 pts),17.0,0.0
Fold_08,eurobasket_2013_cro_geo_77_76,eurobasket_2013,2013,regression,Naive Margin (0.0 pts),1.0,0.0
Fold_08,eurobasket_2013_cro_gre_92_88,eurobasket_2013,2013,regression,Naive Margin (0.0 pts),4.0,0.0
Fold_08,eurobasket_2013_cro_ita_76_68,eurobasket_2013,2013,regression,Naive Margin (0.0 pts),8.0,0.0
Fold_08,eurobasket_2013_cro_pol_74_70,eurobasket_2013,2013,regression,Naive Margin (0.0 pts),4.0,0.0
Fold_08,eurobasket_2013_cro_ukr_84_72,eurobasket_2013,2013,regression,Naive Margin (0.0 pts),12.0,0.0
Fold_08,eurobasket_2013_cze_geo_95_79,eurobasket_2013,2013,regression,Naive Margin (0.0 pts),16.0,0.0
Fold_08,eurobasket_2013_cze_slo_60_62,eurobasket_2013,2013,regression,Naive Margin (0.0 pts),-2.0,0.0
Fold_08,eurobasket_2013_esp_cro_68_40,eurobasket_2013,2013,regression,Naive Margin (0.0 pts),28.0,0.0
Fold_08,eurobasket_2013_esp_cro_92_66,eurobasket_2013,2013,regression,Naive Margin (0.0 pts),26.0,0.0
Fold_08,eurobasket_2013_esp_cze_60_39,eurobasket_2013,2013,regression,Naive Margin (0.0 pts),21.0,0.0
Fold_08,eurobasket_2013_esp_fin_82_56,eurobasket_2013,2013,regression,Naive Margin (0.0 pts),26.0,0.0
Fold_08,eurobasket_2013_esp_fra_72_75,eurobasket_2013,2013,regression,Naive Margin (0.0 pts),-3.0,0.0
Fold_08,eurobasket_2013_fin_cro_63_88,eurobasket_2013,2013,regression,Naive Margin (0.0 pts),-25.0,0.0
Fold_08,eurobasket_2013_fin_rus_86_83,eurobasket_2013,2013,regression,Naive Margin (0.0 pts),3.0,0.0
Fold_08,eurobasket_2013_fin_slo_92_76,eurobasket_2013,2013,regression,Naive Margin (0.0 pts),16.0,0.0
Fold_08,eurobasket_2013_fin_swe_81_60,eurobasket_2013,2013,regression,Naive Margin (0.0 pts),21.0,0.0
Fold_08,eurobasket_2013_fra_ger_74_80,eurobasket_2013,2013,regression,Naive Margin (0.0 pts),-6.0,0.0
Fold_08,eurobasket_2013_fra_isr_82_63,eurobasket_2013,2013,regression,Naive Margin (0.0 pts),19.0,0.0
Fold_08,eurobasket_2013_fra_lat_102_91,eurobasket_2013,2013,regression,Naive Margin (0.0 pts),11.0,0.0
Fold_08,eurobasket_2013_fra_ltu_80_66,eurobasket_2013,2013,regression,Naive Margin (0.0 pts),14.0,0.0
Fold_08,eurobasket_2013_gbr_fra_65_88,eurobasket_2013,2013,regression,Naive Margin (0.0 pts),-23.0,0.0
Fold_08,eurobasket_2013_gbr_ger_81_74,eurobasket_2013,2013,regression,Naive Margin (0.0 pts),7.0,0.0
Fold_08,eurobasket_2013_gbr_ukr_68_87,eurobasket_2013,2013,regression,Naive Margin (0.0 pts),-19.0,0.0
Fold_08,eurobasket_2013_geo_esp_59_83,eurobasket_2013,2013,regression,Naive Margin (0.0 pts),-24.0,0.0
Fold_08,eurobasket_2013_geo_pol_84_67,eurobasket_2013,2013,regression,Naive Margin (0.0 pts),17.0,0.0
Fold_08,eurobasket_2013_geo_slo_68_72,eurobasket_2013,2013,regression,Naive Margin (0.0 pts),-4.0,0.0
Fold_08,eurobasket_2013_ger_bel_73_77,eurobasket_2013,2013,regression,Naive Margin (0.0 pts),-4.0,0.0
Fold_08,eurobasket_2013_ger_isr_80_76,eurobasket_2013,2013,regression,Naive Margin (0.0 pts),4.0,0.0
Fold_08,eurobasket_2013_ger_ukr_83_88,eurobasket_2013,2013,regression,Naive Margin (0.0 pts),-5.0,0.0
Fold_08,eurobasket_2013_gre_esp_79_75,eurobasket_2013,2013,regression,Naive Margin (0.0 pts),4.0,0.0
Fold_08,eurobasket_2013_gre_fin_77_86,eurobasket_2013,2013,regression,Naive Margin (0.0 pts),-9.0,0.0
Fold_08,eurobasket_2013_gre_ita_72_81,eurobasket_2013,2013,regression,Naive Margin (0.0 pts),-9.0,0.0
Fold_08,eurobasket_2013_gre_rus_80_71,eurobasket_2013,2013,regression,Naive Margin (0.0 pts),9.0,0.0
Fold_08,eurobasket_2013_gre_slo_65_73,eurobasket_2013,2013,regression,Naive Margin (0.0 pts),-8.0,0.0
Fold_08,eurobasket_2013_isr_bel_87_69,eurobasket_2013,2013,regression,Naive Margin (0.0 pts),18.0,0.0
Fold_08,eurobasket_2013_isr_gbr_71_75,eurobasket_2013,2013,regression,Naive Margin (0.0 pts),-4.0,0.0
Fold_08,eurobasket_2013_ita_esp_86_81,eurobasket_2013,2013,regression,Naive Margin (0.0 pts),5.0,0.0
Fold_08,eurobasket_2013_ita_fin_62_44,eurobasket_2013,2013,regression,Naive Margin (0.0 pts),18.0,0.0
Fold_08,eurobasket_2013_ita_swe_82_79,eurobasket_2013,2013,regression,Naive Margin (0.0 pts),3.0,0.0
Fold_08,eurobasket_2013_ita_tur_90_75,eurobasket_2013,2013,regression,Naive Margin (0.0 pts),15.0,0.0
Fold_08,eurobasket_2013_ita_ukr_58_66,eurobasket_2013,2013,regression,Naive Margin (0.0 pts),-8.0,0.0
Fold_08,eurobasket_2013_lat_bel_56_60,eurobasket_2013,2013,regression,Naive Margin (0.0 pts),-4.0,0.0
Fold_08,eurobasket_2013_lat_bih_86_75,eurobasket_2013,2013,regression,Naive Margin (0.0 pts),11.0,0.0
Fold_08,eurobasket_2013_lat_ltu_59_67,eurobasket_2013,2013,regression,Naive Margin (0.0 pts),-8.0,0.0
Fold_08,eurobasket_2013_lat_mkd_76_66,eurobasket_2013,2013,regression,Naive Margin (0.0 pts),10.0,0.0
Fold_08,eurobasket_2013_lat_ukr_85_51,eurobasket_2013,2013,regression,Naive Margin (0.0 pts),34.0,0.0
Fold_08,eurobasket_2013_ltu_bel_86_67,eurobasket_2013,2013,regression,Naive Margin (0.0 pts),19.0,0.0
Fold_08,eurobasket_2013_ltu_bih_72_78,eurobasket_2013,2013,regression,Naive Margin (0.0 pts),-6.0,0.0
Fold_08,eurobasket_2013_ltu_cro_77_62,eurobasket_2013,2013,regression,Naive Margin (0.0 pts),15.0,0.0
Fold_08,eurobasket_2013_ltu_fra_76_62,eurobasket_2013,2013,regression,Naive Margin (0.0 pts),14.0,0.0
Fold_08,eurobasket_2013_ltu_ita_81_77,eurobasket_2013,2013,regression,Naive Margin (0.0 pts),4.0,0.0
Fold_08,eurobasket_2013_ltu_mkd_75_67,eurobasket_2013,2013,regression,Naive Margin (0.0 pts),8.0,0.0
Fold_08,eurobasket_2013_ltu_mne_77_70,eurobasket_2013,2013,regression,Naive Margin (0.0 pts),7.0,0.0
Fold_08,eurobasket_2013_mkd_mne_80_81,eurobasket_2013,2013,regression,Naive Margin (0.0 pts),-1.0,0.0
Fold_08,eurobasket_2013_mkd_srb_89_75,eurobasket_2013,2013,regression,Naive Margin (0.0 pts),14.0,0.0
Fold_08,eurobasket_2013_mne_bih_70_76,eurobasket_2013,2013,regression,Naive Margin (0.0 pts),-6.0,0.0
Fold_08,eurobasket_2013_mne_lat_72_73,eurobasket_2013,2013,regression,Naive Margin (0.0 pts),-1.0,0.0
Fold_08,eurobasket_2013_mne_srb_83_76,eurobasket_2013,2013,regression,Naive Margin (0.0 pts),7.0,0.0
Fold_08,eurobasket_2013_pol_cze_68_69,eurobasket_2013,2013,regression,Naive Margin (0.0 pts),-1.0,0.0
Fold_08,eurobasket_2013_pol_esp_53_89,eurobasket_2013,2013,regression,Naive Margin (0.0 pts),-36.0,0.0
Fold_08,eurobasket_2013_rus_ita_69_76,eurobasket_2013,2013,regression,Naive Margin (0.0 pts),-7.0,0.0
Fold_08,eurobasket_2013_rus_swe_62_81,eurobasket_2013,2013,regression,Naive Margin (0.0 pts),-19.0,0.0
Fold_08,eurobasket_2013_slo_cro_74_76,eurobasket_2013,2013,regression,Naive Margin (0.0 pts),-2.0,0.0
Fold_08,eurobasket_2013_slo_esp_78_69,eurobasket_2013,2013,regression,Naive Margin (0.0 pts),9.0,0.0
Fold_08,eurobasket_2013_slo_fra_62_72,eurobasket_2013,2013,regression,Naive Margin (0.0 pts),-10.0,0.0
Fold_08,eurobasket_2013_slo_ita_84_77,eurobasket_2013,2013,regression,Naive Margin (0.0 pts),7.0,0.0
Fold_08,eurobasket_2013_slo_pol_61_71,eurobasket_2013,2013,regression,Naive Margin (0.0 pts),-10.0,0.0
Fold_08,eurobasket_2013_slo_ukr_69_63,eurobasket_2013,2013,regression,Naive Margin (0.0 pts),6.0,0.0
Fold_08,eurobasket_2013_srb_esp_60_90,eurobasket_2013,2013,regression,Naive Margin (0.0 pts),-30.0,0.0
Fold_08,eurobasket_2013_srb_fra_77_65,eurobasket_2013,2013,regression,Naive Margin (0.0 pts),12.0,0.0
Fold_08,eurobasket_2013_srb_ita_76_64,eurobasket_2013,2013,regression,Naive Margin (0.0 pts),12.0,0.0
Fold_08,eurobasket_2013_srb_lat_74_69,eurobasket_2013,2013,regression,Naive Margin (0.0 pts),5.0,0.0
Fold_08,eurobasket_2013_srb_ltu_63_56,eurobasket_2013,2013,regression,Naive Margin (0.0 pts),7.0,0.0
Fold_08,eurobasket_2013_srb_slo_74_92,eurobasket_2013,2013,regression,Naive Margin (0.0 pts),-18.0,0.0
Fold_08,eurobasket_2013_swe_gre_51_79,eurobasket_2013,2013,regression,Naive Margin (0.0 pts),-28.0,0.0
Fold_08,eurobasket_2013_swe_tur_74_87,eurobasket_2013,2013,regression,Naive Margin (0.0 pts),-13.0,0.0
Fold_08,eurobasket_2013_tur_fin_55_61,eurobasket_2013,2013,regression,Naive Margin (0.0 pts),-6.0,0.0
Fold_08,eurobasket_2013_tur_gre_61_84,eurobasket_2013,2013,regression,Naive Margin (0.0 pts),-23.0,0.0
Fold_08,eurobasket_2013_tur_rus_77_89,eurobasket_2013,2013,regression,Naive Margin (0.0 pts),-12.0,0.0
Fold_08,eurobasket_2013_ukr_fra_71_77,eurobasket_2013,2013,regression,Naive Margin (0.0 pts),-6.0,0.0
Fold_08,eurobasket_2013_ukr_isr_74_67,eurobasket_2013,2013,regression,Naive Margin (0.0 pts),7.0,0.0
Fold_08,eurobasket_2013_ukr_ltu_63_70,eurobasket_2013,2013,regression,Naive Margin (0.0 pts),-7.0,0.0
Fold_08,eurobasket_2013_ukr_srb_82_75,eurobasket_2013,2013,regression,Naive Margin (0.0 pts),7.0,0.0
Fold_08,eurobasket_2013_bel_fra_65_82,eurobasket_2013,2013,regression,Ridge Regressor,-17.0,-16.256
Fold_08,eurobasket_2013_bel_gbr_76_71,eurobasket_2013,2013,regression,Ridge Regressor,5.0,-4.951
Fold_08,eurobasket_2013_bel_srb_69_76,eurobasket_2013,2013,regression,Ridge Regressor,-7.0,-13.756
Fold_08,eurobasket_2013_bel_ukr_57_58,eurobasket_2013,2013,regression,Ridge Regressor,-1.0,-2.572
Fold_08,eurobasket_2013_bih_mkd_62_54,eurobasket_2013,2013,regression,Ridge Regressor,8.0,-5.426
Fold_08,eurobasket_2013_bih_srb_67_77,eurobasket_2013,2013,regression,Ridge Regressor,-10.0,-10.32
Fold_08,eurobasket_2013_cro_cze_70_53,eurobasket_2013,2013,regression,Ridge Regressor,17.0,11.179
Fold_08,eurobasket_2013_cro_geo_77_76,eurobasket_2013,2013,regression,Ridge Regressor,1.0,5.732
Fold_08,eurobasket_2013_cro_gre_92_88,eurobasket_2013,2013,regression,Ridge Regressor,4.0,-3.871
Fold_08,eurobasket_2013_cro_ita_76_68,eurobasket_2013,2013,regression,Ridge Regressor,8.0,3.301
Fold_08,eurobasket_2013_cro_pol_74_70,eurobasket_2013,2013,regression,Ridge Regressor,4.0,8.182
Fold_08,eurobasket_2013_cro_ukr_84_72,eurobasket_2013,2013,regression,Ridge Regressor,12.0,15.946
Fold_08,eurobasket_2013_cze_geo_95_79,eurobasket_2013,2013,regression,Ridge Regressor,16.0,-4.539
Fold_08,eurobasket_2013_cze_slo_60_62,eurobasket_2013,2013,regression,Ridge Regressor,-2.0,-12.486
Fold_08,eurobasket_2013_esp_cro_68_40,eurobasket_2013,2013,regression,Ridge Regressor,28.0,11.062
Fold_08,eurobasket_2013_esp_cro_92_66,eurobasket_2013,2013,regression,Ridge Regressor,26.0,16.006
Fold_08,eurobasket_2013_esp_cze_60_39,eurobasket_2013,2013,regression,Ridge Regressor,21.0,21.333
Fold_08,eurobasket_2013_esp_fin_82_56,eurobasket_2013,2013,regression,Ridge Regressor,26.0,15.288
Fold_08,eurobasket_2013_esp_fra_72_75,eurobasket_2013,2013,regression,Ridge Regressor,-3.0,12.415
Fold_08,eurobasket_2013_fin_cro_63_88,eurobasket_2013,2013,regression,Ridge Regressor,-25.0,-3.319
Fold_08,eurobasket_2013_fin_rus_86_83,eurobasket_2013,2013,regression,Ridge Regressor,3.0,-8.15
Fold_08,eurobasket_2013_fin_slo_92_76,eurobasket_2013,2013,regression,Ridge Regressor,16.0,-6.442
Fold_08,eurobasket_2013_fin_swe_81_60,eurobasket_2013,2013,regression,Ridge Regressor,21.0,2.923
Fold_08,eurobasket_2013_fra_ger_74_80,eurobasket_2013,2013,regression,Ridge Regressor,-6.0,4.799
Fold_08,eurobasket_2013_fra_isr_82_63,eurobasket_2013,2013,regression,Ridge Regressor,19.0,12.082
Fold_08,eurobasket_2013_fra_lat_102_91,eurobasket_2013,2013,regression,Ridge Regressor,11.0,11.918
Fold_08,eurobasket_2013_fra_ltu_80_66,eurobasket_2013,2013,regression,Ridge Regressor,14.0,3.985
Fold_08,eurobasket_2013_gbr_fra_65_88,eurobasket_2013,2013,regression,Ridge Regressor,-23.0,-10.398
Fold_08,eurobasket_2013_gbr_ger_81_74,eurobasket_2013,2013,regression,Ridge Regressor,7.0,-6.508
Fold_08,eurobasket_2013_gbr_ukr_68_87,eurobasket_2013,2013,regression,Ridge Regressor,-19.0,3.288
Fold_08,eurobasket_2013_geo_esp_59_83,eurobasket_2013,2013,regression,Ridge Regressor,-24.0,-14.068
Fold_08,eurobasket_2013_geo_pol_84_67,eurobasket_2013,2013,regression,Ridge Regressor,17.0,3.359
Fold_08,eurobasket_2013_geo_slo_68_72,eurobasket_2013,2013,regression,Ridge Regressor,-4.0,-7.038
Fold_08,eurobasket_2013_ger_bel_73_77,eurobasket_2013,2013,regression,Ridge Regressor,-4.0,14.183
Fold_08,eurobasket_2013_ger_isr_80_76,eurobasket_2013,2013,regression,Ridge Regressor,4.0,8.193
Fold_08,eurobasket_2013_ger_ukr_83_88,eurobasket_2013,2013,regression,Ridge Regressor,-5.0,10.705
Fold_08,eurobasket_2013_gre_esp_79_75,eurobasket_2013,2013,regression,Ridge Regressor,4.0,-4.465
Fold_08,eurobasket_2013_gre_fin_77_86,eurobasket_2013,2013,regression,Ridge Regressor,-9.0,9.915
Fold_08,eurobasket_2013_gre_ita_72_81,eurobasket_2013,2013,regression,Ridge Regressor,-9.0,8.081
Fold_08,eurobasket_2013_gre_rus_80_71,eurobasket_2013,2013,regression,Ridge Regressor,9.0,0.857
Fold_08,eurobasket_2013_gre_slo_65_73,eurobasket_2013,2013,regression,Ridge Regressor,-8.0,2.565
Fold_08,eurobasket_2013_isr_bel_87_69,eurobasket_2013,2013,regression,Ridge Regressor,18.0,6.899
Fold_08,eurobasket_2013_isr_gbr_71_75,eurobasket_2013,2013,regression,Ridge Regressor,-4.0,1.04
Fold_08,eurobasket_2013_ita_esp_86_81,eurobasket_2013,2013,regression,Ridge Regressor,5.0,-11.638
Fold_08,eurobasket_2013_ita_fin_62_44,eurobasket_2013,2013,regression,Ridge Regressor,18.0,2.743
Fold_08,eurobasket_2013_ita_swe_82_79,eurobasket_2013,2013,regression,Ridge Regressor,3.0,4.758
Fold_08,eurobasket_2013_ita_tur_90_75,eurobasket_2013,2013,regression,Ridge Regressor,15.0,-3.106
Fold_08,eurobasket_2013_ita_ukr_58_66,eurobasket_2013,2013,regression,Ridge Regressor,-8.0,13.553
Fold_08,eurobasket_2013_lat_bel_56_60,eurobasket_2013,2013,regression,Ridge Regressor,-4.0,7.064
Fold_08,eurobasket_2013_lat_bih_86_75,eurobasket_2013,2013,regression,Ridge Regressor,11.0,3.629
Fold_08,eurobasket_2013_lat_ltu_59_67,eurobasket_2013,2013,regression,Ridge Regressor,-8.0,-11.968
Fold_08,eurobasket_2013_lat_mkd_76_66,eurobasket_2013,2013,regression,Ridge Regressor,10.0,-2.705
Fold_08,eurobasket_2013_lat_ukr_85_51,eurobasket_2013,2013,regression,Ridge Regressor,34.0,3.584
Fold_08,eurobasket_2013_ltu_bel_86_67,eurobasket_2013,2013,regression,Ridge Regressor,19.0,19.94
Fold_08,eurobasket_2013_ltu_bih_72_78,eurobasket_2013,2013,regression,Ridge Regressor,-6.0,16.505
Fold_08,eurobasket_2013_ltu_cro_77_62,eurobasket_2013,2013,regression,Ridge Regressor,15.0,11.311
Fold_08,eurobasket_2013_ltu_fra_76_62,eurobasket_2013,2013,regression,Ridge Regressor,14.0,2.775
Fold_08,eurobasket_2013_ltu_ita_81_77,eurobasket_2013,2013,regression,Ridge Regressor,4.0,13.702
Fold_08,eurobasket_2013_ltu_mkd_75_67,eurobasket_2013,2013,regression,Ridge Regressor,8.0,10.171
Fold_08,eurobasket_2013_ltu_mne_77_70,eurobasket_2013,2013,regression,Ridge Regressor,7.0,14.516
Fold_08,eurobasket_2013_mkd_mne_80_81,eurobasket_2013,2013,regression,Ridge Regressor,-1.0,5.253
Fold_08,eurobasket_2013_mkd_srb_89_75,eurobasket_2013,2013,regression,Ridge Regressor,14.0,-3.986
Fold_08,eurobasket_2013_mne_bih_70_76,eurobasket_2013,2013,regression,Ridge Regressor,-6.0,2.898
Fold_08,eurobasket_2013_mne_lat_72_73,eurobasket_2013,2013,regression,Ridge Regressor,-1.0,0.177
Fold_08,eurobasket_2013_mne_srb_83_76,eurobasket_2013,2013,regression,Ridge Regressor,7.0,-8.33
Fold_08,eurobasket_2013_pol_cze_68_69,eurobasket_2013,2013,regression,Ridge Regressor,-1.0,3.906
Fold_08,eurobasket_2013_pol_esp_53_89,eurobasket_2013,2013,regression,Ridge Regressor,-36.0,-16.519
Fold_08,eurobasket_2013_rus_ita_69_76,eurobasket_2013,2013,regression,Ridge Regressor,-7.0,8.133
Fold_08,eurobasket_2013_rus_swe_62_81,eurobasket_2013,2013,regression,Ridge Regressor,-19.0,11.982
Fold_08,eurobasket_2013_slo_cro_74_76,eurobasket_2013,2013,regression,Ridge Regressor,-2.0,4.032
Fold_08,eurobasket_2013_slo_esp_78_69,eurobasket_2013,2013,regression,Ridge Regressor,9.0,-6.122
Fold_08,eurobasket_2013_slo_fra_62_72,eurobasket_2013,2013,regression,Ridge Regressor,-10.0,5.384
Fold_08,eurobasket_2013_slo_ita_84_77,eurobasket_2013,2013,regression,Ridge Regressor,7.0,6.424
Fold_08,eurobasket_2013_slo_pol_61_71,eurobasket_2013,2013,regression,Ridge Regressor,-10.0,11.305
Fold_08,eurobasket_2013_slo_ukr_69_63,eurobasket_2013,2013,regression,Ridge Regressor,6.0,19.069
Fold_08,eurobasket_2013_srb_esp_60_90,eurobasket_2013,2013,regression,Ridge Regressor,-30.0,-3.212
Fold_08,eurobasket_2013_srb_fra_77_65,eurobasket_2013,2013,regression,Ridge Regressor,12.0,-1.593
Fold_08,eurobasket_2013_srb_ita_76_64,eurobasket_2013,2013,regression,Ridge Regressor,12.0,9.335
Fold_08,eurobasket_2013_srb_lat_74_69,eurobasket_2013,2013,regression,Ridge Regressor,5.0,9.418
Fold_08,eurobasket_2013_srb_ltu_63_56,eurobasket_2013,2013,regression,Ridge Regressor,7.0,-3.459
Fold_08,eurobasket_2013_srb_slo_74_92,eurobasket_2013,2013,regression,Ridge Regressor,-18.0,3.819
Fold_08,eurobasket_2013_swe_gre_51_79,eurobasket_2013,2013,regression,Ridge Regressor,-28.0,-10.113
Fold_08,eurobasket_2013_swe_tur_74_87,eurobasket_2013,2013,regression,Ridge Regressor,-13.0,-6.956
Fold_08,eurobasket_2013_tur_fin_55_61,eurobasket_2013,2013,regression,Ridge Regressor,-6.0,6.757
Fold_08,eurobasket_2013_tur_gre_61_84,eurobasket_2013,2013,regression,Ridge Regressor,-23.0,-2.249
Fold_08,eurobasket_2013_tur_rus_77_89,eurobasket_2013,2013,regression,Ridge Regressor,-12.0,-2.301
Fold_08,eurobasket_2013_ukr_fra_71_77,eurobasket_2013,2013,regression,Ridge Regressor,-6.0,-12.777
Fold_08,eurobasket_2013_ukr_isr_74_67,eurobasket_2013,2013,regression,Ridge Regressor,7.0,-1.603
Fold_08,eurobasket_2013_ukr_ltu_63_70,eurobasket_2013,2013,regression,Ridge Regressor,-7.0,-14.645
Fold_08,eurobasket_2013_ukr_srb_82_75,eurobasket_2013,2013,regression,Ridge Regressor,7.0,-10.277
Fold_08,eurobasket_2013_bel_fra_65_82,eurobasket_2013,2013,regression,ElasticNet Regressor,-17.0,-16.92
Fold_08,eurobasket_2013_bel_gbr_76_71,eurobasket_2013,2013,regression,ElasticNet Regressor,5.0,-4.875
Fold_08,eurobasket_2013_bel_srb_69_76,eurobasket_2013,2013,regression,ElasticNet Regressor,-7.0,-13.927
Fold_08,eurobasket_2013_bel_ukr_57_58,eurobasket_2013,2013,regression,ElasticNet Regressor,-1.0,-2.644
Fold_08,eurobasket_2013_bih_mkd_62_54,eurobasket_2013,2013,regression,ElasticNet Regressor,8.0,-5.472
Fold_08,eurobasket_2013_bih_srb_67_77,eurobasket_2013,2013,regression,ElasticNet Regressor,-10.0,-10.529
Fold_08,eurobasket_2013_cro_cze_70_53,eurobasket_2013,2013,regression,ElasticNet Regressor,17.0,11.85
Fold_08,eurobasket_2013_cro_geo_77_76,eurobasket_2013,2013,regression,ElasticNet Regressor,1.0,6.303
Fold_08,eurobasket_2013_cro_gre_92_88,eurobasket_2013,2013,regression,ElasticNet Regressor,4.0,-4.087
Fold_08,eurobasket_2013_cro_ita_76_68,eurobasket_2013,2013,regression,ElasticNet Regressor,8.0,3.696
Fold_08,eurobasket_2013_cro_pol_74_70,eurobasket_2013,2013,regression,ElasticNet Regressor,4.0,8.686
Fold_08,eurobasket_2013_cro_ukr_84_72,eurobasket_2013,2013,regression,ElasticNet Regressor,12.0,14.597
Fold_08,eurobasket_2013_cze_geo_95_79,eurobasket_2013,2013,regression,ElasticNet Regressor,16.0,-4.651
Fold_08,eurobasket_2013_cze_slo_60_62,eurobasket_2013,2013,regression,ElasticNet Regressor,-2.0,-13.256
Fold_08,eurobasket_2013_esp_cro_68_40,eurobasket_2013,2013,regression,ElasticNet Regressor,28.0,11.259
Fold_08,eurobasket_2013_esp_cro_92_66,eurobasket_2013,2013,regression,ElasticNet Regressor,26.0,14.488
Fold_08,eurobasket_2013_esp_cze_60_39,eurobasket_2013,2013,regression,ElasticNet Regressor,21.0,22.213
Fold_08,eurobasket_2013_esp_fin_82_56,eurobasket_2013,2013,regression,ElasticNet Regressor,26.0,16.112
Fold_08,eurobasket_2013_esp_fra_72_75,eurobasket_2013,2013,regression,ElasticNet Regressor,-3.0,10.684
Fold_08,eurobasket_2013_fin_cro_63_88,eurobasket_2013,2013,regression,ElasticNet Regressor,-25.0,-3.957
Fold_08,eurobasket_2013_fin_rus_86_83,eurobasket_2013,2013,regression,ElasticNet Regressor,3.0,-8.981
Fold_08,eurobasket_2013_fin_slo_92_76,eurobasket_2013,2013,regression,ElasticNet Regressor,16.0,-7.156
Fold_08,eurobasket_2013_fin_swe_81_60,eurobasket_2013,2013,regression,ElasticNet Regressor,21.0,1.76
Fold_08,eurobasket_2013_fra_ger_74_80,eurobasket_2013,2013,regression,ElasticNet Regressor,-6.0,4.889
Fold_08,eurobasket_2013_fra_isr_82_63,eurobasket_2013,2013,regression,ElasticNet Regressor,19.0,12.741
Fold_08,eurobasket_2013_fra_lat_102_91,eurobasket_2013,2013,regression,ElasticNet Regressor,11.0,12.571
Fold_08,eurobasket_2013_fra_ltu_80_66,eurobasket_2013,2013,regression,ElasticNet Regressor,14.0,2.178
Fold_08,eurobasket_2013_gbr_fra_65_88,eurobasket_2013,2013,regression,ElasticNet Regressor,-23.0,-11.149
Fold_08,eurobasket_2013_gbr_ger_81_74,eurobasket_2013,2013,regression,ElasticNet Regressor,7.0,-7.156
Fold_08,eurobasket_2013_gbr_ukr_68_87,eurobasket_2013,2013,regression,ElasticNet Regressor,-19.0,3.128
Fold_08,eurobasket_2013_geo_esp_59_83,eurobasket_2013,2013,regression,ElasticNet Regressor,-24.0,-14.873
Fold_08,eurobasket_2013_geo_pol_84_67,eurobasket_2013,2013,regression,ElasticNet Regressor,17.0,3.279
Fold_08,eurobasket_2013_geo_slo_68_72,eurobasket_2013,2013,regression,ElasticNet Regressor,-4.0,-7.709
Fold_08,eurobasket_2013_ger_bel_73_77,eurobasket_2013,2013,regression,ElasticNet Regressor,-4.0,14.72
Fold_08,eurobasket_2013_ger_isr_80_76,eurobasket_2013,2013,regression,ElasticNet Regressor,4.0,8.749
Fold_08,eurobasket_2013_ger_ukr_83_88,eurobasket_2013,2013,regression,ElasticNet Regressor,-5.0,11.18
Fold_08,eurobasket_2013_gre_esp_79_75,eurobasket_2013,2013,regression,ElasticNet Regressor,4.0,-4.482
Fold_08,eurobasket_2013_gre_fin_77_86,eurobasket_2013,2013,regression,ElasticNet Regressor,-9.0,10.733
Fold_08,eurobasket_2013_gre_ita_72_81,eurobasket_2013,2013,regression,ElasticNet Regressor,-9.0,8.68
Fold_08,eurobasket_2013_gre_rus_80_71,eurobasket_2013,2013,regression,ElasticNet Regressor,9.0,0.857
Fold_08,eurobasket_2013_gre_slo_65_73,eurobasket_2013,2013,regression,ElasticNet Regressor,-8.0,2.682
Fold_08,eurobasket_2013_isr_bel_87_69,eurobasket_2013,2013,regression,ElasticNet Regressor,18.0,6.867
Fold_08,eurobasket_2013_isr_gbr_71_75,eurobasket_2013,2013,regression,ElasticNet Regressor,-4.0,1.096
Fold_08,eurobasket_2013_ita_esp_86_81,eurobasket_2013,2013,regression,ElasticNet Regressor,5.0,-12.266
Fold_08,eurobasket_2013_ita_fin_62_44,eurobasket_2013,2013,regression,ElasticNet Regressor,18.0,2.95
Fold_08,eurobasket_2013_ita_swe_82_79,eurobasket_2013,2013,regression,ElasticNet Regressor,3.0,3.814
Fold_08,eurobasket_2013_ita_tur_90_75,eurobasket_2013,2013,regression,ElasticNet Regressor,15.0,-3.567
Fold_08,eurobasket_2013_ita_ukr_58_66,eurobasket_2013,2013,regression,ElasticNet Regressor,-8.0,11.797
Fold_08,eurobasket_2013_lat_bel_56_60,eurobasket_2013,2013,regression,ElasticNet Regressor,-4.0,7.037
Fold_08,eurobasket_2013_lat_bih_86_75,eurobasket_2013,2013,regression,ElasticNet Regressor,11.0,3.64
Fold_08,eurobasket_2013_lat_ltu_59_67,eurobasket_2013,2013,regression,ElasticNet Regressor,-8.0,-12.727
Fold_08,eurobasket_2013_lat_mkd_76_66,eurobasket_2013,2013,regression,ElasticNet Regressor,10.0,-2.728
Fold_08,eurobasket_2013_lat_ukr_85_51,eurobasket_2013,2013,regression,ElasticNet Regressor,34.0,3.497
Fold_08,eurobasket_2013_ltu_bel_86_67,eurobasket_2013,2013,regression,ElasticNet Regressor,19.0,20.66
Fold_08,eurobasket_2013_ltu_bih_72_78,eurobasket_2013,2013,regression,ElasticNet Regressor,-6.0,17.263
Fold_08,eurobasket_2013_ltu_cro_77_62,eurobasket_2013,2013,regression,ElasticNet Regressor,15.0,9.878
Fold_08,eurobasket_2013_ltu_fra_76_62,eurobasket_2013,2013,regression,ElasticNet Regressor,14.0,2.843
Fold_08,eurobasket_2013_ltu_ita_81_77,eurobasket_2013,2013,regression,ElasticNet Regressor,4.0,12.677
Fold_08,eurobasket_2013_ltu_mkd_75_67,eurobasket_2013,2013,regression,ElasticNet Regressor,8.0,10.895
Fold_08,eurobasket_2013_ltu_mne_77_70,eurobasket_2013,2013,regression,ElasticNet Regressor,7.0,15.317
Fold_08,eurobasket_2013_mkd_mne_80_81,eurobasket_2013,2013,regression,ElasticNet Regressor,-1.0,5.318
Fold_08,eurobasket_2013_mkd_srb_89_75,eurobasket_2013,2013,regression,ElasticNet Regressor,14.0,-4.162
Fold_08,eurobasket_2013_mne_bih_70_76,eurobasket_2013,2013,regression,ElasticNet Regressor,-6.0,2.842
Fold_08,eurobasket_2013_mne_lat_72_73,eurobasket_2013,2013,regression,ElasticNet Regressor,-1.0,0.098
Fold_08,eurobasket_2013_mne_srb_83_76,eurobasket_2013,2013,regression,ElasticNet Regressor,7.0,-8.583
Fold_08,eurobasket_2013_pol_cze_68_69,eurobasket_2013,2013,regression,ElasticNet Regressor,-1.0,4.061
Fold_08,eurobasket_2013_pol_esp_53_89,eurobasket_2013,2013,regression,ElasticNet Regressor,-36.0,-17.256
Fold_08,eurobasket_2013_rus_ita_69_76,eurobasket_2013,2013,regression,ElasticNet Regressor,-7.0,8.719
Fold_08,eurobasket_2013_rus_swe_62_81,eurobasket_2013,2013,regression,ElasticNet Regressor,-19.0,11.637
Fold_08,eurobasket_2013_slo_cro_74_76,eurobasket_2013,2013,regression,ElasticNet Regressor,-2.0,4.094
Fold_08,eurobasket_2013_slo_esp_78_69,eurobasket_2013,2013,regression,ElasticNet Regressor,9.0,-6.268
Fold_08,eurobasket_2013_slo_fra_62_72,eurobasket_2013,2013,regression,ElasticNet Regressor,-10.0,3.519
Fold_08,eurobasket_2013_slo_ita_84_77,eurobasket_2013,2013,regression,ElasticNet Regressor,7.0,6.894
Fold_08,eurobasket_2013_slo_pol_61_71,eurobasket_2013,2013,regression,ElasticNet Regressor,-10.0,11.884
Fold_08,eurobasket_2013_slo_ukr_69_63,eurobasket_2013,2013,regression,ElasticNet Regressor,6.0,17.795
Fold_08,eurobasket_2013_srb_esp_60_90,eurobasket_2013,2013,regression,ElasticNet Regressor,-30.0,-5.426
Fold_08,eurobasket_2013_srb_fra_77_65,eurobasket_2013,2013,regression,ElasticNet Regressor,12.0,-2.097
Fold_08,eurobasket_2013_srb_ita_76_64,eurobasket_2013,2013,regression,ElasticNet Regressor,12.0,7.737
Fold_08,eurobasket_2013_srb_lat_74_69,eurobasket_2013,2013,regression,ElasticNet Regressor,5.0,9.579
Fold_08,eurobasket_2013_srb_ltu_63_56,eurobasket_2013,2013,regression,ElasticNet Regressor,7.0,-4.044
Fold_08,eurobasket_2013_srb_slo_74_92,eurobasket_2013,2013,regression,ElasticNet Regressor,-18.0,1.739
Fold_08,eurobasket_2013_swe_gre_51_79,eurobasket_2013,2013,regression,ElasticNet Regressor,-28.0,-9.805
Fold_08,eurobasket_2013_swe_tur_74_87,eurobasket_2013,2013,regression,ElasticNet Regressor,-13.0,-6.486
Fold_08,eurobasket_2013_tur_fin_55_61,eurobasket_2013,2013,regression,ElasticNet Regressor,-6.0,7.414
Fold_08,eurobasket_2013_tur_gre_61_84,eurobasket_2013,2013,regression,ElasticNet Regressor,-23.0,-2.424
Fold_08,eurobasket_2013_tur_rus_77_89,eurobasket_2013,2013,regression,ElasticNet Regressor,-12.0,-2.463
Fold_08,eurobasket_2013_ukr_fra_71_77,eurobasket_2013,2013,regression,ElasticNet Regressor,-6.0,-13.38
Fold_08,eurobasket_2013_ukr_isr_74_67,eurobasket_2013,2013,regression,ElasticNet Regressor,7.0,-1.535
Fold_08,eurobasket_2013_ukr_ltu_63_70,eurobasket_2013,2013,regression,ElasticNet Regressor,-7.0,-15.328
Fold_08,eurobasket_2013_ukr_srb_82_75,eurobasket_2013,2013,regression,ElasticNet Regressor,7.0,-10.387
Fold_08,eurobasket_2013_bel_fra_65_82,eurobasket_2013,2013,regression,LightGBM Regressor,-17.0,-10.027
Fold_08,eurobasket_2013_bel_gbr_76_71,eurobasket_2013,2013,regression,LightGBM Regressor,5.0,-2.687
Fold_08,eurobasket_2013_bel_srb_69_76,eurobasket_2013,2013,regression,LightGBM Regressor,-7.0,-8.024
Fold_08,eurobasket_2013_bel_ukr_57_58,eurobasket_2013,2013,regression,LightGBM Regressor,-1.0,-2.403
Fold_08,eurobasket_2013_bih_mkd_62_54,eurobasket_2013,2013,regression,LightGBM Regressor,8.0,-4.147
Fold_08,eurobasket_2013_bih_srb_67_77,eurobasket_2013,2013,regression,LightGBM Regressor,-10.0,-9.908
Fold_08,eurobasket_2013_cro_cze_70_53,eurobasket_2013,2013,regression,LightGBM Regressor,17.0,7.073
Fold_08,eurobasket_2013_cro_geo_77_76,eurobasket_2013,2013,regression,LightGBM Regressor,1.0,7.152
Fold_08,eurobasket_2013_cro_gre_92_88,eurobasket_2013,2013,regression,LightGBM Regressor,4.0,-5.005
Fold_08,eurobasket_2013_cro_ita_76_68,eurobasket_2013,2013,regression,LightGBM Regressor,8.0,7.538
Fold_08,eurobasket_2013_cro_pol_74_70,eurobasket_2013,2013,regression,LightGBM Regressor,4.0,8.892
Fold_08,eurobasket_2013_cro_ukr_84_72,eurobasket_2013,2013,regression,LightGBM Regressor,12.0,8.054
Fold_08,eurobasket_2013_cze_geo_95_79,eurobasket_2013,2013,regression,LightGBM Regressor,16.0,-2.322
Fold_08,eurobasket_2013_cze_slo_60_62,eurobasket_2013,2013,regression,LightGBM Regressor,-2.0,-12.383
Fold_08,eurobasket_2013_esp_cro_68_40,eurobasket_2013,2013,regression,LightGBM Regressor,28.0,8.344
Fold_08,eurobasket_2013_esp_cro_92_66,eurobasket_2013,2013,regression,LightGBM Regressor,26.0,10.465
Fold_08,eurobasket_2013_esp_cze_60_39,eurobasket_2013,2013,regression,LightGBM Regressor,21.0,12.052
Fold_08,eurobasket_2013_esp_fin_82_56,eurobasket_2013,2013,regression,LightGBM Regressor,26.0,8.187
Fold_08,eurobasket_2013_esp_fra_72_75,eurobasket_2013,2013,regression,LightGBM Regressor,-3.0,9.802
Fold_08,eurobasket_2013_fin_cro_63_88,eurobasket_2013,2013,regression,LightGBM Regressor,-25.0,1.237
Fold_08,eurobasket_2013_fin_rus_86_83,eurobasket_2013,2013,regression,LightGBM Regressor,3.0,-4.045
Fold_08,eurobasket_2013_fin_slo_92_76,eurobasket_2013,2013,regression,LightGBM Regressor,16.0,-4.045
Fold_08,eurobasket_2013_fin_swe_81_60,eurobasket_2013,2013,regression,LightGBM Regressor,21.0,9.691
Fold_08,eurobasket_2013_fra_ger_74_80,eurobasket_2013,2013,regression,LightGBM Regressor,-6.0,6.911
Fold_08,eurobasket_2013_fra_isr_82_63,eurobasket_2013,2013,regression,LightGBM Regressor,19.0,8.66
Fold_08,eurobasket_2013_fra_lat_102_91,eurobasket_2013,2013,regression,LightGBM Regressor,11.0,6.975
Fold_08,eurobasket_2013_fra_ltu_80_66,eurobasket_2013,2013,regression,LightGBM Regressor,14.0,3.241
Fold_08,eurobasket_2013_gbr_fra_65_88,eurobasket_2013,2013,regression,LightGBM Regressor,-23.0,-11.149
Fold_08,eurobasket_2013_gbr_ger_81_74,eurobasket_2013,2013,regression,LightGBM Regressor,7.0,-1.373
Fold_08,eurobasket_2013_gbr_ukr_68_87,eurobasket_2013,2013,regression,LightGBM Regressor,-19.0,6.608
Fold_08,eurobasket_2013_geo_esp_59_83,eurobasket_2013,2013,regression,LightGBM Regressor,-24.0,-8.685
Fold_08,eurobasket_2013_geo_pol_84_67,eurobasket_2013,2013,regression,LightGBM Regressor,17.0,2.746
Fold_08,eurobasket_2013_geo_slo_68_72,eurobasket_2013,2013,regression,LightGBM Regressor,-4.0,-4.799
Fold_08,eurobasket_2013_ger_bel_73_77,eurobasket_2013,2013,regression,LightGBM Regressor,-4.0,3.165
Fold_08,eurobasket_2013_ger_isr_80_76,eurobasket_2013,2013,regression,LightGBM Regressor,4.0,8.748
Fold_08,eurobasket_2013_ger_ukr_83_88,eurobasket_2013,2013,regression,LightGBM Regressor,-5.0,8.133
Fold_08,eurobasket_2013_gre_esp_79_75,eurobasket_2013,2013,regression,LightGBM Regressor,4.0,-5.491
Fold_08,eurobasket_2013_gre_fin_77_86,eurobasket_2013,2013,regression,LightGBM Regressor,-9.0,9.365
Fold_08,eurobasket_2013_gre_ita_72_81,eurobasket_2013,2013,regression,LightGBM Regressor,-9.0,8.1
Fold_08,eurobasket_2013_gre_rus_80_71,eurobasket_2013,2013,regression,LightGBM Regressor,9.0,0.807
Fold_08,eurobasket_2013_gre_slo_65_73,eurobasket_2013,2013,regression,LightGBM Regressor,-8.0,1.195
Fold_08,eurobasket_2013_isr_bel_87_69,eurobasket_2013,2013,regression,LightGBM Regressor,18.0,4.783
Fold_08,eurobasket_2013_isr_gbr_71_75,eurobasket_2013,2013,regression,LightGBM Regressor,-4.0,0.546
Fold_08,eurobasket_2013_ita_esp_86_81,eurobasket_2013,2013,regression,LightGBM Regressor,5.0,-7.843
Fold_08,eurobasket_2013_ita_fin_62_44,eurobasket_2013,2013,regression,LightGBM Regressor,18.0,-3.753
Fold_08,eurobasket_2013_ita_swe_82_79,eurobasket_2013,2013,regression,LightGBM Regressor,3.0,10.541
Fold_08,eurobasket_2013_ita_tur_90_75,eurobasket_2013,2013,regression,LightGBM Regressor,15.0,-3.713
Fold_08,eurobasket_2013_ita_ukr_58_66,eurobasket_2013,2013,regression,LightGBM Regressor,-8.0,9.929
Fold_08,eurobasket_2013_lat_bel_56_60,eurobasket_2013,2013,regression,LightGBM Regressor,-4.0,4.373
Fold_08,eurobasket_2013_lat_bih_86_75,eurobasket_2013,2013,regression,LightGBM Regressor,11.0,1.569
Fold_08,eurobasket_2013_lat_ltu_59_67,eurobasket_2013,2013,regression,LightGBM Regressor,-8.0,-7.843
Fold_08,eurobasket_2013_lat_mkd_76_66,eurobasket_2013,2013,regression,LightGBM Regressor,10.0,-3.104
Fold_08,eurobasket_2013_lat_ukr_85_51,eurobasket_2013,2013,regression,LightGBM Regressor,34.0,5.739
Fold_08,eurobasket_2013_ltu_bel_86_67,eurobasket_2013,2013,regression,LightGBM Regressor,19.0,6.123
Fold_08,eurobasket_2013_ltu_bih_72_78,eurobasket_2013,2013,regression,LightGBM Regressor,-6.0,6.117
Fold_08,eurobasket_2013_ltu_cro_77_62,eurobasket_2013,2013,regression,LightGBM Regressor,15.0,13.137
Fold_08,eurobasket_2013_ltu_fra_76_62,eurobasket_2013,2013,regression,LightGBM Regressor,14.0,3.216
Fold_08,eurobasket_2013_ltu_ita_81_77,eurobasket_2013,2013,regression,LightGBM Regressor,4.0,9.626
Fold_08,eurobasket_2013_ltu_mkd_75_67,eurobasket_2013,2013,regression,LightGBM Regressor,8.0,7.759
Fold_08,eurobasket_2013_ltu_mne_77_70,eurobasket_2013,2013,regression,LightGBM Regressor,7.0,6.673
Fold_08,eurobasket_2013_mkd_mne_80_81,eurobasket_2013,2013,regression,LightGBM Regressor,-1.0,10.255
Fold_08,eurobasket_2013_mkd_srb_89_75,eurobasket_2013,2013,regression,LightGBM Regressor,14.0,0.213
Fold_08,eurobasket_2013_mne_bih_70_76,eurobasket_2013,2013,regression,LightGBM Regressor,-6.0,-1.61
Fold_08,eurobasket_2013_mne_lat_72_73,eurobasket_2013,2013,regression,LightGBM Regressor,-1.0,-4.273
Fold_08,eurobasket_2013_mne_srb_83_76,eurobasket_2013,2013,regression,LightGBM Regressor,7.0,-3.339
Fold_08,eurobasket_2013_pol_cze_68_69,eurobasket_2013,2013,regression,LightGBM Regressor,-1.0,0.727
Fold_08,eurobasket_2013_pol_esp_53_89,eurobasket_2013,2013,regression,LightGBM Regressor,-36.0,-9.133
Fold_08,eurobasket_2013_rus_ita_69_76,eurobasket_2013,2013,regression,LightGBM Regressor,-7.0,8.248
Fold_08,eurobasket_2013_rus_swe_62_81,eurobasket_2013,2013,regression,LightGBM Regressor,-19.0,10.675
Fold_08,eurobasket_2013_slo_cro_74_76,eurobasket_2013,2013,regression,LightGBM Regressor,-2.0,3.371
Fold_08,eurobasket_2013_slo_esp_78_69,eurobasket_2013,2013,regression,LightGBM Regressor,9.0,-5.043
Fold_08,eurobasket_2013_slo_fra_62_72,eurobasket_2013,2013,regression,LightGBM Regressor,-10.0,3.069
Fold_08,eurobasket_2013_slo_ita_84_77,eurobasket_2013,2013,regression,LightGBM Regressor,7.0,7.623
Fold_08,eurobasket_2013_slo_pol_61_71,eurobasket_2013,2013,regression,LightGBM Regressor,-10.0,8.399
Fold_08,eurobasket_2013_slo_ukr_69_63,eurobasket_2013,2013,regression,LightGBM Regressor,6.0,8.476
Fold_08,eurobasket_2013_srb_esp_60_90,eurobasket_2013,2013,regression,LightGBM Regressor,-30.0,-2.657
Fold_08,eurobasket_2013_srb_fra_77_65,eurobasket_2013,2013,regression,LightGBM Regressor,12.0,-0.364
Fold_08,eurobasket_2013_srb_ita_76_64,eurobasket_2013,2013,regression,LightGBM Regressor,12.0,7.129
Fold_08,eurobasket_2013_srb_lat_74_69,eurobasket_2013,2013,regression,LightGBM Regressor,5.0,11.114
Fold_08,eurobasket_2013_srb_ltu_63_56,eurobasket_2013,2013,regression,LightGBM Regressor,7.0,-3.713
Fold_08,eurobasket_2013_srb_slo_74_92,eurobasket_2013,2013,regression,LightGBM Regressor,-18.0,1.269
Fold_08,eurobasket_2013_swe_gre_51_79,eurobasket_2013,2013,regression,LightGBM Regressor,-28.0,-21.093
Fold_08,eurobasket_2013_swe_tur_74_87,eurobasket_2013,2013,regression,LightGBM Regressor,-13.0,-14.965
Fold_08,eurobasket_2013_tur_fin_55_61,eurobasket_2013,2013,regression,LightGBM Regressor,-6.0,7.586
Fold_08,eurobasket_2013_tur_gre_61_84,eurobasket_2013,2013,regression,LightGBM Regressor,-23.0,-4.045
Fold_08,eurobasket_2013_tur_rus_77_89,eurobasket_2013,2013,regression,LightGBM Regressor,-12.0,-4.688
Fold_08,eurobasket_2013_ukr_fra_71_77,eurobasket_2013,2013,regression,LightGBM Regressor,-6.0,-7.276
Fold_08,eurobasket_2013_ukr_isr_74_67,eurobasket_2013,2013,regression,LightGBM Regressor,7.0,-3.634
Fold_08,eurobasket_2013_ukr_ltu_63_70,eurobasket_2013,2013,regression,LightGBM Regressor,-7.0,-9.21
Fold_08,eurobasket_2013_ukr_srb_82_75,eurobasket_2013,2013,regression,LightGBM Regressor,7.0,-9.951
Fold_09,worldcup_2014_ang_kor_80_69,worldcup_2014,2014,classification,Naive Baseline (50%),1.0,0.5
Fold_09,worldcup_2014_ang_mex_55_79,worldcup_2014,2014,classification,Naive Baseline (50%),0.0,0.5
Fold_09,worldcup_2014_arg_cro_85_90,worldcup_2014,2014,classification,Naive Baseline (50%),0.0,0.5
Fold_09,worldcup_2014_arg_gre_71_79,worldcup_2014,2014,classification,Naive Baseline (50%),0.0,0.5
Fold_09,worldcup_2014_arg_phi_85_81,worldcup_2014,2014,classification,Naive Baseline (50%),1.0,0.5
Fold_09,worldcup_2014_aus_ang_83_91,worldcup_2014,2014,classification,Naive Baseline (50%),0.0,0.5
Fold_09,worldcup_2014_aus_ltu_82_75,worldcup_2014,2014,classification,Naive Baseline (50%),1.0,0.5
Fold_09,worldcup_2014_aus_slo_80_90,worldcup_2014,2014,classification,Naive Baseline (50%),0.0,0.5
Fold_09,worldcup_2014_bra_arg_85_65,worldcup_2014,2014,classification,Naive Baseline (50%),1.0,0.5
Fold_09,worldcup_2014_bra_egy_128_65,worldcup_2014,2014,classification,Naive Baseline (50%),1.0,0.5
Fold_09,worldcup_2014_bra_esp_63_82,worldcup_2014,2014,classification,Naive Baseline (50%),0.0,0.5
Fold_09,worldcup_2014_bra_iri_79_50,worldcup_2014,2014,classification,Naive Baseline (50%),1.0,0.5
Fold_09,worldcup_2014_cro_phi_81_78,worldcup_2014,2014,classification,Naive Baseline (50%),1.0,0.5
Fold_09,worldcup_2014_cro_pur_103_82,worldcup_2014,2014,classification,Naive Baseline (50%),1.0,0.5
Fold_09,worldcup_2014_cro_sen_75_77,worldcup_2014,2014,classification,Naive Baseline (50%),0.0,0.5
Fold_09,worldcup_2014_dom_nzl_76_63,worldcup_2014,2014,classification,Naive Baseline (50%),1.0,0.5
Fold_09,worldcup_2014_dom_slo_61_71,worldcup_2014,2014,classification,Naive Baseline (50%),0.0,0.5
Fold_09,worldcup_2014_dom_usa_71_106,worldcup_2014,2014,classification,Naive Baseline (50%),0.0,0.5
Fold_09,worldcup_2014_egy_iri_73_88,worldcup_2014,2014,classification,Naive Baseline (50%),0.0,0.5
Fold_09,worldcup_2014_egy_srb_64_85,worldcup_2014,2014,classification,Naive Baseline (50%),0.0,0.5
Fold_09,worldcup_2014_esp_egy_91_54,worldcup_2014,2014,classification,Naive Baseline (50%),1.0,0.5
Fold_09,worldcup_2014_esp_fra_88_64,worldcup_2014,2014,classification,Naive Baseline (50%),1.0,0.5
Fold_09,worldcup_2014_esp_sen_89_56,worldcup_2014,2014,classification,Naive Baseline (50%),1.0,0.5
Fold_09,worldcup_2014_fin_dom_68_74,worldcup_2014,2014,classification,Naive Baseline (50%),0.0,0.5
Fold_09,worldcup_2014_fin_nzl_65_67,worldcup_2014,2014,classification,Naive Baseline (50%),0.0,0.5
Fold_09,worldcup_2014_fin_ukr_81_76,worldcup_2014,2014,classification,Naive Baseline (50%),1.0,0.5
Fold_09,worldcup_2014_fra_bra_63_65,worldcup_2014,2014,classification,Naive Baseline (50%),0.0,0.5
Fold_09,worldcup_2014_fra_cro_69_64,worldcup_2014,2014,classification,Naive Baseline (50%),1.0,0.5
Fold_09,worldcup_2014_fra_egy_94_55,worldcup_2014,2014,classification,Naive Baseline (50%),1.0,0.5
Fold_09,worldcup_2014_fra_esp_65_52,worldcup_2014,2014,classification,Naive Baseline (50%),1.0,0.5
Fold_09,worldcup_2014_fra_srb_85_90,worldcup_2014,2014,classification,Naive Baseline (50%),0.0,0.5
Fold_09,worldcup_2014_gre_cro_76_65,worldcup_2014,2014,classification,Naive Baseline (50%),1.0,0.5
Fold_09,worldcup_2014_gre_sen_87_64,worldcup_2014,2014,classification,Naive Baseline (50%),1.0,0.5
Fold_09,worldcup_2014_iri_esp_60_90,worldcup_2014,2014,classification,Naive Baseline (50%),0.0,0.5
Fold_09,worldcup_2014_iri_fra_76_81,worldcup_2014,2014,classification,Naive Baseline (50%),0.0,0.5
Fold_09,worldcup_2014_iri_srb_70_83,worldcup_2014,2014,classification,Naive Baseline (50%),0.0,0.5
Fold_09,worldcup_2014_kor_aus_55_89,worldcup_2014,2014,classification,Naive Baseline (50%),0.0,0.5
Fold_09,worldcup_2014_kor_mex_71_87,worldcup_2014,2014,classification,Naive Baseline (50%),0.0,0.5
Fold_09,worldcup_2014_kor_slo_72_89,worldcup_2014,2014,classification,Naive Baseline (50%),0.0,0.5
Fold_09,worldcup_2014_ltu_ang_75_62,worldcup_2014,2014,classification,Naive Baseline (50%),1.0,0.5
Fold_09,worldcup_2014_ltu_fra_93_95,worldcup_2014,2014,classification,Naive Baseline (50%),0.0,0.5
Fold_09,worldcup_2014_ltu_kor_79_49,worldcup_2014,2014,classification,Naive Baseline (50%),1.0,0.5
Fold_09,worldcup_2014_ltu_slo_67_64,worldcup_2014,2014,classification,Naive Baseline (50%),1.0,0.5
Fold_09,worldcup_2014_ltu_tur_73_61,worldcup_2014,2014,classification,Naive Baseline (50%),1.0,0.5
Fold_09,worldcup_2014_mex_aus_62_70,worldcup_2014,2014,classification,Naive Baseline (50%),0.0,0.5
Fold_09,worldcup_2014_mex_ltu_74_87,worldcup_2014,2014,classification,Naive Baseline (50%),0.0,0.5
Fold_09,worldcup_2014_nzl_ltu_71_76,worldcup_2014,2014,classification,Naive Baseline (50%),0.0,0.5
Fold_09,worldcup_2014_nzl_tur_73_76,worldcup_2014,2014,classification,Naive Baseline (50%),0.0,0.5
Fold_09,worldcup_2014_nzl_ukr_73_61,worldcup_2014,2014,classification,Naive Baseline (50%),1.0,0.5
Fold_09,worldcup_2014_phi_gre_70_82,worldcup_2014,2014,classification,Naive Baseline (50%),0.0,0.5
Fold_09,worldcup_2014_phi_pur_73_77,worldcup_2014,2014,classification,Naive Baseline (50%),0.0,0.5
Fold_09,worldcup_2014_pur_arg_75_98,worldcup_2014,2014,classification,Naive Baseline (50%),0.0,0.5
Fold_09,worldcup_2014_pur_gre_79_90,worldcup_2014,2014,classification,Naive Baseline (50%),0.0,0.5
Fold_09,worldcup_2014_sen_arg_46_81,worldcup_2014,2014,classification,Naive Baseline (50%),0.0,0.5
Fold_09,worldcup_2014_sen_phi_79_81,worldcup_2014,2014,classification,Naive Baseline (50%),0.0,0.5
Fold_09,worldcup_2014_sen_pur_82_75,worldcup_2014,2014,classification,Naive Baseline (50%),1.0,0.5
Fold_09,worldcup_2014_slo_ang_93_87,worldcup_2014,2014,classification,Naive Baseline (50%),1.0,0.5
Fold_09,worldcup_2014_slo_mex_89_68,worldcup_2014,2014,classification,Naive Baseline (50%),1.0,0.5
Fold_09,worldcup_2014_slo_usa_76_119,worldcup_2014,2014,classification,Naive Baseline (50%),0.0,0.5
Fold_09,worldcup_2014_srb_bra_73_81,worldcup_2014,2014,classification,Naive Baseline (50%),0.0,0.5
Fold_09,worldcup_2014_srb_bra_84_56,worldcup_2014,2014,classification,Naive Baseline (50%),1.0,0.5
Fold_09,worldcup_2014_srb_esp_73_89,worldcup_2014,2014,classification,Naive Baseline (50%),0.0,0.5
Fold_09,worldcup_2014_srb_fra_73_74,worldcup_2014,2014,classification,Naive Baseline (50%),0.0,0.5
Fold_09,worldcup_2014_srb_gre_90_72,worldcup_2014,2014,classification,Naive Baseline (50%),1.0,0.5
Fold_09,worldcup_2014_tur_aus_65_64,worldcup_2014,2014,classification,Naive Baseline (50%),1.0,0.5
Fold_09,worldcup_2014_tur_dom_75_61,worldcup_2014,2014,classification,Naive Baseline (50%),1.0,0.5
Fold_09,worldcup_2014_tur_fin_77_73,worldcup_2014,2014,classification,Naive Baseline (50%),1.0,0.5
Fold_09,worldcup_2014_tur_usa_77_98,worldcup_2014,2014,classification,Naive Baseline (50%),0.0,0.5
Fold_09,worldcup_2014_ukr_dom_72_62,worldcup_2014,2014,classification,Naive Baseline (50%),1.0,0.5
Fold_09,worldcup_2014_ukr_tur_64_58,worldcup_2014,2014,classification,Naive Baseline (50%),1.0,0.5
Fold_09,worldcup_2014_ukr_usa_71_95,worldcup_2014,2014,classification,Naive Baseline (50%),0.0,0.5
Fold_09,worldcup_2014_usa_fin_114_55,worldcup_2014,2014,classification,Naive Baseline (50%),1.0,0.5
Fold_09,worldcup_2014_usa_ltu_96_68,worldcup_2014,2014,classification,Naive Baseline (50%),1.0,0.5
Fold_09,worldcup_2014_usa_mex_86_63,worldcup_2014,2014,classification,Naive Baseline (50%),1.0,0.5
Fold_09,worldcup_2014_usa_nzl_98_71,worldcup_2014,2014,classification,Naive Baseline (50%),1.0,0.5
Fold_09,worldcup_2014_usa_srb_129_92,worldcup_2014,2014,classification,Naive Baseline (50%),1.0,0.5
Fold_09,worldcup_2014_ang_kor_80_69,worldcup_2014,2014,classification,Logistic Regression L2,1.0,0.4536
Fold_09,worldcup_2014_ang_mex_55_79,worldcup_2014,2014,classification,Logistic Regression L2,0.0,0.4536
Fold_09,worldcup_2014_arg_cro_85_90,worldcup_2014,2014,classification,Logistic Regression L2,0.0,0.5908
Fold_09,worldcup_2014_arg_gre_71_79,worldcup_2014,2014,classification,Logistic Regression L2,0.0,0.4641
Fold_09,worldcup_2014_arg_phi_85_81,worldcup_2014,2014,classification,Logistic Regression L2,1.0,0.798
Fold_09,worldcup_2014_aus_ang_83_91,worldcup_2014,2014,classification,Logistic Regression L2,0.0,0.7834
Fold_09,worldcup_2014_aus_ltu_82_75,worldcup_2014,2014,classification,Logistic Regression L2,1.0,0.301
Fold_09,worldcup_2014_aus_slo_80_90,worldcup_2014,2014,classification,Logistic Regression L2,0.0,0.38
Fold_09,worldcup_2014_bra_arg_85_65,worldcup_2014,2014,classification,Logistic Regression L2,1.0,0.5174
Fold_09,worldcup_2014_bra_egy_128_65,worldcup_2014,2014,classification,Logistic Regression L2,1.0,0.7211
Fold_09,worldcup_2014_bra_esp_63_82,worldcup_2014,2014,classification,Logistic Regression L2,0.0,0.2222
Fold_09,worldcup_2014_bra_iri_79_50,worldcup_2014,2014,classification,Logistic Regression L2,1.0,0.873
Fold_09,worldcup_2014_cro_phi_81_78,worldcup_2014,2014,classification,Logistic Regression L2,1.0,0.7786
Fold_09,worldcup_2014_cro_pur_103_82,worldcup_2014,2014,classification,Logistic Regression L2,1.0,0.7541
Fold_09,worldcup_2014_cro_sen_75_77,worldcup_2014,2014,classification,Logistic Regression L2,0.0,0.8957
Fold_09,worldcup_2014_dom_nzl_76_63,worldcup_2014,2014,classification,Logistic Regression L2,1.0,0.5725
Fold_09,worldcup_2014_dom_slo_61_71,worldcup_2014,2014,classification,Logistic Regression L2,0.0,0.3006
Fold_09,worldcup_2014_dom_usa_71_106,worldcup_2014,2014,classification,Logistic Regression L2,0.0,0.1525
Fold_09,worldcup_2014_egy_iri_73_88,worldcup_2014,2014,classification,Logistic Regression L2,0.0,0.7736
Fold_09,worldcup_2014_egy_srb_64_85,worldcup_2014,2014,classification,Logistic Regression L2,0.0,0.3315
Fold_09,worldcup_2014_esp_egy_91_54,worldcup_2014,2014,classification,Logistic Regression L2,1.0,0.9209
Fold_09,worldcup_2014_esp_fra_88_64,worldcup_2014,2014,classification,Logistic Regression L2,1.0,0.7235
Fold_09,worldcup_2014_esp_sen_89_56,worldcup_2014,2014,classification,Logistic Regression L2,1.0,0.9731
Fold_09,worldcup_2014_fin_dom_68_74,worldcup_2014,2014,classification,Logistic Regression L2,0.0,0.6181
Fold_09,worldcup_2014_fin_nzl_65_67,worldcup_2014,2014,classification,Logistic Regression L2,0.0,0.6278
Fold_09,worldcup_2014_fin_ukr_81_76,worldcup_2014,2014,classification,Logistic Regression L2,1.0,0.597
Fold_09,worldcup_2014_fra_bra_63_65,worldcup_2014,2014,classification,Logistic Regression L2,0.0,0.7397
Fold_09,worldcup_2014_fra_cro_69_64,worldcup_2014,2014,classification,Logistic Regression L2,1.0,0.7269
Fold_09,worldcup_2014_fra_egy_94_55,worldcup_2014,2014,classification,Logistic Regression L2,1.0,0.8511
Fold_09,worldcup_2014_fra_esp_65_52,worldcup_2014,2014,classification,Logistic Regression L2,1.0,0.4458
Fold_09,worldcup_2014_fra_srb_85_90,worldcup_2014,2014,classification,Logistic Regression L2,0.0,0.7375
Fold_09,worldcup_2014_gre_cro_76_65,worldcup_2014,2014,classification,Logistic Regression L2,1.0,0.6818
Fold_09,worldcup_2014_gre_sen_87_64,worldcup_2014,2014,classification,Logistic Regression L2,1.0,0.9347
Fold_09,worldcup_2014_iri_esp_60_90,worldcup_2014,2014,classification,Logistic Regression L2,0.0,0.0507
Fold_09,worldcup_2014_iri_fra_76_81,worldcup_2014,2014,classification,Logistic Regression L2,0.0,0.0981
Fold_09,worldcup_2014_iri_srb_70_83,worldcup_2014,2014,classification,Logistic Regression L2,0.0,0.1572
Fold_09,worldcup_2014_kor_aus_55_89,worldcup_2014,2014,classification,Logistic Regression L2,0.0,0.4143
Fold_09,worldcup_2014_kor_mex_71_87,worldcup_2014,2014,classification,Logistic Regression L2,0.0,0.5624
Fold_09,worldcup_2014_kor_slo_72_89,worldcup_2014,2014,classification,Logistic Regression L2,0.0,0.2522
Fold_09,worldcup_2014_ltu_ang_75_62,worldcup_2014,2014,classification,Logistic Regression L2,1.0,0.9152
Fold_09,worldcup_2014_ltu_fra_93_95,worldcup_2014,2014,classification,Logistic Regression L2,0.0,0.6664
Fold_09,worldcup_2014_ltu_kor_79_49,worldcup_2014,2014,classification,Logistic Regression L2,1.0,0.8746
Fold_09,worldcup_2014_ltu_slo_67_64,worldcup_2014,2014,classification,Logistic Regression L2,1.0,0.6466
Fold_09,worldcup_2014_ltu_tur_73_61,worldcup_2014,2014,classification,Logistic Regression L2,1.0,0.7637
Fold_09,worldcup_2014_mex_aus_62_70,worldcup_2014,2014,classification,Logistic Regression L2,0.0,0.4143
Fold_09,worldcup_2014_mex_ltu_74_87,worldcup_2014,2014,classification,Logistic Regression L2,0.0,0.1915
Fold_09,worldcup_2014_nzl_ltu_71_76,worldcup_2014,2014,classification,Logistic Regression L2,0.0,0.2246
Fold_09,worldcup_2014_nzl_tur_73_76,worldcup_2014,2014,classification,Logistic Regression L2,0.0,0.3097
Fold_09,worldcup_2014_nzl_ukr_73_61,worldcup_2014,2014,classification,Logistic Regression L2,1.0,0.5302
Fold_09,worldcup_2014_phi_gre_70_82,worldcup_2014,2014,classification,Logistic Regression L2,0.0,0.2199
Fold_09,worldcup_2014_phi_pur_73_77,worldcup_2014,2014,classification,Logistic Regression L2,0.0,0.5286
Fold_09,worldcup_2014_pur_arg_75_98,worldcup_2014,2014,classification,Logistic Regression L2,0.0,0.3241
Fold_09,worldcup_2014_pur_gre_79_90,worldcup_2014,2014,classification,Logistic Regression L2,0.0,0.2442
Fold_09,worldcup_2014_sen_arg_46_81,worldcup_2014,2014,classification,Logistic Regression L2,0.0,0.1462
Fold_09,worldcup_2014_sen_phi_79_81,worldcup_2014,2014,classification,Logistic Regression L2,0.0,0.3448
Fold_09,worldcup_2014_sen_pur_82_75,worldcup_2014,2014,classification,Logistic Regression L2,1.0,0.3146
Fold_09,worldcup_2014_slo_ang_93_87,worldcup_2014,2014,classification,Logistic Regression L2,1.0,0.8835
Fold_09,worldcup_2014_slo_mex_89_68,worldcup_2014,2014,classification,Logistic Regression L2,1.0,0.8304
Fold_09,worldcup_2014_slo_usa_76_119,worldcup_2014,2014,classification,Logistic Regression L2,0.0,0.4664
Fold_09,worldcup_2014_srb_bra_73_81,worldcup_2014,2014,classification,Logistic Regression L2,0.0,0.6236
Fold_09,worldcup_2014_srb_bra_84_56,worldcup_2014,2014,classification,Logistic Regression L2,1.0,0.6785
Fold_09,worldcup_2014_srb_esp_73_89,worldcup_2014,2014,classification,Logistic Regression L2,0.0,0.269
Fold_09,worldcup_2014_srb_fra_73_74,worldcup_2014,2014,classification,Logistic Regression L2,0.0,0.4283
Fold_09,worldcup_2014_srb_gre_90_72,worldcup_2014,2014,classification,Logistic Regression L2,1.0,0.4821
Fold_09,worldcup_2014_tur_aus_65_64,worldcup_2014,2014,classification,Logistic Regression L2,1.0,0.7124
Fold_09,worldcup_2014_tur_dom_75_61,worldcup_2014,2014,classification,Logistic Regression L2,1.0,0.7794
Fold_09,worldcup_2014_tur_fin_77_73,worldcup_2014,2014,classification,Logistic Regression L2,1.0,0.7372
Fold_09,worldcup_2014_tur_usa_77_98,worldcup_2014,2014,classification,Logistic Regression L2,0.0,0.331
Fold_09,worldcup_2014_ukr_dom_72_62,worldcup_2014,2014,classification,Logistic Regression L2,1.0,0.5842
Fold_09,worldcup_2014_ukr_tur_64_58,worldcup_2014,2014,classification,Logistic Regression L2,1.0,0.3382
Fold_09,worldcup_2014_ukr_usa_71_95,worldcup_2014,2014,classification,Logistic Regression L2,0.0,0.1644
Fold_09,worldcup_2014_usa_fin_114_55,worldcup_2014,2014,classification,Logistic Regression L2,1.0,0.8793
Fold_09,worldcup_2014_usa_ltu_96_68,worldcup_2014,2014,classification,Logistic Regression L2,1.0,0.6831
Fold_09,worldcup_2014_usa_mex_86_63,worldcup_2014,2014,classification,Logistic Regression L2,1.0,0.9212
Fold_09,worldcup_2014_usa_nzl_98_71,worldcup_2014,2014,classification,Logistic Regression L2,1.0,0.9053
Fold_09,worldcup_2014_usa_srb_129_92,worldcup_2014,2014,classification,Logistic Regression L2,1.0,0.8185
Fold_09,worldcup_2014_ang_kor_80_69,worldcup_2014,2014,classification,ElasticNet Classifier,1.0,0.4378
Fold_09,worldcup_2014_ang_mex_55_79,worldcup_2014,2014,classification,ElasticNet Classifier,0.0,0.4378
Fold_09,worldcup_2014_arg_cro_85_90,worldcup_2014,2014,classification,ElasticNet Classifier,0.0,0.5799
Fold_09,worldcup_2014_arg_gre_71_79,worldcup_2014,2014,classification,ElasticNet Classifier,0.0,0.4518
Fold_09,worldcup_2014_arg_phi_85_81,worldcup_2014,2014,classification,ElasticNet Classifier,1.0,0.7865
Fold_09,worldcup_2014_aus_ang_83_91,worldcup_2014,2014,classification,ElasticNet Classifier,0.0,0.7794
Fold_09,worldcup_2014_aus_ltu_82_75,worldcup_2014,2014,classification,ElasticNet Classifier,1.0,0.2898
Fold_09,worldcup_2014_aus_slo_80_90,worldcup_2014,2014,classification,ElasticNet Classifier,0.0,0.3694
Fold_09,worldcup_2014_bra_arg_85_65,worldcup_2014,2014,classification,ElasticNet Classifier,1.0,0.4497
Fold_09,worldcup_2014_bra_egy_128_65,worldcup_2014,2014,classification,ElasticNet Classifier,1.0,0.7049
Fold_09,worldcup_2014_bra_esp_63_82,worldcup_2014,2014,classification,ElasticNet Classifier,0.0,0.212
Fold_09,worldcup_2014_bra_iri_79_50,worldcup_2014,2014,classification,ElasticNet Classifier,1.0,0.8694
Fold_09,worldcup_2014_cro_phi_81_78,worldcup_2014,2014,classification,ElasticNet Classifier,1.0,0.7708
Fold_09,worldcup_2014_cro_pur_103_82,worldcup_2014,2014,classification,ElasticNet Classifier,1.0,0.7582
Fold_09,worldcup_2014_cro_sen_75_77,worldcup_2014,2014,classification,ElasticNet Classifier,0.0,0.8959
Fold_09,worldcup_2014_dom_nzl_76_63,worldcup_2014,2014,classification,ElasticNet Classifier,1.0,0.5809
Fold_09,worldcup_2014_dom_slo_61_71,worldcup_2014,2014,classification,ElasticNet Classifier,0.0,0.2527
Fold_09,worldcup_2014_dom_usa_71_106,worldcup_2014,2014,classification,ElasticNet Classifier,0.0,0.1582
Fold_09,worldcup_2014_egy_iri_73_88,worldcup_2014,2014,classification,ElasticNet Classifier,0.0,0.7784
Fold_09,worldcup_2014_egy_srb_64_85,worldcup_2014,2014,classification,ElasticNet Classifier,0.0,0.3352
Fold_09,worldcup_2014_esp_egy_91_54,worldcup_2014,2014,classification,ElasticNet Classifier,1.0,0.918
Fold_09,worldcup_2014_esp_fra_88_64,worldcup_2014,2014,classification,ElasticNet Classifier,1.0,0.7191
Fold_09,worldcup_2014_esp_sen_89_56,worldcup_2014,2014,classification,ElasticNet Classifier,1.0,0.9662
Fold_09,worldcup_2014_fin_dom_68_74,worldcup_2014,2014,classification,ElasticNet Classifier,0.0,0.6011
Fold_09,worldcup_2014_fin_nzl_65_67,worldcup_2014,2014,classification,ElasticNet Classifier,0.0,0.6236
Fold_09,worldcup_2014_fin_ukr_81_76,worldcup_2014,2014,classification,ElasticNet Classifier,1.0,0.5898
Fold_09,worldcup_2014_fra_bra_63_65,worldcup_2014,2014,classification,ElasticNet Classifier,0.0,0.744
Fold_09,worldcup_2014_fra_cro_69_64,worldcup_2014,2014,classification,ElasticNet Classifier,1.0,0.6737
Fold_09,worldcup_2014_fra_egy_94_55,worldcup_2014,2014,classification,ElasticNet Classifier,1.0,0.8464
Fold_09,worldcup_2014_fra_esp_65_52,worldcup_2014,2014,classification,ElasticNet Classifier,1.0,0.3829
Fold_09,worldcup_2014_fra_srb_85_90,worldcup_2014,2014,classification,ElasticNet Classifier,0.0,0.6879
Fold_09,worldcup_2014_gre_cro_76_65,worldcup_2014,2014,classification,ElasticNet Classifier,1.0,0.6785
Fold_09,worldcup_2014_gre_sen_87_64,worldcup_2014,2014,classification,ElasticNet Classifier,1.0,0.9351
Fold_09,worldcup_2014_iri_esp_60_90,worldcup_2014,2014,classification,ElasticNet Classifier,0.0,0.0485
Fold_09,worldcup_2014_iri_fra_76_81,worldcup_2014,2014,classification,ElasticNet Classifier,0.0,0.0937
Fold_09,worldcup_2014_iri_srb_70_83,worldcup_2014,2014,classification,ElasticNet Classifier,0.0,0.1532
Fold_09,worldcup_2014_kor_aus_55_89,worldcup_2014,2014,classification,ElasticNet Classifier,0.0,0.4211
Fold_09,worldcup_2014_kor_mex_71_87,worldcup_2014,2014,classification,ElasticNet Classifier,0.0,0.5576
Fold_09,worldcup_2014_kor_slo_72_89,worldcup_2014,2014,classification,ElasticNet Classifier,0.0,0.2527
Fold_09,worldcup_2014_ltu_ang_75_62,worldcup_2014,2014,classification,ElasticNet Classifier,1.0,0.9161
Fold_09,worldcup_2014_ltu_fra_93_95,worldcup_2014,2014,classification,ElasticNet Classifier,0.0,0.6067
Fold_09,worldcup_2014_ltu_kor_79_49,worldcup_2014,2014,classification,ElasticNet Classifier,1.0,0.8709
Fold_09,worldcup_2014_ltu_slo_67_64,worldcup_2014,2014,classification,ElasticNet Classifier,1.0,0.644
Fold_09,worldcup_2014_ltu_tur_73_61,worldcup_2014,2014,classification,ElasticNet Classifier,1.0,0.716
Fold_09,worldcup_2014_mex_aus_62_70,worldcup_2014,2014,classification,ElasticNet Classifier,0.0,0.4211
Fold_09,worldcup_2014_mex_ltu_74_87,worldcup_2014,2014,classification,ElasticNet Classifier,0.0,0.1906
Fold_09,worldcup_2014_nzl_ltu_71_76,worldcup_2014,2014,classification,ElasticNet Classifier,0.0,0.1764
Fold_09,worldcup_2014_nzl_tur_73_76,worldcup_2014,2014,classification,ElasticNet Classifier,0.0,0.2999
Fold_09,worldcup_2014_nzl_ukr_73_61,worldcup_2014,2014,classification,ElasticNet Classifier,1.0,0.5224
Fold_09,worldcup_2014_phi_gre_70_82,worldcup_2014,2014,classification,ElasticNet Classifier,0.0,0.2199
Fold_09,worldcup_2014_phi_pur_73_77,worldcup_2014,2014,classification,ElasticNet Classifier,0.0,0.5402
Fold_09,worldcup_2014_pur_arg_75_98,worldcup_2014,2014,classification,ElasticNet Classifier,0.0,0.3162
Fold_09,worldcup_2014_pur_gre_79_90,worldcup_2014,2014,classification,ElasticNet Classifier,0.0,0.2322
Fold_09,worldcup_2014_sen_arg_46_81,worldcup_2014,2014,classification,ElasticNet Classifier,0.0,0.1442
Fold_09,worldcup_2014_sen_phi_79_81,worldcup_2014,2014,classification,ElasticNet Classifier,0.0,0.3301
Fold_09,worldcup_2014_sen_pur_82_75,worldcup_2014,2014,classification,ElasticNet Classifier,1.0,0.3148
Fold_09,worldcup_2014_slo_ang_93_87,worldcup_2014,2014,classification,ElasticNet Classifier,1.0,0.8837
Fold_09,worldcup_2014_slo_mex_89_68,worldcup_2014,2014,classification,ElasticNet Classifier,1.0,0.8245
Fold_09,worldcup_2014_slo_usa_76_119,worldcup_2014,2014,classification,ElasticNet Classifier,0.0,0.4119
Fold_09,worldcup_2014_srb_bra_73_81,worldcup_2014,2014,classification,ElasticNet Classifier,0.0,0.6243
Fold_09,worldcup_2014_srb_bra_84_56,worldcup_2014,2014,classification,ElasticNet Classifier,1.0,0.6243
Fold_09,worldcup_2014_srb_esp_73_89,worldcup_2014,2014,classification,ElasticNet Classifier,0.0,0.2619
Fold_09,worldcup_2014_srb_fra_73_74,worldcup_2014,2014,classification,ElasticNet Classifier,0.0,0.4188
Fold_09,worldcup_2014_srb_gre_90_72,worldcup_2014,2014,classification,ElasticNet Classifier,1.0,0.4134
Fold_09,worldcup_2014_tur_aus_65_64,worldcup_2014,2014,classification,ElasticNet Classifier,1.0,0.6605
Fold_09,worldcup_2014_tur_dom_75_61,worldcup_2014,2014,classification,ElasticNet Classifier,1.0,0.7712
Fold_09,worldcup_2014_tur_fin_77_73,worldcup_2014,2014,classification,ElasticNet Classifier,1.0,0.7382
Fold_09,worldcup_2014_tur_usa_77_98,worldcup_2014,2014,classification,ElasticNet Classifier,0.0,0.3345
Fold_09,worldcup_2014_ukr_dom_72_62,worldcup_2014,2014,classification,ElasticNet Classifier,1.0,0.569
Fold_09,worldcup_2014_ukr_tur_64_58,worldcup_2014,2014,classification,ElasticNet Classifier,1.0,0.3305
Fold_09,worldcup_2014_ukr_usa_71_95,worldcup_2014,2014,classification,ElasticNet Classifier,0.0,0.1645
Fold_09,worldcup_2014_usa_fin_114_55,worldcup_2014,2014,classification,ElasticNet Classifier,1.0,0.8761
Fold_09,worldcup_2014_usa_ltu_96_68,worldcup_2014,2014,classification,ElasticNet Classifier,1.0,0.6123
Fold_09,worldcup_2014_usa_mex_86_63,worldcup_2014,2014,classification,ElasticNet Classifier,1.0,0.8942
Fold_09,worldcup_2014_usa_nzl_98_71,worldcup_2014,2014,classification,ElasticNet Classifier,1.0,0.9028
Fold_09,worldcup_2014_usa_srb_129_92,worldcup_2014,2014,classification,ElasticNet Classifier,1.0,0.7718
Fold_09,worldcup_2014_ang_kor_80_69,worldcup_2014,2014,classification,LightGBM Classifier,1.0,0.8745
Fold_09,worldcup_2014_ang_mex_55_79,worldcup_2014,2014,classification,LightGBM Classifier,0.0,0.8745
Fold_09,worldcup_2014_arg_cro_85_90,worldcup_2014,2014,classification,LightGBM Classifier,0.0,0.6818
Fold_09,worldcup_2014_arg_gre_71_79,worldcup_2014,2014,classification,LightGBM Classifier,0.0,0.6124
Fold_09,worldcup_2014_arg_phi_85_81,worldcup_2014,2014,classification,LightGBM Classifier,1.0,0.8806
Fold_09,worldcup_2014_aus_ang_83_91,worldcup_2014,2014,classification,LightGBM Classifier,0.0,0.758
Fold_09,worldcup_2014_aus_ltu_82_75,worldcup_2014,2014,classification,LightGBM Classifier,1.0,0.4456
Fold_09,worldcup_2014_aus_slo_80_90,worldcup_2014,2014,classification,LightGBM Classifier,0.0,0.4897
Fold_09,worldcup_2014_bra_arg_85_65,worldcup_2014,2014,classification,LightGBM Classifier,1.0,0.4995
Fold_09,worldcup_2014_bra_egy_128_65,worldcup_2014,2014,classification,LightGBM Classifier,1.0,0.8806
Fold_09,worldcup_2014_bra_esp_63_82,worldcup_2014,2014,classification,LightGBM Classifier,0.0,0.4393
Fold_09,worldcup_2014_bra_iri_79_50,worldcup_2014,2014,classification,LightGBM Classifier,1.0,0.927
Fold_09,worldcup_2014_cro_phi_81_78,worldcup_2014,2014,classification,LightGBM Classifier,1.0,0.8662
Fold_09,worldcup_2014_cro_pur_103_82,worldcup_2014,2014,classification,LightGBM Classifier,1.0,0.5184
Fold_09,worldcup_2014_cro_sen_75_77,worldcup_2014,2014,classification,LightGBM Classifier,0.0,0.8638
Fold_09,worldcup_2014_dom_nzl_76_63,worldcup_2014,2014,classification,LightGBM Classifier,1.0,0.314
Fold_09,worldcup_2014_dom_slo_61_71,worldcup_2014,2014,classification,LightGBM Classifier,0.0,0.0532
Fold_09,worldcup_2014_dom_usa_71_106,worldcup_2014,2014,classification,LightGBM Classifier,0.0,0.0427
Fold_09,worldcup_2014_egy_iri_73_88,worldcup_2014,2014,classification,LightGBM Classifier,0.0,0.5497
Fold_09,worldcup_2014_egy_srb_64_85,worldcup_2014,2014,classification,LightGBM Classifier,0.0,0.0467
Fold_09,worldcup_2014_esp_egy_91_54,worldcup_2014,2014,classification,LightGBM Classifier,1.0,0.8774
Fold_09,worldcup_2014_esp_fra_88_64,worldcup_2014,2014,classification,LightGBM Classifier,1.0,0.6407
Fold_09,worldcup_2014_esp_sen_89_56,worldcup_2014,2014,classification,LightGBM Classifier,1.0,0.9206
Fold_09,worldcup_2014_fin_dom_68_74,worldcup_2014,2014,classification,LightGBM Classifier,0.0,0.8823
Fold_09,worldcup_2014_fin_nzl_65_67,worldcup_2014,2014,classification,LightGBM Classifier,0.0,0.5747
Fold_09,worldcup_2014_fin_ukr_81_76,worldcup_2014,2014,classification,LightGBM Classifier,1.0,0.6751
Fold_09,worldcup_2014_fra_bra_63_65,worldcup_2014,2014,classification,LightGBM Classifier,0.0,0.4167
Fold_09,worldcup_2014_fra_cro_69_64,worldcup_2014,2014,classification,LightGBM Classifier,1.0,0.633
Fold_09,worldcup_2014_fra_egy_94_55,worldcup_2014,2014,classification,LightGBM Classifier,1.0,0.8545
Fold_09,worldcup_2014_fra_esp_65_52,worldcup_2014,2014,classification,LightGBM Classifier,1.0,0.4521
Fold_09,worldcup_2014_fra_srb_85_90,worldcup_2014,2014,classification,LightGBM Classifier,0.0,0.6889
Fold_09,worldcup_2014_gre_cro_76_65,worldcup_2014,2014,classification,LightGBM Classifier,1.0,0.8948
Fold_09,worldcup_2014_gre_sen_87_64,worldcup_2014,2014,classification,LightGBM Classifier,1.0,0.8563
Fold_09,worldcup_2014_iri_esp_60_90,worldcup_2014,2014,classification,LightGBM Classifier,0.0,0.1381
Fold_09,worldcup_2014_iri_fra_76_81,worldcup_2014,2014,classification,LightGBM Classifier,0.0,0.1599
Fold_09,worldcup_2014_iri_srb_70_83,worldcup_2014,2014,classification,LightGBM Classifier,0.0,0.213
Fold_09,worldcup_2014_kor_aus_55_89,worldcup_2014,2014,classification,LightGBM Classifier,0.0,0.201
Fold_09,worldcup_2014_kor_mex_71_87,worldcup_2014,2014,classification,LightGBM Classifier,0.0,0.4904
Fold_09,worldcup_2014_kor_slo_72_89,worldcup_2014,2014,classification,LightGBM Classifier,0.0,0.0514
Fold_09,worldcup_2014_ltu_ang_75_62,worldcup_2014,2014,classification,LightGBM Classifier,1.0,0.8196
Fold_09,worldcup_2014_ltu_fra_93_95,worldcup_2014,2014,classification,LightGBM Classifier,0.0,0.5453
Fold_09,worldcup_2014_ltu_kor_79_49,worldcup_2014,2014,classification,LightGBM Classifier,1.0,0.8581
Fold_09,worldcup_2014_ltu_slo_67_64,worldcup_2014,2014,classification,LightGBM Classifier,1.0,0.596
Fold_09,worldcup_2014_ltu_tur_73_61,worldcup_2014,2014,classification,LightGBM Classifier,1.0,0.6325
Fold_09,worldcup_2014_mex_aus_62_70,worldcup_2014,2014,classification,LightGBM Classifier,0.0,0.201
Fold_09,worldcup_2014_mex_ltu_74_87,worldcup_2014,2014,classification,LightGBM Classifier,0.0,0.0467
Fold_09,worldcup_2014_nzl_ltu_71_76,worldcup_2014,2014,classification,LightGBM Classifier,0.0,0.4545
Fold_09,worldcup_2014_nzl_tur_73_76,worldcup_2014,2014,classification,LightGBM Classifier,0.0,0.4488
Fold_09,worldcup_2014_nzl_ukr_73_61,worldcup_2014,2014,classification,LightGBM Classifier,1.0,0.564
Fold_09,worldcup_2014_phi_gre_70_82,worldcup_2014,2014,classification,LightGBM Classifier,0.0,0.0502
Fold_09,worldcup_2014_phi_pur_73_77,worldcup_2014,2014,classification,LightGBM Classifier,0.0,0.0673
Fold_09,worldcup_2014_pur_arg_75_98,worldcup_2014,2014,classification,LightGBM Classifier,0.0,0.4264
Fold_09,worldcup_2014_pur_gre_79_90,worldcup_2014,2014,classification,LightGBM Classifier,0.0,0.4551
Fold_09,worldcup_2014_sen_arg_46_81,worldcup_2014,2014,classification,LightGBM Classifier,0.0,0.2266
Fold_09,worldcup_2014_sen_phi_79_81,worldcup_2014,2014,classification,LightGBM Classifier,0.0,0.8534
Fold_09,worldcup_2014_sen_pur_82_75,worldcup_2014,2014,classification,LightGBM Classifier,1.0,0.3402
Fold_09,worldcup_2014_slo_ang_93_87,worldcup_2014,2014,classification,LightGBM Classifier,1.0,0.856
Fold_09,worldcup_2014_slo_mex_89_68,worldcup_2014,2014,classification,LightGBM Classifier,1.0,0.8473
Fold_09,worldcup_2014_slo_usa_76_119,worldcup_2014,2014,classification,LightGBM Classifier,0.0,0.2614
Fold_09,worldcup_2014_srb_bra_73_81,worldcup_2014,2014,classification,LightGBM Classifier,0.0,0.4819
Fold_09,worldcup_2014_srb_bra_84_56,worldcup_2014,2014,classification,LightGBM Classifier,1.0,0.4819
Fold_09,worldcup_2014_srb_esp_73_89,worldcup_2014,2014,classification,LightGBM Classifier,0.0,0.4286
Fold_09,worldcup_2014_srb_fra_73_74,worldcup_2014,2014,classification,LightGBM Classifier,0.0,0.4185
Fold_09,worldcup_2014_srb_gre_90_72,worldcup_2014,2014,classification,LightGBM Classifier,1.0,0.4233
Fold_09,worldcup_2014_tur_aus_65_64,worldcup_2014,2014,classification,LightGBM Classifier,1.0,0.5528
Fold_09,worldcup_2014_tur_dom_75_61,worldcup_2014,2014,classification,LightGBM Classifier,1.0,0.861
Fold_09,worldcup_2014_tur_fin_77_73,worldcup_2014,2014,classification,LightGBM Classifier,1.0,0.593
Fold_09,worldcup_2014_tur_usa_77_98,worldcup_2014,2014,classification,LightGBM Classifier,0.0,0.2605
Fold_09,worldcup_2014_ukr_dom_72_62,worldcup_2014,2014,classification,LightGBM Classifier,1.0,0.8837
Fold_09,worldcup_2014_ukr_tur_64_58,worldcup_2014,2014,classification,LightGBM Classifier,1.0,0.4531
Fold_09,worldcup_2014_ukr_usa_71_95,worldcup_2014,2014,classification,LightGBM Classifier,0.0,0.0715
Fold_09,worldcup_2014_usa_fin_114_55,worldcup_2014,2014,classification,LightGBM Classifier,1.0,0.9392
Fold_09,worldcup_2014_usa_ltu_96_68,worldcup_2014,2014,classification,LightGBM Classifier,1.0,0.8805
Fold_09,worldcup_2014_usa_mex_86_63,worldcup_2014,2014,classification,LightGBM Classifier,1.0,0.9234
Fold_09,worldcup_2014_usa_nzl_98_71,worldcup_2014,2014,classification,LightGBM Classifier,1.0,0.9314
Fold_09,worldcup_2014_usa_srb_129_92,worldcup_2014,2014,classification,LightGBM Classifier,1.0,0.9143
Fold_09,worldcup_2014_ang_kor_80_69,worldcup_2014,2014,regression,Naive Margin (0.0 pts),11.0,0.0
Fold_09,worldcup_2014_ang_mex_55_79,worldcup_2014,2014,regression,Naive Margin (0.0 pts),-24.0,0.0
Fold_09,worldcup_2014_arg_cro_85_90,worldcup_2014,2014,regression,Naive Margin (0.0 pts),-5.0,0.0
Fold_09,worldcup_2014_arg_gre_71_79,worldcup_2014,2014,regression,Naive Margin (0.0 pts),-8.0,0.0
Fold_09,worldcup_2014_arg_phi_85_81,worldcup_2014,2014,regression,Naive Margin (0.0 pts),4.0,0.0
Fold_09,worldcup_2014_aus_ang_83_91,worldcup_2014,2014,regression,Naive Margin (0.0 pts),-8.0,0.0
Fold_09,worldcup_2014_aus_ltu_82_75,worldcup_2014,2014,regression,Naive Margin (0.0 pts),7.0,0.0
Fold_09,worldcup_2014_aus_slo_80_90,worldcup_2014,2014,regression,Naive Margin (0.0 pts),-10.0,0.0
Fold_09,worldcup_2014_bra_arg_85_65,worldcup_2014,2014,regression,Naive Margin (0.0 pts),20.0,0.0
Fold_09,worldcup_2014_bra_egy_128_65,worldcup_2014,2014,regression,Naive Margin (0.0 pts),63.0,0.0
Fold_09,worldcup_2014_bra_esp_63_82,worldcup_2014,2014,regression,Naive Margin (0.0 pts),-19.0,0.0
Fold_09,worldcup_2014_bra_iri_79_50,worldcup_2014,2014,regression,Naive Margin (0.0 pts),29.0,0.0
Fold_09,worldcup_2014_cro_phi_81_78,worldcup_2014,2014,regression,Naive Margin (0.0 pts),3.0,0.0
Fold_09,worldcup_2014_cro_pur_103_82,worldcup_2014,2014,regression,Naive Margin (0.0 pts),21.0,0.0
Fold_09,worldcup_2014_cro_sen_75_77,worldcup_2014,2014,regression,Naive Margin (0.0 pts),-2.0,0.0
Fold_09,worldcup_2014_dom_nzl_76_63,worldcup_2014,2014,regression,Naive Margin (0.0 pts),13.0,0.0
Fold_09,worldcup_2014_dom_slo_61_71,worldcup_2014,2014,regression,Naive Margin (0.0 pts),-10.0,0.0
Fold_09,worldcup_2014_dom_usa_71_106,worldcup_2014,2014,regression,Naive Margin (0.0 pts),-35.0,0.0
Fold_09,worldcup_2014_egy_iri_73_88,worldcup_2014,2014,regression,Naive Margin (0.0 pts),-15.0,0.0
Fold_09,worldcup_2014_egy_srb_64_85,worldcup_2014,2014,regression,Naive Margin (0.0 pts),-21.0,0.0
Fold_09,worldcup_2014_esp_egy_91_54,worldcup_2014,2014,regression,Naive Margin (0.0 pts),37.0,0.0
Fold_09,worldcup_2014_esp_fra_88_64,worldcup_2014,2014,regression,Naive Margin (0.0 pts),24.0,0.0
Fold_09,worldcup_2014_esp_sen_89_56,worldcup_2014,2014,regression,Naive Margin (0.0 pts),33.0,0.0
Fold_09,worldcup_2014_fin_dom_68_74,worldcup_2014,2014,regression,Naive Margin (0.0 pts),-6.0,0.0
Fold_09,worldcup_2014_fin_nzl_65_67,worldcup_2014,2014,regression,Naive Margin (0.0 pts),-2.0,0.0
Fold_09,worldcup_2014_fin_ukr_81_76,worldcup_2014,2014,regression,Naive Margin (0.0 pts),5.0,0.0
Fold_09,worldcup_2014_fra_bra_63_65,worldcup_2014,2014,regression,Naive Margin (0.0 pts),-2.0,0.0
Fold_09,worldcup_2014_fra_cro_69_64,worldcup_2014,2014,regression,Naive Margin (0.0 pts),5.0,0.0
Fold_09,worldcup_2014_fra_egy_94_55,worldcup_2014,2014,regression,Naive Margin (0.0 pts),39.0,0.0
Fold_09,worldcup_2014_fra_esp_65_52,worldcup_2014,2014,regression,Naive Margin (0.0 pts),13.0,0.0
Fold_09,worldcup_2014_fra_srb_85_90,worldcup_2014,2014,regression,Naive Margin (0.0 pts),-5.0,0.0
Fold_09,worldcup_2014_gre_cro_76_65,worldcup_2014,2014,regression,Naive Margin (0.0 pts),11.0,0.0
Fold_09,worldcup_2014_gre_sen_87_64,worldcup_2014,2014,regression,Naive Margin (0.0 pts),23.0,0.0
Fold_09,worldcup_2014_iri_esp_60_90,worldcup_2014,2014,regression,Naive Margin (0.0 pts),-30.0,0.0
Fold_09,worldcup_2014_iri_fra_76_81,worldcup_2014,2014,regression,Naive Margin (0.0 pts),-5.0,0.0
Fold_09,worldcup_2014_iri_srb_70_83,worldcup_2014,2014,regression,Naive Margin (0.0 pts),-13.0,0.0
Fold_09,worldcup_2014_kor_aus_55_89,worldcup_2014,2014,regression,Naive Margin (0.0 pts),-34.0,0.0
Fold_09,worldcup_2014_kor_mex_71_87,worldcup_2014,2014,regression,Naive Margin (0.0 pts),-16.0,0.0
Fold_09,worldcup_2014_kor_slo_72_89,worldcup_2014,2014,regression,Naive Margin (0.0 pts),-17.0,0.0
Fold_09,worldcup_2014_ltu_ang_75_62,worldcup_2014,2014,regression,Naive Margin (0.0 pts),13.0,0.0
Fold_09,worldcup_2014_ltu_fra_93_95,worldcup_2014,2014,regression,Naive Margin (0.0 pts),-2.0,0.0
Fold_09,worldcup_2014_ltu_kor_79_49,worldcup_2014,2014,regression,Naive Margin (0.0 pts),30.0,0.0
Fold_09,worldcup_2014_ltu_slo_67_64,worldcup_2014,2014,regression,Naive Margin (0.0 pts),3.0,0.0
Fold_09,worldcup_2014_ltu_tur_73_61,worldcup_2014,2014,regression,Naive Margin (0.0 pts),12.0,0.0
Fold_09,worldcup_2014_mex_aus_62_70,worldcup_2014,2014,regression,Naive Margin (0.0 pts),-8.0,0.0
Fold_09,worldcup_2014_mex_ltu_74_87,worldcup_2014,2014,regression,Naive Margin (0.0 pts),-13.0,0.0
Fold_09,worldcup_2014_nzl_ltu_71_76,worldcup_2014,2014,regression,Naive Margin (0.0 pts),-5.0,0.0
Fold_09,worldcup_2014_nzl_tur_73_76,worldcup_2014,2014,regression,Naive Margin (0.0 pts),-3.0,0.0
Fold_09,worldcup_2014_nzl_ukr_73_61,worldcup_2014,2014,regression,Naive Margin (0.0 pts),12.0,0.0
Fold_09,worldcup_2014_phi_gre_70_82,worldcup_2014,2014,regression,Naive Margin (0.0 pts),-12.0,0.0
Fold_09,worldcup_2014_phi_pur_73_77,worldcup_2014,2014,regression,Naive Margin (0.0 pts),-4.0,0.0
Fold_09,worldcup_2014_pur_arg_75_98,worldcup_2014,2014,regression,Naive Margin (0.0 pts),-23.0,0.0
Fold_09,worldcup_2014_pur_gre_79_90,worldcup_2014,2014,regression,Naive Margin (0.0 pts),-11.0,0.0
Fold_09,worldcup_2014_sen_arg_46_81,worldcup_2014,2014,regression,Naive Margin (0.0 pts),-35.0,0.0
Fold_09,worldcup_2014_sen_phi_79_81,worldcup_2014,2014,regression,Naive Margin (0.0 pts),-2.0,0.0
Fold_09,worldcup_2014_sen_pur_82_75,worldcup_2014,2014,regression,Naive Margin (0.0 pts),7.0,0.0
Fold_09,worldcup_2014_slo_ang_93_87,worldcup_2014,2014,regression,Naive Margin (0.0 pts),6.0,0.0
Fold_09,worldcup_2014_slo_mex_89_68,worldcup_2014,2014,regression,Naive Margin (0.0 pts),21.0,0.0
Fold_09,worldcup_2014_slo_usa_76_119,worldcup_2014,2014,regression,Naive Margin (0.0 pts),-43.0,0.0
Fold_09,worldcup_2014_srb_bra_73_81,worldcup_2014,2014,regression,Naive Margin (0.0 pts),-8.0,0.0
Fold_09,worldcup_2014_srb_bra_84_56,worldcup_2014,2014,regression,Naive Margin (0.0 pts),28.0,0.0
Fold_09,worldcup_2014_srb_esp_73_89,worldcup_2014,2014,regression,Naive Margin (0.0 pts),-16.0,0.0
Fold_09,worldcup_2014_srb_fra_73_74,worldcup_2014,2014,regression,Naive Margin (0.0 pts),-1.0,0.0
Fold_09,worldcup_2014_srb_gre_90_72,worldcup_2014,2014,regression,Naive Margin (0.0 pts),18.0,0.0
Fold_09,worldcup_2014_tur_aus_65_64,worldcup_2014,2014,regression,Naive Margin (0.0 pts),1.0,0.0
Fold_09,worldcup_2014_tur_dom_75_61,worldcup_2014,2014,regression,Naive Margin (0.0 pts),14.0,0.0
Fold_09,worldcup_2014_tur_fin_77_73,worldcup_2014,2014,regression,Naive Margin (0.0 pts),4.0,0.0
Fold_09,worldcup_2014_tur_usa_77_98,worldcup_2014,2014,regression,Naive Margin (0.0 pts),-21.0,0.0
Fold_09,worldcup_2014_ukr_dom_72_62,worldcup_2014,2014,regression,Naive Margin (0.0 pts),10.0,0.0
Fold_09,worldcup_2014_ukr_tur_64_58,worldcup_2014,2014,regression,Naive Margin (0.0 pts),6.0,0.0
Fold_09,worldcup_2014_ukr_usa_71_95,worldcup_2014,2014,regression,Naive Margin (0.0 pts),-24.0,0.0
Fold_09,worldcup_2014_usa_fin_114_55,worldcup_2014,2014,regression,Naive Margin (0.0 pts),59.0,0.0
Fold_09,worldcup_2014_usa_ltu_96_68,worldcup_2014,2014,regression,Naive Margin (0.0 pts),28.0,0.0
Fold_09,worldcup_2014_usa_mex_86_63,worldcup_2014,2014,regression,Naive Margin (0.0 pts),23.0,0.0
Fold_09,worldcup_2014_usa_nzl_98_71,worldcup_2014,2014,regression,Naive Margin (0.0 pts),27.0,0.0
Fold_09,worldcup_2014_usa_srb_129_92,worldcup_2014,2014,regression,Naive Margin (0.0 pts),37.0,0.0
Fold_09,worldcup_2014_ang_kor_80_69,worldcup_2014,2014,regression,Ridge Regressor,11.0,-4.715
Fold_09,worldcup_2014_ang_mex_55_79,worldcup_2014,2014,regression,Ridge Regressor,-24.0,-4.715
Fold_09,worldcup_2014_arg_cro_85_90,worldcup_2014,2014,regression,Ridge Regressor,-5.0,4.687
Fold_09,worldcup_2014_arg_gre_71_79,worldcup_2014,2014,regression,Ridge Regressor,-8.0,0.632
Fold_09,worldcup_2014_arg_phi_85_81,worldcup_2014,2014,regression,Ridge Regressor,4.0,10.173
Fold_09,worldcup_2014_aus_ang_83_91,worldcup_2014,2014,regression,Ridge Regressor,-8.0,11.186
Fold_09,worldcup_2014_aus_ltu_82_75,worldcup_2014,2014,regression,Ridge Regressor,7.0,-4.568
Fold_09,worldcup_2014_aus_slo_80_90,worldcup_2014,2014,regression,Ridge Regressor,-10.0,-2.491
Fold_09,worldcup_2014_bra_arg_85_65,worldcup_2014,2014,regression,Ridge Regressor,20.0,1.586
Fold_09,worldcup_2014_bra_egy_128_65,worldcup_2014,2014,regression,Ridge Regressor,63.0,7.695
Fold_09,worldcup_2014_bra_esp_63_82,worldcup_2014,2014,regression,Ridge Regressor,-19.0,-7.51
Fold_09,worldcup_2014_bra_iri_79_50,worldcup_2014,2014,regression,Ridge Regressor,29.0,18.21
Fold_09,worldcup_2014_cro_phi_81_78,worldcup_2014,2014,regression,Ridge Regressor,3.0,6.352
Fold_09,worldcup_2014_cro_pur_103_82,worldcup_2014,2014,regression,Ridge Regressor,21.0,4.592
Fold_09,worldcup_2014_cro_sen_75_77,worldcup_2014,2014,regression,Ridge Regressor,-2.0,15.435
Fold_09,worldcup_2014_dom_nzl_76_63,worldcup_2014,2014,regression,Ridge Regressor,13.0,1.492
Fold_09,worldcup_2014_dom_slo_61_71,worldcup_2014,2014,regression,Ridge Regressor,-10.0,-4.031
Fold_09,worldcup_2014_dom_usa_71_106,worldcup_2014,2014,regression,Ridge Regressor,-35.0,-17.692
Fold_09,worldcup_2014_egy_iri_73_88,worldcup_2014,2014,regression,Ridge Regressor,-15.0,11.38
Fold_09,worldcup_2014_egy_srb_64_85,worldcup_2014,2014,regression,Ridge Regressor,-21.0,-5.381
Fold_09,worldcup_2014_esp_egy_91_54,worldcup_2014,2014,regression,Ridge Regressor,37.0,16.068
Fold_09,worldcup_2014_esp_fra_88_64,worldcup_2014,2014,regression,Ridge Regressor,24.0,7.192
Fold_09,worldcup_2014_esp_sen_89_56,worldcup_2014,2014,regression,Ridge Regressor,33.0,28.353
Fold_09,worldcup_2014_fin_dom_68_74,worldcup_2014,2014,regression,Ridge Regressor,-6.0,2.662
Fold_09,worldcup_2014_fin_nzl_65_67,worldcup_2014,2014,regression,Ridge Regressor,-2.0,3.289
Fold_09,worldcup_2014_fin_ukr_81_76,worldcup_2014,2014,regression,Ridge Regressor,5.0,2.907
Fold_09,worldcup_2014_fra_bra_63_65,worldcup_2014,2014,regression,Ridge Regressor,-2.0,2.911
Fold_09,worldcup_2014_fra_cro_69_64,worldcup_2014,2014,regression,Ridge Regressor,5.0,7.455
Fold_09,worldcup_2014_fra_egy_94_55,worldcup_2014,2014,regression,Ridge Regressor,39.0,9.741
Fold_09,worldcup_2014_fra_esp_65_52,worldcup_2014,2014,regression,Ridge Regressor,13.0,-2.263
Fold_09,worldcup_2014_fra_srb_85_90,worldcup_2014,2014,regression,Ridge Regressor,-5.0,6.696
Fold_09,worldcup_2014_gre_cro_76_65,worldcup_2014,2014,regression,Ridge Regressor,11.0,4.919
Fold_09,worldcup_2014_gre_sen_87_64,worldcup_2014,2014,regression,Ridge Regressor,23.0,19.49
Fold_09,worldcup_2014_iri_esp_60_90,worldcup_2014,2014,regression,Ridge Regressor,-30.0,-24.856
Fold_09,worldcup_2014_iri_fra_76_81,worldcup_2014,2014,regression,Ridge Regressor,-5.0,-18.529
Fold_09,worldcup_2014_iri_srb_70_83,worldcup_2014,2014,regression,Ridge Regressor,-13.0,-15.897
Fold_09,worldcup_2014_kor_aus_55_89,worldcup_2014,2014,regression,Ridge Regressor,-34.0,-3.876
Fold_09,worldcup_2014_kor_mex_71_87,worldcup_2014,2014,regression,Ridge Regressor,-16.0,0.864
Fold_09,worldcup_2014_kor_slo_72_89,worldcup_2014,2014,regression,Ridge Regressor,-17.0,-7.231
Fold_09,worldcup_2014_ltu_ang_75_62,worldcup_2014,2014,regression,Ridge Regressor,13.0,16.617
Fold_09,worldcup_2014_ltu_fra_93_95,worldcup_2014,2014,regression,Ridge Regressor,-2.0,5.362
Fold_09,worldcup_2014_ltu_kor_79_49,worldcup_2014,2014,regression,Ridge Regressor,30.0,11.038
Fold_09,worldcup_2014_ltu_slo_67_64,worldcup_2014,2014,regression,Ridge Regressor,3.0,2.942
Fold_09,worldcup_2014_ltu_tur_73_61,worldcup_2014,2014,regression,Ridge Regressor,12.0,8.317
Fold_09,worldcup_2014_mex_aus_62_70,worldcup_2014,2014,regression,Ridge Regressor,-8.0,-3.876
Fold_09,worldcup_2014_mex_ltu_74_87,worldcup_2014,2014,regression,Ridge Regressor,-13.0,-9.309
Fold_09,worldcup_2014_nzl_ltu_71_76,worldcup_2014,2014,regression,Ridge Regressor,-5.0,-6.735
Fold_09,worldcup_2014_nzl_tur_73_76,worldcup_2014,2014,regression,Ridge Regressor,-3.0,-5.684
Fold_09,worldcup_2014_nzl_ukr_73_61,worldcup_2014,2014,regression,Ridge Regressor,12.0,0.482
Fold_09,worldcup_2014_phi_gre_70_82,worldcup_2014,2014,regression,Ridge Regressor,-12.0,-8.677
Fold_09,worldcup_2014_phi_pur_73_77,worldcup_2014,2014,regression,Ridge Regressor,-4.0,-0.894
Fold_09,worldcup_2014_pur_arg_75_98,worldcup_2014,2014,regression,Ridge Regressor,-23.0,-6.686
Fold_09,worldcup_2014_pur_gre_79_90,worldcup_2014,2014,regression,Ridge Regressor,-11.0,-6.918
Fold_09,worldcup_2014_sen_arg_46_81,worldcup_2014,2014,regression,Ridge Regressor,-35.0,-17.529
Fold_09,worldcup_2014_sen_phi_79_81,worldcup_2014,2014,regression,Ridge Regressor,-2.0,-8.22
Fold_09,worldcup_2014_sen_pur_82_75,worldcup_2014,2014,regression,Ridge Regressor,7.0,-9.979
Fold_09,worldcup_2014_slo_ang_93_87,worldcup_2014,2014,regression,Ridge Regressor,6.0,14.54
Fold_09,worldcup_2014_slo_mex_89_68,worldcup_2014,2014,regression,Ridge Regressor,21.0,8.96
Fold_09,worldcup_2014_slo_usa_76_119,worldcup_2014,2014,regression,Ridge Regressor,-43.0,-6.396
Fold_09,worldcup_2014_srb_bra_73_81,worldcup_2014,2014,regression,Ridge Regressor,-8.0,0.28
Fold_09,worldcup_2014_srb_bra_84_56,worldcup_2014,2014,regression,Ridge Regressor,28.0,3.481
Fold_09,worldcup_2014_srb_esp_73_89,worldcup_2014,2014,regression,Ridge Regressor,-16.0,-8.094
Fold_09,worldcup_2014_srb_fra_73_74,worldcup_2014,2014,regression,Ridge Regressor,-1.0,-1.767
Fold_09,worldcup_2014_srb_gre_90_72,worldcup_2014,2014,regression,Ridge Regressor,18.0,0.769
Fold_09,worldcup_2014_tur_aus_65_64,worldcup_2014,2014,regression,Ridge Regressor,1.0,5.245
Fold_09,worldcup_2014_tur_dom_75_61,worldcup_2014,2014,regression,Ridge Regressor,14.0,6.786
Fold_09,worldcup_2014_tur_fin_77_73,worldcup_2014,2014,regression,Ridge Regressor,4.0,4.989
Fold_09,worldcup_2014_tur_usa_77_98,worldcup_2014,2014,regression,Ridge Regressor,-21.0,-11.772
Fold_09,worldcup_2014_ukr_dom_72_62,worldcup_2014,2014,regression,Ridge Regressor,10.0,0.619
Fold_09,worldcup_2014_ukr_tur_64_58,worldcup_2014,2014,regression,Ridge Regressor,6.0,-5.302
Fold_09,worldcup_2014_ukr_usa_71_95,worldcup_2014,2014,regression,Ridge Regressor,-24.0,-17.937
Fold_09,worldcup_2014_usa_fin_114_55,worldcup_2014,2014,regression,Ridge Regressor,59.0,17.624
Fold_09,worldcup_2014_usa_ltu_96_68,worldcup_2014,2014,regression,Ridge Regressor,28.0,12.448
Fold_09,worldcup_2014_usa_mex_86_63,worldcup_2014,2014,regression,Ridge Regressor,23.0,22.622
Fold_09,worldcup_2014_usa_nzl_98_71,worldcup_2014,2014,regression,Ridge Regressor,27.0,20.048
Fold_09,worldcup_2014_usa_srb_129_92,worldcup_2014,2014,regression,Ridge Regressor,37.0,16.376
Fold_09,worldcup_2014_ang_kor_80_69,worldcup_2014,2014,regression,ElasticNet Regressor,11.0,-5.839
Fold_09,worldcup_2014_ang_mex_55_79,worldcup_2014,2014,regression,ElasticNet Regressor,-24.0,-5.839
Fold_09,worldcup_2014_arg_cro_85_90,worldcup_2014,2014,regression,ElasticNet Regressor,-5.0,4.238
Fold_09,worldcup_2014_arg_gre_71_79,worldcup_2014,2014,regression,ElasticNet Regressor,-8.0,0.075
Fold_09,worldcup_2014_arg_phi_85_81,worldcup_2014,2014,regression,ElasticNet Regressor,4.0,9.039
Fold_09,worldcup_2014_aus_ang_83_91,worldcup_2014,2014,regression,ElasticNet Regressor,-8.0,11.227
Fold_09,worldcup_2014_aus_ltu_82_75,worldcup_2014,2014,regression,ElasticNet Regressor,7.0,-5.214
Fold_09,worldcup_2014_aus_slo_80_90,worldcup_2014,2014,regression,ElasticNet Regressor,-10.0,-2.97
Fold_09,worldcup_2014_bra_arg_85_65,worldcup_2014,2014,regression,ElasticNet Regressor,20.0,0.15
Fold_09,worldcup_2014_bra_egy_128_65,worldcup_2014,2014,regression,ElasticNet Regressor,63.0,6.37
Fold_09,worldcup_2014_bra_esp_63_82,worldcup_2014,2014,regression,ElasticNet Regressor,-19.0,-8.296
Fold_09,worldcup_2014_bra_iri_79_50,worldcup_2014,2014,regression,ElasticNet Regressor,29.0,18.135
Fold_09,worldcup_2014_cro_phi_81_78,worldcup_2014,2014,regression,ElasticNet Regressor,3.0,5.683
Fold_09,worldcup_2014_cro_pur_103_82,worldcup_2014,2014,regression,ElasticNet Regressor,21.0,5.468
Fold_09,worldcup_2014_cro_sen_75_77,worldcup_2014,2014,regression,ElasticNet Regressor,-2.0,15.968
Fold_09,worldcup_2014_dom_nzl_76_63,worldcup_2014,2014,regression,ElasticNet Regressor,13.0,2.794
Fold_09,worldcup_2014_dom_slo_61_71,worldcup_2014,2014,regression,ElasticNet Regressor,-10.0,-4.657
Fold_09,worldcup_2014_dom_usa_71_106,worldcup_2014,2014,regression,ElasticNet Regressor,-35.0,-16.342
Fold_09,worldcup_2014_egy_iri_73_88,worldcup_2014,2014,regression,ElasticNet Regressor,-15.0,12.646
Fold_09,worldcup_2014_egy_srb_64_85,worldcup_2014,2014,regression,ElasticNet Regressor,-21.0,-4.451
Fold_09,worldcup_2014_esp_egy_91_54,worldcup_2014,2014,regression,ElasticNet Regressor,37.0,15.548
Fold_09,worldcup_2014_esp_fra_88_64,worldcup_2014,2014,regression,ElasticNet Regressor,24.0,7.19
Fold_09,worldcup_2014_esp_sen_89_56,worldcup_2014,2014,regression,ElasticNet Regressor,33.0,27.771
Fold_09,worldcup_2014_fin_dom_68_74,worldcup_2014,2014,regression,ElasticNet Regressor,-6.0,1.451
Fold_09,worldcup_2014_fin_nzl_65_67,worldcup_2014,2014,regression,ElasticNet Regressor,-2.0,3.363
Fold_09,worldcup_2014_fin_ukr_81_76,worldcup_2014,2014,regression,ElasticNet Regressor,5.0,2.735
Fold_09,worldcup_2014_fra_bra_63_65,worldcup_2014,2014,regression,ElasticNet Regressor,-2.0,3.751
Fold_09,worldcup_2014_fra_cro_69_64,worldcup_2014,2014,regression,ElasticNet Regressor,5.0,6.377
Fold_09,worldcup_2014_fra_egy_94_55,worldcup_2014,2014,regression,ElasticNet Regressor,39.0,9.24
Fold_09,worldcup_2014_fra_esp_65_52,worldcup_2014,2014,regression,ElasticNet Regressor,13.0,-3.489
Fold_09,worldcup_2014_fra_srb_85_90,worldcup_2014,2014,regression,ElasticNet Regressor,-5.0,5.845
Fold_09,worldcup_2014_gre_cro_76_65,worldcup_2014,2014,regression,ElasticNet Regressor,11.0,5.045
Fold_09,worldcup_2014_gre_sen_87_64,worldcup_2014,2014,regression,ElasticNet Regressor,23.0,20.132
Fold_09,worldcup_2014_iri_esp_60_90,worldcup_2014,2014,regression,ElasticNet Regressor,-30.0,-25.549
Fold_09,worldcup_2014_iri_fra_76_81,worldcup_2014,2014,regression,ElasticNet Regressor,-5.0,-19.241
Fold_09,worldcup_2014_iri_srb_70_83,worldcup_2014,2014,regression,ElasticNet Regressor,-13.0,-16.215
Fold_09,worldcup_2014_kor_aus_55_89,worldcup_2014,2014,regression,ElasticNet Regressor,-34.0,-2.743
Fold_09,worldcup_2014_kor_mex_71_87,worldcup_2014,2014,regression,ElasticNet Regressor,-16.0,0.882
Fold_09,worldcup_2014_kor_slo_72_89,worldcup_2014,2014,regression,ElasticNet Regressor,-17.0,-6.594
Fold_09,worldcup_2014_ltu_ang_75_62,worldcup_2014,2014,regression,ElasticNet Regressor,13.0,17.323
Fold_09,worldcup_2014_ltu_fra_93_95,worldcup_2014,2014,regression,ElasticNet Regressor,-2.0,4.181
Fold_09,worldcup_2014_ltu_kor_79_49,worldcup_2014,2014,regression,ElasticNet Regressor,30.0,10.602
Fold_09,worldcup_2014_ltu_slo_67_64,worldcup_2014,2014,regression,ElasticNet Regressor,3.0,3.126
Fold_09,worldcup_2014_ltu_tur_73_61,worldcup_2014,2014,regression,ElasticNet Regressor,12.0,7.351
Fold_09,worldcup_2014_mex_aus_62_70,worldcup_2014,2014,regression,ElasticNet Regressor,-8.0,-2.743
Fold_09,worldcup_2014_mex_ltu_74_87,worldcup_2014,2014,regression,ElasticNet Regressor,-13.0,-8.838
Fold_09,worldcup_2014_nzl_ltu_71_76,worldcup_2014,2014,regression,ElasticNet Regressor,-5.0,-8.813
Fold_09,worldcup_2014_nzl_tur_73_76,worldcup_2014,2014,regression,ElasticNet Regressor,-3.0,-6.22
Fold_09,worldcup_2014_nzl_ukr_73_61,worldcup_2014,2014,regression,ElasticNet Regressor,12.0,0.253
Fold_09,worldcup_2014_phi_gre_70_82,worldcup_2014,2014,regression,ElasticNet Regressor,-12.0,-8.083
Fold_09,worldcup_2014_phi_pur_73_77,worldcup_2014,2014,regression,ElasticNet Regressor,-4.0,0.667
Fold_09,worldcup_2014_pur_arg_75_98,worldcup_2014,2014,regression,ElasticNet Regressor,-23.0,-7.061
Fold_09,worldcup_2014_pur_gre_79_90,worldcup_2014,2014,regression,ElasticNet Regressor,-11.0,-7.868
Fold_09,worldcup_2014_sen_arg_46_81,worldcup_2014,2014,regression,ElasticNet Regressor,-35.0,-17.562
Fold_09,worldcup_2014_sen_phi_79_81,worldcup_2014,2014,regression,ElasticNet Regressor,-2.0,-9.404
Fold_09,worldcup_2014_sen_pur_82_75,worldcup_2014,2014,regression,ElasticNet Regressor,7.0,-9.618
Fold_09,worldcup_2014_slo_ang_93_87,worldcup_2014,2014,regression,ElasticNet Regressor,6.0,15.079
Fold_09,worldcup_2014_slo_mex_89_68,worldcup_2014,2014,regression,ElasticNet Regressor,21.0,8.358
Fold_09,worldcup_2014_slo_usa_76_119,worldcup_2014,2014,regression,ElasticNet Regressor,-43.0,-6.928
Fold_09,worldcup_2014_srb_bra_73_81,worldcup_2014,2014,regression,ElasticNet Regressor,-8.0,0.726
Fold_09,worldcup_2014_srb_bra_84_56,worldcup_2014,2014,regression,ElasticNet Regressor,28.0,2.663
Fold_09,worldcup_2014_srb_esp_73_89,worldcup_2014,2014,regression,ElasticNet Regressor,-16.0,-8.452
Fold_09,worldcup_2014_srb_fra_73_74,worldcup_2014,2014,regression,ElasticNet Regressor,-1.0,-2.144
Fold_09,worldcup_2014_srb_gre_90_72,worldcup_2014,2014,regression,ElasticNet Regressor,18.0,-0.813
Fold_09,worldcup_2014_tur_aus_65_64,worldcup_2014,2014,regression,ElasticNet Regressor,1.0,4.384
Fold_09,worldcup_2014_tur_dom_75_61,worldcup_2014,2014,regression,ElasticNet Regressor,14.0,6.071
Fold_09,worldcup_2014_tur_fin_77_73,worldcup_2014,2014,regression,ElasticNet Regressor,4.0,5.501
Fold_09,worldcup_2014_tur_usa_77_98,worldcup_2014,2014,regression,ElasticNet Regressor,-21.0,-11.153
Fold_09,worldcup_2014_ukr_dom_72_62,worldcup_2014,2014,regression,ElasticNet Regressor,10.0,-0.403
Fold_09,worldcup_2014_ukr_tur_64_58,worldcup_2014,2014,regression,ElasticNet Regressor,6.0,-5.591
Fold_09,worldcup_2014_ukr_usa_71_95,worldcup_2014,2014,regression,ElasticNet Regressor,-24.0,-17.626
Fold_09,worldcup_2014_usa_fin_114_55,worldcup_2014,2014,regression,ElasticNet Regressor,59.0,17.535
Fold_09,worldcup_2014_usa_ltu_96_68,worldcup_2014,2014,regression,ElasticNet Regressor,28.0,10.323
Fold_09,worldcup_2014_usa_mex_86_63,worldcup_2014,2014,regression,ElasticNet Regressor,23.0,20.043
Fold_09,worldcup_2014_usa_nzl_98_71,worldcup_2014,2014,regression,ElasticNet Regressor,27.0,20.017
Fold_09,worldcup_2014_usa_srb_129_92,worldcup_2014,2014,regression,ElasticNet Regressor,37.0,14.71
Fold_09,worldcup_2014_ang_kor_80_69,worldcup_2014,2014,regression,LightGBM Regressor,11.0,5.448
Fold_09,worldcup_2014_ang_mex_55_79,worldcup_2014,2014,regression,LightGBM Regressor,-24.0,5.448
Fold_09,worldcup_2014_arg_cro_85_90,worldcup_2014,2014,regression,LightGBM Regressor,-5.0,6.921
Fold_09,worldcup_2014_arg_gre_71_79,worldcup_2014,2014,regression,LightGBM Regressor,-8.0,5.15
Fold_09,worldcup_2014_arg_phi_85_81,worldcup_2014,2014,regression,LightGBM Regressor,4.0,10.361
Fold_09,worldcup_2014_aus_ang_83_91,worldcup_2014,2014,regression,LightGBM Regressor,-8.0,6.388
Fold_09,worldcup_2014_aus_ltu_82_75,worldcup_2014,2014,regression,LightGBM Regressor,7.0,-0.572
Fold_09,worldcup_2014_aus_slo_80_90,worldcup_2014,2014,regression,LightGBM Regressor,-10.0,-1.001
Fold_09,worldcup_2014_bra_arg_85_65,worldcup_2014,2014,regression,LightGBM Regressor,20.0,-0.599
Fold_09,worldcup_2014_bra_egy_128_65,worldcup_2014,2014,regression,LightGBM Regressor,63.0,11.864
Fold_09,worldcup_2014_bra_esp_63_82,worldcup_2014,2014,regression,LightGBM Regressor,-19.0,-1.166
Fold_09,worldcup_2014_bra_iri_79_50,worldcup_2014,2014,regression,LightGBM Regressor,29.0,14.942
Fold_09,worldcup_2014_cro_phi_81_78,worldcup_2014,2014,regression,LightGBM Regressor,3.0,8.41
Fold_09,worldcup_2014_cro_pur_103_82,worldcup_2014,2014,regression,LightGBM Regressor,21.0,3.329
Fold_09,worldcup_2014_cro_sen_75_77,worldcup_2014,2014,regression,LightGBM Regressor,-2.0,10.389
Fold_09,worldcup_2014_dom_nzl_76_63,worldcup_2014,2014,regression,LightGBM Regressor,13.0,-7.859
Fold_09,worldcup_2014_dom_slo_61_71,worldcup_2014,2014,regression,LightGBM Regressor,-10.0,-10.799
Fold_09,worldcup_2014_dom_usa_71_106,worldcup_2014,2014,regression,LightGBM Regressor,-35.0,-24.773
Fold_09,worldcup_2014_egy_iri_73_88,worldcup_2014,2014,regression,LightGBM Regressor,-15.0,0.301
Fold_09,worldcup_2014_egy_srb_64_85,worldcup_2014,2014,regression,LightGBM Regressor,-21.0,-20.874
Fold_09,worldcup_2014_esp_egy_91_54,worldcup_2014,2014,regression,LightGBM Regressor,37.0,11.139
Fold_09,worldcup_2014_esp_fra_88_64,worldcup_2014,2014,regression,LightGBM Regressor,24.0,6.557
Fold_09,worldcup_2014_esp_sen_89_56,worldcup_2014,2014,regression,LightGBM Regressor,33.0,20.684
Fold_09,worldcup_2014_fin_dom_68_74,worldcup_2014,2014,regression,LightGBM Regressor,-6.0,10.271
Fold_09,worldcup_2014_fin_nzl_65_67,worldcup_2014,2014,regression,LightGBM Regressor,-2.0,2.073
Fold_09,worldcup_2014_fin_ukr_81_76,worldcup_2014,2014,regression,LightGBM Regressor,5.0,5.802
Fold_09,worldcup_2014_fra_bra_63_65,worldcup_2014,2014,regression,LightGBM Regressor,-2.0,-0.713
Fold_09,worldcup_2014_fra_cro_69_64,worldcup_2014,2014,regression,LightGBM Regressor,5.0,4.664
Fold_09,worldcup_2014_fra_egy_94_55,worldcup_2014,2014,regression,LightGBM Regressor,39.0,7.789
Fold_09,worldcup_2014_fra_esp_65_52,worldcup_2014,2014,regression,LightGBM Regressor,13.0,-0.761
Fold_09,worldcup_2014_fra_srb_85_90,worldcup_2014,2014,regression,LightGBM Regressor,-5.0,5.681
Fold_09,worldcup_2014_gre_cro_76_65,worldcup_2014,2014,regression,LightGBM Regressor,11.0,9.262
Fold_09,worldcup_2014_gre_sen_87_64,worldcup_2014,2014,regression,LightGBM Regressor,23.0,10.914
Fold_09,worldcup_2014_iri_esp_60_90,worldcup_2014,2014,regression,LightGBM Regressor,-30.0,-15.648
Fold_09,worldcup_2014_iri_fra_76_81,worldcup_2014,2014,regression,LightGBM Regressor,-5.0,-15.768
Fold_09,worldcup_2014_iri_srb_70_83,worldcup_2014,2014,regression,LightGBM Regressor,-13.0,-8.163
Fold_09,worldcup_2014_kor_aus_55_89,worldcup_2014,2014,regression,LightGBM Regressor,-34.0,-11.659
Fold_09,worldcup_2014_kor_mex_71_87,worldcup_2014,2014,regression,LightGBM Regressor,-16.0,1.027
Fold_09,worldcup_2014_kor_slo_72_89,worldcup_2014,2014,regression,LightGBM Regressor,-17.0,-10.799
Fold_09,worldcup_2014_ltu_ang_75_62,worldcup_2014,2014,regression,LightGBM Regressor,13.0,10.914
Fold_09,worldcup_2014_ltu_fra_93_95,worldcup_2014,2014,regression,LightGBM Regressor,-2.0,1.961
Fold_09,worldcup_2014_ltu_kor_79_49,worldcup_2014,2014,regression,LightGBM Regressor,30.0,7.873
Fold_09,worldcup_2014_ltu_slo_67_64,worldcup_2014,2014,regression,LightGBM Regressor,3.0,4.454
Fold_09,worldcup_2014_ltu_tur_73_61,worldcup_2014,2014,regression,LightGBM Regressor,12.0,5.681
Fold_09,worldcup_2014_mex_aus_62_70,worldcup_2014,2014,regression,LightGBM Regressor,-8.0,-11.659
Fold_09,worldcup_2014_mex_ltu_74_87,worldcup_2014,2014,regression,LightGBM Regressor,-13.0,-21.173
Fold_09,worldcup_2014_nzl_ltu_71_76,worldcup_2014,2014,regression,LightGBM Regressor,-5.0,-3.316
Fold_09,worldcup_2014_nzl_tur_73_76,worldcup_2014,2014,regression,LightGBM Regressor,-3.0,-3.295
Fold_09,worldcup_2014_nzl_ukr_73_61,worldcup_2014,2014,regression,LightGBM Regressor,12.0,3.901
Fold_09,worldcup_2014_phi_gre_70_82,worldcup_2014,2014,regression,LightGBM Regressor,-12.0,-22.79
Fold_09,worldcup_2014_phi_pur_73_77,worldcup_2014,2014,regression,LightGBM Regressor,-4.0,-19.972
Fold_09,worldcup_2014_pur_arg_75_98,worldcup_2014,2014,regression,LightGBM Regressor,-23.0,-3.066
Fold_09,worldcup_2014_pur_gre_79_90,worldcup_2014,2014,regression,LightGBM Regressor,-11.0,-1.771
Fold_09,worldcup_2014_sen_arg_46_81,worldcup_2014,2014,regression,LightGBM Regressor,-35.0,-14.451
Fold_09,worldcup_2014_sen_phi_79_81,worldcup_2014,2014,regression,LightGBM Regressor,-2.0,4.377
Fold_09,worldcup_2014_sen_pur_82_75,worldcup_2014,2014,regression,LightGBM Regressor,7.0,-5.998
Fold_09,worldcup_2014_slo_ang_93_87,worldcup_2014,2014,regression,LightGBM Regressor,6.0,10.914
Fold_09,worldcup_2014_slo_mex_89_68,worldcup_2014,2014,regression,LightGBM Regressor,21.0,7.789
Fold_09,worldcup_2014_slo_usa_76_119,worldcup_2014,2014,regression,LightGBM Regressor,-43.0,-7.736
Fold_09,worldcup_2014_srb_bra_73_81,worldcup_2014,2014,regression,LightGBM Regressor,-8.0,0.626
Fold_09,worldcup_2014_srb_bra_84_56,worldcup_2014,2014,regression,LightGBM Regressor,28.0,0.626
Fold_09,worldcup_2014_srb_esp_73_89,worldcup_2014,2014,regression,LightGBM Regressor,-16.0,-3.96
Fold_09,worldcup_2014_srb_fra_73_74,worldcup_2014,2014,regression,LightGBM Regressor,-1.0,-3.967
Fold_09,worldcup_2014_srb_gre_90_72,worldcup_2014,2014,regression,LightGBM Regressor,18.0,-3.811
Fold_09,worldcup_2014_tur_aus_65_64,worldcup_2014,2014,regression,LightGBM Regressor,1.0,3.7
Fold_09,worldcup_2014_tur_dom_75_61,worldcup_2014,2014,regression,LightGBM Regressor,14.0,8.41
Fold_09,worldcup_2014_tur_fin_77_73,worldcup_2014,2014,regression,LightGBM Regressor,4.0,3.488
Fold_09,worldcup_2014_tur_usa_77_98,worldcup_2014,2014,regression,LightGBM Regressor,-21.0,-11.962
Fold_09,worldcup_2014_ukr_dom_72_62,worldcup_2014,2014,regression,LightGBM Regressor,10.0,8.617
Fold_09,worldcup_2014_ukr_tur_64_58,worldcup_2014,2014,regression,LightGBM Regressor,6.0,-4.319
Fold_09,worldcup_2014_ukr_usa_71_95,worldcup_2014,2014,regression,LightGBM Regressor,-24.0,-22.481
Fold_09,worldcup_2014_usa_fin_114_55,worldcup_2014,2014,regression,LightGBM Regressor,59.0,26.333
Fold_09,worldcup_2014_usa_ltu_96_68,worldcup_2014,2014,regression,LightGBM Regressor,28.0,16.828
Fold_09,worldcup_2014_usa_mex_86_63,worldcup_2014,2014,regression,LightGBM Regressor,23.0,21.431
Fold_09,worldcup_2014_usa_nzl_98_71,worldcup_2014,2014,regression,LightGBM Regressor,27.0,22.089
Fold_09,worldcup_2014_usa_srb_129_92,worldcup_2014,2014,regression,LightGBM Regressor,37.0,16.98
Fold_10,eurobasket_2015_bel_cze_64_66,eurobasket_2015,2015,classification,Naive Baseline (50%),0.0,0.5
Fold_10,eurobasket_2015_bel_lat_67_78,eurobasket_2015,2015,classification,Naive Baseline (50%),0.0,0.5
Fold_10,eurobasket_2015_bih_fin_59_88,eurobasket_2015,2015,classification,Naive Baseline (50%),0.0,0.5
Fold_10,eurobasket_2015_bih_fra_54_81,eurobasket_2015,2015,classification,Naive Baseline (50%),0.0,0.5
Fold_10,eurobasket_2015_bih_rus_61_81,eurobasket_2015,2015,classification,Naive Baseline (50%),0.0,0.5
Fold_10,eurobasket_2015_cro_cze_59_80,eurobasket_2015,2015,classification,Naive Baseline (50%),0.0,0.5
Fold_10,eurobasket_2015_cro_mkd_73_55,eurobasket_2015,2015,classification,Naive Baseline (50%),1.0,0.5
Fold_10,eurobasket_2015_cro_slo_80_73,eurobasket_2015,2015,classification,Naive Baseline (50%),1.0,0.5
Fold_10,eurobasket_2015_cze_est_80_57,eurobasket_2015,2015,classification,Naive Baseline (50%),1.0,0.5
Fold_10,eurobasket_2015_cze_ita_70_85,eurobasket_2015,2015,classification,Naive Baseline (50%),0.0,0.5
Fold_10,eurobasket_2015_cze_lat_65_72,eurobasket_2015,2015,classification,Naive Baseline (50%),0.0,0.5
Fold_10,eurobasket_2015_cze_ltu_81_85,eurobasket_2015,2015,classification,Naive Baseline (50%),0.0,0.5
Fold_10,eurobasket_2015_esp_fra_80_75,eurobasket_2015,2015,classification,Naive Baseline (50%),1.0,0.5
Fold_10,eurobasket_2015_esp_gre_73_71,eurobasket_2015,2015,classification,Naive Baseline (50%),1.0,0.5
Fold_10,eurobasket_2015_esp_ita_98_105,eurobasket_2015,2015,classification,Naive Baseline (50%),0.0,0.5
Fold_10,eurobasket_2015_esp_ltu_80_63,eurobasket_2015,2015,classification,Naive Baseline (50%),1.0,0.5
Fold_10,eurobasket_2015_esp_pol_80_66,eurobasket_2015,2015,classification,Naive Baseline (50%),1.0,0.5
Fold_10,eurobasket_2015_esp_srb_70_80,eurobasket_2015,2015,classification,Naive Baseline (50%),0.0,0.5
Fold_10,eurobasket_2015_est_bel_55_84,eurobasket_2015,2015,classification,Naive Baseline (50%),0.0,0.5
Fold_10,eurobasket_2015_est_ltu_62_64,eurobasket_2015,2015,classification,Naive Baseline (50%),0.0,0.5
Fold_10,eurobasket_2015_fin_isr_66_79,eurobasket_2015,2015,classification,Naive Baseline (50%),0.0,0.5
Fold_10,eurobasket_2015_fin_pol_65_78,eurobasket_2015,2015,classification,Naive Baseline (50%),0.0,0.5
Fold_10,eurobasket_2015_fin_rus_81_79,eurobasket_2015,2015,classification,Naive Baseline (50%),1.0,0.5
Fold_10,eurobasket_2015_fra_fin_97_87,eurobasket_2015,2015,classification,Naive Baseline (50%),1.0,0.5
Fold_10,eurobasket_2015_fra_lat_84_70,eurobasket_2015,2015,classification,Naive Baseline (50%),1.0,0.5
Fold_10,eurobasket_2015_fra_pol_69_66,eurobasket_2015,2015,classification,Naive Baseline (50%),1.0,0.5
Fold_10,eurobasket_2015_fra_srb_81_68,eurobasket_2015,2015,classification,Naive Baseline (50%),1.0,0.5
Fold_10,eurobasket_2015_fra_tur_76_53,eurobasket_2015,2015,classification,Naive Baseline (50%),1.0,0.5
Fold_10,eurobasket_2015_geo_cro_71_58,eurobasket_2015,2015,classification,Naive Baseline (50%),1.0,0.5
Fold_10,eurobasket_2015_geo_gre_68_79,eurobasket_2015,2015,classification,Naive Baseline (50%),0.0,0.5
Fold_10,eurobasket_2015_geo_ned_72_73,eurobasket_2015,2015,classification,Naive Baseline (50%),0.0,0.5
Fold_10,eurobasket_2015_ger_esp_76_77,eurobasket_2015,2015,classification,Naive Baseline (50%),0.0,0.5
Fold_10,eurobasket_2015_ger_isl_71_65,eurobasket_2015,2015,classification,Naive Baseline (50%),1.0,0.5
Fold_10,eurobasket_2015_ger_tur_75_80,eurobasket_2015,2015,classification,Naive Baseline (50%),0.0,0.5
Fold_10,eurobasket_2015_gre_bel_75_54,eurobasket_2015,2015,classification,Naive Baseline (50%),1.0,0.5
Fold_10,eurobasket_2015_gre_cro_72_70,eurobasket_2015,2015,classification,Naive Baseline (50%),1.0,0.5
Fold_10,eurobasket_2015_gre_lat_97_90,eurobasket_2015,2015,classification,Naive Baseline (50%),1.0,0.5
Fold_10,eurobasket_2015_gre_ned_68_65,eurobasket_2015,2015,classification,Naive Baseline (50%),1.0,0.5
Fold_10,eurobasket_2015_gre_slo_83_72,eurobasket_2015,2015,classification,Naive Baseline (50%),1.0,0.5
Fold_10,eurobasket_2015_isl_esp_73_99,eurobasket_2015,2015,classification,Naive Baseline (50%),0.0,0.5
Fold_10,eurobasket_2015_isl_ita_64_71,eurobasket_2015,2015,classification,Naive Baseline (50%),0.0,0.5
Fold_10,eurobasket_2015_isr_bih_84_86,eurobasket_2015,2015,classification,Naive Baseline (50%),0.0,0.5
Fold_10,eurobasket_2015_isr_fra_61_86,eurobasket_2015,2015,classification,Naive Baseline (50%),0.0,0.5
Fold_10,eurobasket_2015_isr_ita_52_82,eurobasket_2015,2015,classification,Naive Baseline (50%),0.0,0.5
Fold_10,eurobasket_2015_isr_rus_76_73,eurobasket_2015,2015,classification,Naive Baseline (50%),1.0,0.5
Fold_10,eurobasket_2015_ita_ger_89_82,eurobasket_2015,2015,classification,Naive Baseline (50%),1.0,0.5
Fold_10,eurobasket_2015_ita_ltu_85_95,eurobasket_2015,2015,classification,Naive Baseline (50%),0.0,0.5
Fold_10,eurobasket_2015_ita_tur_87_89,eurobasket_2015,2015,classification,Naive Baseline (50%),0.0,0.5
Fold_10,eurobasket_2015_lat_cze_70_97,eurobasket_2015,2015,classification,Naive Baseline (50%),0.0,0.5
Fold_10,eurobasket_2015_lat_est_75_64,eurobasket_2015,2015,classification,Naive Baseline (50%),1.0,0.5
Fold_10,eurobasket_2015_lat_ltu_49_68,eurobasket_2015,2015,classification,Naive Baseline (50%),0.0,0.5
Fold_10,eurobasket_2015_lat_slo_73_66,eurobasket_2015,2015,classification,Naive Baseline (50%),1.0,0.5
Fold_10,eurobasket_2015_lat_ukr_74_75,eurobasket_2015,2015,classification,Naive Baseline (50%),0.0,0.5
Fold_10,eurobasket_2015_ltu_bel_74_76,eurobasket_2015,2015,classification,Naive Baseline (50%),0.0,0.5
Fold_10,eurobasket_2015_ltu_geo_85_81,eurobasket_2015,2015,classification,Naive Baseline (50%),1.0,0.5
Fold_10,eurobasket_2015_ltu_ukr_69_68,eurobasket_2015,2015,classification,Naive Baseline (50%),1.0,0.5
Fold_10,eurobasket_2015_mkd_geo_75_90,eurobasket_2015,2015,classification,Naive Baseline (50%),0.0,0.5
Fold_10,eurobasket_2015_mkd_gre_65_85,eurobasket_2015,2015,classification,Naive Baseline (50%),0.0,0.5
Fold_10,eurobasket_2015_ned_cro_72_78,eurobasket_2015,2015,classification,Naive Baseline (50%),0.0,0.5
Fold_10,eurobasket_2015_ned_mkd_71_78,eurobasket_2015,2015,classification,Naive Baseline (50%),0.0,0.5
Fold_10,eurobasket_2015_pol_bih_68_64,eurobasket_2015,2015,classification,Naive Baseline (50%),1.0,0.5
Fold_10,eurobasket_2015_pol_isr_73_75,eurobasket_2015,2015,classification,Naive Baseline (50%),0.0,0.5
Fold_10,eurobasket_2015_rus_fra_67_74,eurobasket_2015,2015,classification,Naive Baseline (50%),0.0,0.5
Fold_10,eurobasket_2015_rus_pol_79_82,eurobasket_2015,2015,classification,Naive Baseline (50%),0.0,0.5
Fold_10,eurobasket_2015_slo_geo_79_68,eurobasket_2015,2015,classification,Naive Baseline (50%),1.0,0.5
Fold_10,eurobasket_2015_slo_mkd_62_51,eurobasket_2015,2015,classification,Naive Baseline (50%),1.0,0.5
Fold_10,eurobasket_2015_slo_ned_81_74,eurobasket_2015,2015,classification,Naive Baseline (50%),1.0,0.5
Fold_10,eurobasket_2015_srb_cze_89_75,eurobasket_2015,2015,classification,Naive Baseline (50%),1.0,0.5
Fold_10,eurobasket_2015_srb_fin_94_81,eurobasket_2015,2015,classification,Naive Baseline (50%),1.0,0.5
Fold_10,eurobasket_2015_srb_ger_68_66,eurobasket_2015,2015,classification,Naive Baseline (50%),1.0,0.5
Fold_10,eurobasket_2015_srb_isl_93_64,eurobasket_2015,2015,classification,Naive Baseline (50%),1.0,0.5
Fold_10,eurobasket_2015_srb_ita_101_82,eurobasket_2015,2015,classification,Naive Baseline (50%),1.0,0.5
Fold_10,eurobasket_2015_srb_ltu_64_67,eurobasket_2015,2015,classification,Naive Baseline (50%),0.0,0.5
Fold_10,eurobasket_2015_tur_esp_77_104,eurobasket_2015,2015,classification,Naive Baseline (50%),0.0,0.5
Fold_10,eurobasket_2015_tur_isl_111_102,eurobasket_2015,2015,classification,Naive Baseline (50%),1.0,0.5
Fold_10,eurobasket_2015_tur_srb_72_91,eurobasket_2015,2015,classification,Naive Baseline (50%),0.0,0.5
Fold_10,eurobasket_2015_ukr_bel_71_79,eurobasket_2015,2015,classification,Naive Baseline (50%),0.0,0.5
Fold_10,eurobasket_2015_ukr_cze_64_78,eurobasket_2015,2015,classification,Naive Baseline (50%),0.0,0.5
Fold_10,eurobasket_2015_ukr_est_71_78,eurobasket_2015,2015,classification,Naive Baseline (50%),0.0,0.5
Fold_10,eurobasket_2015_bel_cze_64_66,eurobasket_2015,2015,classification,Logistic Regression L2,0.0,0.5595
Fold_10,eurobasket_2015_bel_lat_67_78,eurobasket_2015,2015,classification,Logistic Regression L2,0.0,0.4067
Fold_10,eurobasket_2015_bih_fin_59_88,eurobasket_2015,2015,classification,Logistic Regression L2,0.0,0.4777
Fold_10,eurobasket_2015_bih_fra_54_81,eurobasket_2015,2015,classification,Logistic Regression L2,0.0,0.1538
Fold_10,eurobasket_2015_bih_rus_61_81,eurobasket_2015,2015,classification,Logistic Regression L2,0.0,0.1947
Fold_10,eurobasket_2015_cro_cze_59_80,eurobasket_2015,2015,classification,Logistic Regression L2,0.0,0.8852
Fold_10,eurobasket_2015_cro_mkd_73_55,eurobasket_2015,2015,classification,Logistic Regression L2,1.0,0.7447
Fold_10,eurobasket_2015_cro_slo_80_73,eurobasket_2015,2015,classification,Logistic Regression L2,1.0,0.453
Fold_10,eurobasket_2015_cze_est_80_57,eurobasket_2015,2015,classification,Logistic Regression L2,1.0,0.4761
Fold_10,eurobasket_2015_cze_ita_70_85,eurobasket_2015,2015,classification,Logistic Regression L2,0.0,0.3695
Fold_10,eurobasket_2015_cze_lat_65_72,eurobasket_2015,2015,classification,Logistic Regression L2,0.0,0.3925
Fold_10,eurobasket_2015_cze_ltu_81_85,eurobasket_2015,2015,classification,Logistic Regression L2,0.0,0.1023
Fold_10,eurobasket_2015_esp_fra_80_75,eurobasket_2015,2015,classification,Logistic Regression L2,1.0,0.7723
Fold_10,eurobasket_2015_esp_gre_73_71,eurobasket_2015,2015,classification,Logistic Regression L2,1.0,0.7784
Fold_10,eurobasket_2015_esp_ita_98_105,eurobasket_2015,2015,classification,Logistic Regression L2,0.0,0.8833
Fold_10,eurobasket_2015_esp_ltu_80_63,eurobasket_2015,2015,classification,Logistic Regression L2,1.0,0.7321
Fold_10,eurobasket_2015_esp_pol_80_66,eurobasket_2015,2015,classification,Logistic Regression L2,1.0,0.9557
Fold_10,eurobasket_2015_esp_srb_70_80,eurobasket_2015,2015,classification,Logistic Regression L2,0.0,0.8171
Fold_10,eurobasket_2015_est_bel_55_84,eurobasket_2015,2015,classification,Logistic Regression L2,0.0,0.5978
Fold_10,eurobasket_2015_est_ltu_62_64,eurobasket_2015,2015,classification,Logistic Regression L2,0.0,0.1305
Fold_10,eurobasket_2015_fin_isr_66_79,eurobasket_2015,2015,classification,Logistic Regression L2,0.0,0.5743
Fold_10,eurobasket_2015_fin_pol_65_78,eurobasket_2015,2015,classification,Logistic Regression L2,0.0,0.6024
Fold_10,eurobasket_2015_fin_rus_81_79,eurobasket_2015,2015,classification,Logistic Regression L2,1.0,0.2404
Fold_10,eurobasket_2015_fra_fin_97_87,eurobasket_2015,2015,classification,Logistic Regression L2,1.0,0.8576
Fold_10,eurobasket_2015_fra_lat_84_70,eurobasket_2015,2015,classification,Logistic Regression L2,1.0,0.8817
Fold_10,eurobasket_2015_fra_pol_69_66,eurobasket_2015,2015,classification,Logistic Regression L2,1.0,0.884
Fold_10,eurobasket_2015_fra_srb_81_68,eurobasket_2015,2015,classification,Logistic Regression L2,1.0,0.7455
Fold_10,eurobasket_2015_fra_tur_76_53,eurobasket_2015,2015,classification,Logistic Regression L2,1.0,0.747
Fold_10,eurobasket_2015_geo_cro_71_58,eurobasket_2015,2015,classification,Logistic Regression L2,1.0,0.2776
Fold_10,eurobasket_2015_geo_gre_68_79,eurobasket_2015,2015,classification,Logistic Regression L2,0.0,0.1818
Fold_10,eurobasket_2015_geo_ned_72_73,eurobasket_2015,2015,classification,Logistic Regression L2,0.0,0.5796
Fold_10,eurobasket_2015_ger_esp_76_77,eurobasket_2015,2015,classification,Logistic Regression L2,0.0,0.2082
Fold_10,eurobasket_2015_ger_isl_71_65,eurobasket_2015,2015,classification,Logistic Regression L2,1.0,0.7785
Fold_10,eurobasket_2015_ger_tur_75_80,eurobasket_2015,2015,classification,Logistic Regression L2,0.0,0.4974
Fold_10,eurobasket_2015_gre_bel_75_54,eurobasket_2015,2015,classification,Logistic Regression L2,1.0,0.9263
Fold_10,eurobasket_2015_gre_cro_72_70,eurobasket_2015,2015,classification,Logistic Regression L2,1.0,0.6744
Fold_10,eurobasket_2015_gre_lat_97_90,eurobasket_2015,2015,classification,Logistic Regression L2,1.0,0.878
Fold_10,eurobasket_2015_gre_ned_68_65,eurobasket_2015,2015,classification,Logistic Regression L2,1.0,0.8814
Fold_10,eurobasket_2015_gre_slo_83_72,eurobasket_2015,2015,classification,Logistic Regression L2,1.0,0.5889
Fold_10,eurobasket_2015_isl_esp_73_99,eurobasket_2015,2015,classification,Logistic Regression L2,0.0,0.0822
Fold_10,eurobasket_2015_isl_ita_64_71,eurobasket_2015,2015,classification,Logistic Regression L2,0.0,0.3616
Fold_10,eurobasket_2015_isr_bih_84_86,eurobasket_2015,2015,classification,Logistic Regression L2,0.0,0.5817
Fold_10,eurobasket_2015_isr_fra_61_86,eurobasket_2015,2015,classification,Logistic Regression L2,0.0,0.1744
Fold_10,eurobasket_2015_isr_ita_52_82,eurobasket_2015,2015,classification,Logistic Regression L2,0.0,0.4667
Fold_10,eurobasket_2015_isr_rus_76_73,eurobasket_2015,2015,classification,Logistic Regression L2,1.0,0.2193
Fold_10,eurobasket_2015_ita_ger_89_82,eurobasket_2015,2015,classification,Logistic Regression L2,1.0,0.463
Fold_10,eurobasket_2015_ita_ltu_85_95,eurobasket_2015,2015,classification,Logistic Regression L2,0.0,0.3017
Fold_10,eurobasket_2015_ita_tur_87_89,eurobasket_2015,2015,classification,Logistic Regression L2,0.0,0.4161
Fold_10,eurobasket_2015_lat_cze_70_97,eurobasket_2015,2015,classification,Logistic Regression L2,0.0,0.7514
Fold_10,eurobasket_2015_lat_est_75_64,eurobasket_2015,2015,classification,Logistic Regression L2,1.0,0.6274
Fold_10,eurobasket_2015_lat_ltu_49_68,eurobasket_2015,2015,classification,Logistic Regression L2,0.0,0.1743
Fold_10,eurobasket_2015_lat_slo_73_66,eurobasket_2015,2015,classification,Logistic Regression L2,1.0,0.3067
Fold_10,eurobasket_2015_lat_ukr_74_75,eurobasket_2015,2015,classification,Logistic Regression L2,0.0,0.5642
Fold_10,eurobasket_2015_ltu_bel_74_76,eurobasket_2015,2015,classification,Logistic Regression L2,0.0,0.9222
Fold_10,eurobasket_2015_ltu_geo_85_81,eurobasket_2015,2015,classification,Logistic Regression L2,1.0,0.9187
Fold_10,eurobasket_2015_ltu_ukr_69_68,eurobasket_2015,2015,classification,Logistic Regression L2,1.0,0.8801
Fold_10,eurobasket_2015_mkd_geo_75_90,eurobasket_2015,2015,classification,Logistic Regression L2,0.0,0.6049
Fold_10,eurobasket_2015_mkd_gre_65_85,eurobasket_2015,2015,classification,Logistic Regression L2,0.0,0.2212
Fold_10,eurobasket_2015_ned_cro_72_78,eurobasket_2015,2015,classification,Logistic Regression L2,0.0,0.2503
Fold_10,eurobasket_2015_ned_mkd_71_78,eurobasket_2015,2015,classification,Logistic Regression L2,0.0,0.4485
Fold_10,eurobasket_2015_pol_bih_68_64,eurobasket_2015,2015,classification,Logistic Regression L2,1.0,0.5533
Fold_10,eurobasket_2015_pol_isr_73_75,eurobasket_2015,2015,classification,Logistic Regression L2,0.0,0.516
Fold_10,eurobasket_2015_rus_fra_67_74,eurobasket_2015,2015,classification,Logistic Regression L2,0.0,0.4737
Fold_10,eurobasket_2015_rus_pol_79_82,eurobasket_2015,2015,classification,Logistic Regression L2,0.0,0.8514
Fold_10,eurobasket_2015_slo_geo_79_68,eurobasket_2015,2015,classification,Logistic Regression L2,1.0,0.8435
Fold_10,eurobasket_2015_slo_mkd_62_51,eurobasket_2015,2015,classification,Logistic Regression L2,1.0,0.8083
Fold_10,eurobasket_2015_slo_ned_81_74,eurobasket_2015,2015,classification,Logistic Regression L2,1.0,0.8613
Fold_10,eurobasket_2015_srb_cze_89_75,eurobasket_2015,2015,classification,Logistic Regression L2,1.0,0.885
Fold_10,eurobasket_2015_srb_fin_94_81,eurobasket_2015,2015,classification,Logistic Regression L2,1.0,0.8205
Fold_10,eurobasket_2015_srb_ger_68_66,eurobasket_2015,2015,classification,Logistic Regression L2,1.0,0.5936
Fold_10,eurobasket_2015_srb_isl_93_64,eurobasket_2015,2015,classification,Logistic Regression L2,1.0,0.8108
Fold_10,eurobasket_2015_srb_ita_101_82,eurobasket_2015,2015,classification,Logistic Regression L2,1.0,0.6698
Fold_10,eurobasket_2015_srb_ltu_64_67,eurobasket_2015,2015,classification,Logistic Regression L2,0.0,0.4227
Fold_10,eurobasket_2015_tur_esp_77_104,eurobasket_2015,2015,classification,Logistic Regression L2,0.0,0.2414
Fold_10,eurobasket_2015_tur_isl_111_102,eurobasket_2015,2015,classification,Logistic Regression L2,1.0,0.8096
Fold_10,eurobasket_2015_tur_srb_72_91,eurobasket_2015,2015,classification,Logistic Regression L2,0.0,0.5429
Fold_10,eurobasket_2015_ukr_bel_71_79,eurobasket_2015,2015,classification,Logistic Regression L2,0.0,0.6591
Fold_10,eurobasket_2015_ukr_cze_64_78,eurobasket_2015,2015,classification,Logistic Regression L2,0.0,0.6723
Fold_10,eurobasket_2015_ukr_est_71_78,eurobasket_2015,2015,classification,Logistic Regression L2,0.0,0.6089
Fold_10,eurobasket_2015_bel_cze_64_66,eurobasket_2015,2015,classification,ElasticNet Classifier,0.0,0.5675
Fold_10,eurobasket_2015_bel_lat_67_78,eurobasket_2015,2015,classification,ElasticNet Classifier,0.0,0.4129
Fold_10,eurobasket_2015_bih_fin_59_88,eurobasket_2015,2015,classification,ElasticNet Classifier,0.0,0.4838
Fold_10,eurobasket_2015_bih_fra_54_81,eurobasket_2015,2015,classification,ElasticNet Classifier,0.0,0.1516
Fold_10,eurobasket_2015_bih_rus_61_81,eurobasket_2015,2015,classification,ElasticNet Classifier,0.0,0.194
Fold_10,eurobasket_2015_cro_cze_59_80,eurobasket_2015,2015,classification,ElasticNet Classifier,0.0,0.8675
Fold_10,eurobasket_2015_cro_mkd_73_55,eurobasket_2015,2015,classification,ElasticNet Classifier,1.0,0.7549
Fold_10,eurobasket_2015_cro_slo_80_73,eurobasket_2015,2015,classification,ElasticNet Classifier,1.0,0.4583
Fold_10,eurobasket_2015_cze_est_80_57,eurobasket_2015,2015,classification,ElasticNet Classifier,1.0,0.4677
Fold_10,eurobasket_2015_cze_ita_70_85,eurobasket_2015,2015,classification,ElasticNet Classifier,0.0,0.3218
Fold_10,eurobasket_2015_cze_lat_65_72,eurobasket_2015,2015,classification,ElasticNet Classifier,0.0,0.397
Fold_10,eurobasket_2015_cze_ltu_81_85,eurobasket_2015,2015,classification,ElasticNet Classifier,0.0,0.1
Fold_10,eurobasket_2015_esp_fra_80_75,eurobasket_2015,2015,classification,ElasticNet Classifier,1.0,0.735
Fold_10,eurobasket_2015_esp_gre_73_71,eurobasket_2015,2015,classification,ElasticNet Classifier,1.0,0.7429
Fold_10,eurobasket_2015_esp_ita_98_105,eurobasket_2015,2015,classification,ElasticNet Classifier,0.0,0.8892
Fold_10,eurobasket_2015_esp_ltu_80_63,eurobasket_2015,2015,classification,ElasticNet Classifier,1.0,0.6901
Fold_10,eurobasket_2015_esp_pol_80_66,eurobasket_2015,2015,classification,ElasticNet Classifier,1.0,0.9485
Fold_10,eurobasket_2015_esp_srb_70_80,eurobasket_2015,2015,classification,ElasticNet Classifier,0.0,0.8238
Fold_10,eurobasket_2015_est_bel_55_84,eurobasket_2015,2015,classification,ElasticNet Classifier,0.0,0.6165
Fold_10,eurobasket_2015_est_ltu_62_64,eurobasket_2015,2015,classification,ElasticNet Classifier,0.0,0.1344
Fold_10,eurobasket_2015_fin_isr_66_79,eurobasket_2015,2015,classification,ElasticNet Classifier,0.0,0.5804
Fold_10,eurobasket_2015_fin_pol_65_78,eurobasket_2015,2015,classification,ElasticNet Classifier,0.0,0.6088
Fold_10,eurobasket_2015_fin_rus_81_79,eurobasket_2015,2015,classification,ElasticNet Classifier,1.0,0.2398
Fold_10,eurobasket_2015_fra_fin_97_87,eurobasket_2015,2015,classification,ElasticNet Classifier,1.0,0.8656
Fold_10,eurobasket_2015_fra_lat_84_70,eurobasket_2015,2015,classification,ElasticNet Classifier,1.0,0.8643
Fold_10,eurobasket_2015_fra_pol_69_66,eurobasket_2015,2015,classification,ElasticNet Classifier,1.0,0.8908
Fold_10,eurobasket_2015_fra_srb_81_68,eurobasket_2015,2015,classification,ElasticNet Classifier,1.0,0.7107
Fold_10,eurobasket_2015_fra_tur_76_53,eurobasket_2015,2015,classification,ElasticNet Classifier,1.0,0.7106
Fold_10,eurobasket_2015_geo_cro_71_58,eurobasket_2015,2015,classification,ElasticNet Classifier,1.0,0.2757
Fold_10,eurobasket_2015_geo_gre_68_79,eurobasket_2015,2015,classification,ElasticNet Classifier,0.0,0.1793
Fold_10,eurobasket_2015_geo_ned_72_73,eurobasket_2015,2015,classification,ElasticNet Classifier,0.0,0.5713
Fold_10,eurobasket_2015_ger_esp_76_77,eurobasket_2015,2015,classification,ElasticNet Classifier,0.0,0.2102
Fold_10,eurobasket_2015_ger_isl_71_65,eurobasket_2015,2015,classification,ElasticNet Classifier,1.0,0.778
Fold_10,eurobasket_2015_ger_tur_75_80,eurobasket_2015,2015,classification,ElasticNet Classifier,0.0,0.5031
Fold_10,eurobasket_2015_gre_bel_75_54,eurobasket_2015,2015,classification,ElasticNet Classifier,1.0,0.9144
Fold_10,eurobasket_2015_gre_cro_72_70,eurobasket_2015,2015,classification,ElasticNet Classifier,1.0,0.6814
Fold_10,eurobasket_2015_gre_lat_97_90,eurobasket_2015,2015,classification,ElasticNet Classifier,1.0,0.8594
Fold_10,eurobasket_2015_gre_ned_68_65,eurobasket_2015,2015,classification,ElasticNet Classifier,1.0,0.8822
Fold_10,eurobasket_2015_gre_slo_83_72,eurobasket_2015,2015,classification,ElasticNet Classifier,1.0,0.5957
Fold_10,eurobasket_2015_isl_esp_73_99,eurobasket_2015,2015,classification,ElasticNet Classifier,0.0,0.0853
Fold_10,eurobasket_2015_isl_ita_64_71,eurobasket_2015,2015,classification,ElasticNet Classifier,0.0,0.3786
Fold_10,eurobasket_2015_isr_bih_84_86,eurobasket_2015,2015,classification,ElasticNet Classifier,0.0,0.5884
Fold_10,eurobasket_2015_isr_fra_61_86,eurobasket_2015,2015,classification,ElasticNet Classifier,0.0,0.1722
Fold_10,eurobasket_2015_isr_ita_52_82,eurobasket_2015,2015,classification,ElasticNet Classifier,0.0,0.4165
Fold_10,eurobasket_2015_isr_rus_76_73,eurobasket_2015,2015,classification,ElasticNet Classifier,1.0,0.2188
Fold_10,eurobasket_2015_ita_ger_89_82,eurobasket_2015,2015,classification,ElasticNet Classifier,1.0,0.4647
Fold_10,eurobasket_2015_ita_ltu_85_95,eurobasket_2015,2015,classification,ElasticNet Classifier,0.0,0.2543
Fold_10,eurobasket_2015_ita_tur_87_89,eurobasket_2015,2015,classification,ElasticNet Classifier,0.0,0.4171
Fold_10,eurobasket_2015_lat_cze_70_97,eurobasket_2015,2015,classification,ElasticNet Classifier,0.0,0.714
Fold_10,eurobasket_2015_lat_est_75_64,eurobasket_2015,2015,classification,ElasticNet Classifier,1.0,0.6211
Fold_10,eurobasket_2015_lat_ltu_49_68,eurobasket_2015,2015,classification,ElasticNet Classifier,0.0,0.1717
Fold_10,eurobasket_2015_lat_slo_73_66,eurobasket_2015,2015,classification,ElasticNet Classifier,1.0,0.2599
Fold_10,eurobasket_2015_lat_ukr_74_75,eurobasket_2015,2015,classification,ElasticNet Classifier,0.0,0.5687
Fold_10,eurobasket_2015_ltu_bel_74_76,eurobasket_2015,2015,classification,ElasticNet Classifier,0.0,0.9271
Fold_10,eurobasket_2015_ltu_geo_85_81,eurobasket_2015,2015,classification,ElasticNet Classifier,1.0,0.907
Fold_10,eurobasket_2015_ltu_ukr_69_68,eurobasket_2015,2015,classification,ElasticNet Classifier,1.0,0.8866
Fold_10,eurobasket_2015_mkd_geo_75_90,eurobasket_2015,2015,classification,ElasticNet Classifier,0.0,0.6126
Fold_10,eurobasket_2015_mkd_gre_65_85,eurobasket_2015,2015,classification,ElasticNet Classifier,0.0,0.2195
Fold_10,eurobasket_2015_ned_cro_72_78,eurobasket_2015,2015,classification,ElasticNet Classifier,0.0,0.2597
Fold_10,eurobasket_2015_ned_mkd_71_78,eurobasket_2015,2015,classification,ElasticNet Classifier,0.0,0.468
Fold_10,eurobasket_2015_pol_bih_68_64,eurobasket_2015,2015,classification,ElasticNet Classifier,1.0,0.5596
Fold_10,eurobasket_2015_pol_isr_73_75,eurobasket_2015,2015,classification,ElasticNet Classifier,0.0,0.522
Fold_10,eurobasket_2015_rus_fra_67_74,eurobasket_2015,2015,classification,ElasticNet Classifier,0.0,0.4771
Fold_10,eurobasket_2015_rus_pol_79_82,eurobasket_2015,2015,classification,ElasticNet Classifier,0.0,0.8584
Fold_10,eurobasket_2015_slo_geo_79_68,eurobasket_2015,2015,classification,ElasticNet Classifier,1.0,0.852
Fold_10,eurobasket_2015_slo_mkd_62_51,eurobasket_2015,2015,classification,ElasticNet Classifier,1.0,0.8173
Fold_10,eurobasket_2015_slo_ned_81_74,eurobasket_2015,2015,classification,ElasticNet Classifier,1.0,0.862
Fold_10,eurobasket_2015_srb_cze_89_75,eurobasket_2015,2015,classification,ElasticNet Classifier,1.0,0.8662
Fold_10,eurobasket_2015_srb_fin_94_81,eurobasket_2015,2015,classification,ElasticNet Classifier,1.0,0.7926
Fold_10,eurobasket_2015_srb_ger_68_66,eurobasket_2015,2015,classification,ElasticNet Classifier,1.0,0.5983
Fold_10,eurobasket_2015_srb_isl_93_64,eurobasket_2015,2015,classification,ElasticNet Classifier,1.0,0.8095
Fold_10,eurobasket_2015_srb_ita_101_82,eurobasket_2015,2015,classification,ElasticNet Classifier,1.0,0.6782
Fold_10,eurobasket_2015_srb_ltu_64_67,eurobasket_2015,2015,classification,ElasticNet Classifier,0.0,0.3692
Fold_10,eurobasket_2015_tur_esp_77_104,eurobasket_2015,2015,classification,ElasticNet Classifier,0.0,0.2441
Fold_10,eurobasket_2015_tur_isl_111_102,eurobasket_2015,2015,classification,ElasticNet Classifier,1.0,0.8096
Fold_10,eurobasket_2015_tur_srb_72_91,eurobasket_2015,2015,classification,ElasticNet Classifier,0.0,0.5514
Fold_10,eurobasket_2015_ukr_bel_71_79,eurobasket_2015,2015,classification,ElasticNet Classifier,0.0,0.6665
Fold_10,eurobasket_2015_ukr_cze_64_78,eurobasket_2015,2015,classification,ElasticNet Classifier,0.0,0.681
Fold_10,eurobasket_2015_ukr_est_71_78,eurobasket_2015,2015,classification,ElasticNet Classifier,0.0,0.6043
Fold_10,eurobasket_2015_bel_cze_64_66,eurobasket_2015,2015,classification,LightGBM Classifier,0.0,0.5494
Fold_10,eurobasket_2015_bel_lat_67_78,eurobasket_2015,2015,classification,LightGBM Classifier,0.0,0.5359
Fold_10,eurobasket_2015_bih_fin_59_88,eurobasket_2015,2015,classification,LightGBM Classifier,0.0,0.5928
Fold_10,eurobasket_2015_bih_fra_54_81,eurobasket_2015,2015,classification,LightGBM Classifier,0.0,0.2906
Fold_10,eurobasket_2015_bih_rus_61_81,eurobasket_2015,2015,classification,LightGBM Classifier,0.0,0.2806
Fold_10,eurobasket_2015_cro_cze_59_80,eurobasket_2015,2015,classification,LightGBM Classifier,0.0,0.6388
Fold_10,eurobasket_2015_cro_mkd_73_55,eurobasket_2015,2015,classification,LightGBM Classifier,1.0,0.5176
Fold_10,eurobasket_2015_cro_slo_80_73,eurobasket_2015,2015,classification,LightGBM Classifier,1.0,0.4835
Fold_10,eurobasket_2015_cze_est_80_57,eurobasket_2015,2015,classification,LightGBM Classifier,1.0,0.8172
Fold_10,eurobasket_2015_cze_ita_70_85,eurobasket_2015,2015,classification,LightGBM Classifier,0.0,0.4584
Fold_10,eurobasket_2015_cze_lat_65_72,eurobasket_2015,2015,classification,LightGBM Classifier,0.0,0.525
Fold_10,eurobasket_2015_cze_ltu_81_85,eurobasket_2015,2015,classification,LightGBM Classifier,0.0,0.1365
Fold_10,eurobasket_2015_esp_fra_80_75,eurobasket_2015,2015,classification,LightGBM Classifier,1.0,0.7046
Fold_10,eurobasket_2015_esp_gre_73_71,eurobasket_2015,2015,classification,LightGBM Classifier,1.0,0.7099
Fold_10,eurobasket_2015_esp_ita_98_105,eurobasket_2015,2015,classification,LightGBM Classifier,0.0,0.7186
Fold_10,eurobasket_2015_esp_ltu_80_63,eurobasket_2015,2015,classification,LightGBM Classifier,1.0,0.6879
Fold_10,eurobasket_2015_esp_pol_80_66,eurobasket_2015,2015,classification,LightGBM Classifier,1.0,0.862
Fold_10,eurobasket_2015_esp_srb_70_80,eurobasket_2015,2015,classification,LightGBM Classifier,0.0,0.6591
Fold_10,eurobasket_2015_est_bel_55_84,eurobasket_2015,2015,classification,LightGBM Classifier,0.0,0.2702
Fold_10,eurobasket_2015_est_ltu_62_64,eurobasket_2015,2015,classification,LightGBM Classifier,0.0,0.0389
Fold_10,eurobasket_2015_fin_isr_66_79,eurobasket_2015,2015,classification,LightGBM Classifier,0.0,0.5007
Fold_10,eurobasket_2015_fin_pol_65_78,eurobasket_2015,2015,classification,LightGBM Classifier,0.0,0.5007
Fold_10,eurobasket_2015_fin_rus_81_79,eurobasket_2015,2015,classification,LightGBM Classifier,1.0,0.371
Fold_10,eurobasket_2015_fra_fin_97_87,eurobasket_2015,2015,classification,LightGBM Classifier,1.0,0.599
Fold_10,eurobasket_2015_fra_lat_84_70,eurobasket_2015,2015,classification,LightGBM Classifier,1.0,0.6458
Fold_10,eurobasket_2015_fra_pol_69_66,eurobasket_2015,2015,classification,LightGBM Classifier,1.0,0.5952
Fold_10,eurobasket_2015_fra_srb_81_68,eurobasket_2015,2015,classification,LightGBM Classifier,1.0,0.7127
Fold_10,eurobasket_2015_fra_tur_76_53,eurobasket_2015,2015,classification,LightGBM Classifier,1.0,0.6646
Fold_10,eurobasket_2015_geo_cro_71_58,eurobasket_2015,2015,classification,LightGBM Classifier,1.0,0.4502
Fold_10,eurobasket_2015_geo_gre_68_79,eurobasket_2015,2015,classification,LightGBM Classifier,0.0,0.3647
Fold_10,eurobasket_2015_geo_ned_72_73,eurobasket_2015,2015,classification,LightGBM Classifier,0.0,0.815
Fold_10,eurobasket_2015_ger_esp_76_77,eurobasket_2015,2015,classification,LightGBM Classifier,0.0,0.2489
Fold_10,eurobasket_2015_ger_isl_71_65,eurobasket_2015,2015,classification,LightGBM Classifier,1.0,0.8384
Fold_10,eurobasket_2015_ger_tur_75_80,eurobasket_2015,2015,classification,LightGBM Classifier,0.0,0.5013
Fold_10,eurobasket_2015_gre_bel_75_54,eurobasket_2015,2015,classification,LightGBM Classifier,1.0,0.7934
Fold_10,eurobasket_2015_gre_cro_72_70,eurobasket_2015,2015,classification,LightGBM Classifier,1.0,0.7841
Fold_10,eurobasket_2015_gre_lat_97_90,eurobasket_2015,2015,classification,LightGBM Classifier,1.0,0.8266
Fold_10,eurobasket_2015_gre_ned_68_65,eurobasket_2015,2015,classification,LightGBM Classifier,1.0,0.8937
Fold_10,eurobasket_2015_gre_slo_83_72,eurobasket_2015,2015,classification,LightGBM Classifier,1.0,0.5719
Fold_10,eurobasket_2015_isl_esp_73_99,eurobasket_2015,2015,classification,LightGBM Classifier,0.0,0.0389
Fold_10,eurobasket_2015_isl_ita_64_71,eurobasket_2015,2015,classification,LightGBM Classifier,0.0,0.2326
Fold_10,eurobasket_2015_isr_bih_84_86,eurobasket_2015,2015,classification,LightGBM Classifier,0.0,0.4308
Fold_10,eurobasket_2015_isr_fra_61_86,eurobasket_2015,2015,classification,LightGBM Classifier,0.0,0.2171
Fold_10,eurobasket_2015_isr_ita_52_82,eurobasket_2015,2015,classification,LightGBM Classifier,0.0,0.4785
Fold_10,eurobasket_2015_isr_rus_76_73,eurobasket_2015,2015,classification,LightGBM Classifier,1.0,0.2171
Fold_10,eurobasket_2015_ita_ger_89_82,eurobasket_2015,2015,classification,LightGBM Classifier,1.0,0.5612
Fold_10,eurobasket_2015_ita_ltu_85_95,eurobasket_2015,2015,classification,LightGBM Classifier,0.0,0.4037
Fold_10,eurobasket_2015_ita_tur_87_89,eurobasket_2015,2015,classification,LightGBM Classifier,0.0,0.4615
Fold_10,eurobasket_2015_lat_cze_70_97,eurobasket_2015,2015,classification,LightGBM Classifier,0.0,0.6218
Fold_10,eurobasket_2015_lat_est_75_64,eurobasket_2015,2015,classification,LightGBM Classifier,1.0,0.8374
Fold_10,eurobasket_2015_lat_ltu_49_68,eurobasket_2015,2015,classification,LightGBM Classifier,0.0,0.3647
Fold_10,eurobasket_2015_lat_slo_73_66,eurobasket_2015,2015,classification,LightGBM Classifier,1.0,0.374
Fold_10,eurobasket_2015_lat_ukr_74_75,eurobasket_2015,2015,classification,LightGBM Classifier,0.0,0.5777
Fold_10,eurobasket_2015_ltu_bel_74_76,eurobasket_2015,2015,classification,LightGBM Classifier,0.0,0.7069
Fold_10,eurobasket_2015_ltu_geo_85_81,eurobasket_2015,2015,classification,LightGBM Classifier,1.0,0.6754
Fold_10,eurobasket_2015_ltu_ukr_69_68,eurobasket_2015,2015,classification,LightGBM Classifier,1.0,0.6361
Fold_10,eurobasket_2015_mkd_geo_75_90,eurobasket_2015,2015,classification,LightGBM Classifier,0.0,0.5853
Fold_10,eurobasket_2015_mkd_gre_65_85,eurobasket_2015,2015,classification,LightGBM Classifier,0.0,0.3647
Fold_10,eurobasket_2015_ned_cro_72_78,eurobasket_2015,2015,classification,LightGBM Classifier,0.0,0.1611
Fold_10,eurobasket_2015_ned_mkd_71_78,eurobasket_2015,2015,classification,LightGBM Classifier,0.0,0.3821
Fold_10,eurobasket_2015_pol_bih_68_64,eurobasket_2015,2015,classification,LightGBM Classifier,1.0,0.4281
Fold_10,eurobasket_2015_pol_isr_73_75,eurobasket_2015,2015,classification,LightGBM Classifier,0.0,0.4903
Fold_10,eurobasket_2015_rus_fra_67_74,eurobasket_2015,2015,classification,LightGBM Classifier,0.0,0.4615
Fold_10,eurobasket_2015_rus_pol_79_82,eurobasket_2015,2015,classification,LightGBM Classifier,0.0,0.5952
Fold_10,eurobasket_2015_slo_geo_79_68,eurobasket_2015,2015,classification,LightGBM Classifier,1.0,0.6255
Fold_10,eurobasket_2015_slo_mkd_62_51,eurobasket_2015,2015,classification,LightGBM Classifier,1.0,0.6126
Fold_10,eurobasket_2015_slo_ned_81_74,eurobasket_2015,2015,classification,LightGBM Classifier,1.0,0.8448
Fold_10,eurobasket_2015_srb_cze_89_75,eurobasket_2015,2015,classification,LightGBM Classifier,1.0,0.696
Fold_10,eurobasket_2015_srb_fin_94_81,eurobasket_2015,2015,classification,LightGBM Classifier,1.0,0.779
Fold_10,eurobasket_2015_srb_ger_68_66,eurobasket_2015,2015,classification,LightGBM Classifier,1.0,0.8445
Fold_10,eurobasket_2015_srb_isl_93_64,eurobasket_2015,2015,classification,LightGBM Classifier,1.0,0.8448
Fold_10,eurobasket_2015_srb_ita_101_82,eurobasket_2015,2015,classification,LightGBM Classifier,1.0,0.5217
Fold_10,eurobasket_2015_srb_ltu_64_67,eurobasket_2015,2015,classification,LightGBM Classifier,0.0,0.4466
Fold_10,eurobasket_2015_tur_esp_77_104,eurobasket_2015,2015,classification,LightGBM Classifier,0.0,0.3611
Fold_10,eurobasket_2015_tur_isl_111_102,eurobasket_2015,2015,classification,LightGBM Classifier,1.0,0.8448
Fold_10,eurobasket_2015_tur_srb_72_91,eurobasket_2015,2015,classification,LightGBM Classifier,0.0,0.543
Fold_10,eurobasket_2015_ukr_bel_71_79,eurobasket_2015,2015,classification,LightGBM Classifier,0.0,0.5922
Fold_10,eurobasket_2015_ukr_cze_64_78,eurobasket_2015,2015,classification,LightGBM Classifier,0.0,0.6568
Fold_10,eurobasket_2015_ukr_est_71_78,eurobasket_2015,2015,classification,LightGBM Classifier,0.0,0.8394
Fold_10,eurobasket_2015_bel_cze_64_66,eurobasket_2015,2015,regression,Naive Margin (0.0 pts),-2.0,0.0
Fold_10,eurobasket_2015_bel_lat_67_78,eurobasket_2015,2015,regression,Naive Margin (0.0 pts),-11.0,0.0
Fold_10,eurobasket_2015_bih_fin_59_88,eurobasket_2015,2015,regression,Naive Margin (0.0 pts),-29.0,0.0
Fold_10,eurobasket_2015_bih_fra_54_81,eurobasket_2015,2015,regression,Naive Margin (0.0 pts),-27.0,0.0
Fold_10,eurobasket_2015_bih_rus_61_81,eurobasket_2015,2015,regression,Naive Margin (0.0 pts),-20.0,0.0
Fold_10,eurobasket_2015_cro_cze_59_80,eurobasket_2015,2015,regression,Naive Margin (0.0 pts),-21.0,0.0
Fold_10,eurobasket_2015_cro_mkd_73_55,eurobasket_2015,2015,regression,Naive Margin (0.0 pts),18.0,0.0
Fold_10,eurobasket_2015_cro_slo_80_73,eurobasket_2015,2015,regression,Naive Margin (0.0 pts),7.0,0.0
Fold_10,eurobasket_2015_cze_est_80_57,eurobasket_2015,2015,regression,Naive Margin (0.0 pts),23.0,0.0
Fold_10,eurobasket_2015_cze_ita_70_85,eurobasket_2015,2015,regression,Naive Margin (0.0 pts),-15.0,0.0
Fold_10,eurobasket_2015_cze_lat_65_72,eurobasket_2015,2015,regression,Naive Margin (0.0 pts),-7.0,0.0
Fold_10,eurobasket_2015_cze_ltu_81_85,eurobasket_2015,2015,regression,Naive Margin (0.0 pts),-4.0,0.0
Fold_10,eurobasket_2015_esp_fra_80_75,eurobasket_2015,2015,regression,Naive Margin (0.0 pts),5.0,0.0
Fold_10,eurobasket_2015_esp_gre_73_71,eurobasket_2015,2015,regression,Naive Margin (0.0 pts),2.0,0.0
Fold_10,eurobasket_2015_esp_ita_98_105,eurobasket_2015,2015,regression,Naive Margin (0.0 pts),-7.0,0.0
Fold_10,eurobasket_2015_esp_ltu_80_63,eurobasket_2015,2015,regression,Naive Margin (0.0 pts),17.0,0.0
Fold_10,eurobasket_2015_esp_pol_80_66,eurobasket_2015,2015,regression,Naive Margin (0.0 pts),14.0,0.0
Fold_10,eurobasket_2015_esp_srb_70_80,eurobasket_2015,2015,regression,Naive Margin (0.0 pts),-10.0,0.0
Fold_10,eurobasket_2015_est_bel_55_84,eurobasket_2015,2015,regression,Naive Margin (0.0 pts),-29.0,0.0
Fold_10,eurobasket_2015_est_ltu_62_64,eurobasket_2015,2015,regression,Naive Margin (0.0 pts),-2.0,0.0
Fold_10,eurobasket_2015_fin_isr_66_79,eurobasket_2015,2015,regression,Naive Margin (0.0 pts),-13.0,0.0
Fold_10,eurobasket_2015_fin_pol_65_78,eurobasket_2015,2015,regression,Naive Margin (0.0 pts),-13.0,0.0
Fold_10,eurobasket_2015_fin_rus_81_79,eurobasket_2015,2015,regression,Naive Margin (0.0 pts),2.0,0.0
Fold_10,eurobasket_2015_fra_fin_97_87,eurobasket_2015,2015,regression,Naive Margin (0.0 pts),10.0,0.0
Fold_10,eurobasket_2015_fra_lat_84_70,eurobasket_2015,2015,regression,Naive Margin (0.0 pts),14.0,0.0
Fold_10,eurobasket_2015_fra_pol_69_66,eurobasket_2015,2015,regression,Naive Margin (0.0 pts),3.0,0.0
Fold_10,eurobasket_2015_fra_srb_81_68,eurobasket_2015,2015,regression,Naive Margin (0.0 pts),13.0,0.0
Fold_10,eurobasket_2015_fra_tur_76_53,eurobasket_2015,2015,regression,Naive Margin (0.0 pts),23.0,0.0
Fold_10,eurobasket_2015_geo_cro_71_58,eurobasket_2015,2015,regression,Naive Margin (0.0 pts),13.0,0.0
Fold_10,eurobasket_2015_geo_gre_68_79,eurobasket_2015,2015,regression,Naive Margin (0.0 pts),-11.0,0.0
Fold_10,eurobasket_2015_geo_ned_72_73,eurobasket_2015,2015,regression,Naive Margin (0.0 pts),-1.0,0.0
Fold_10,eurobasket_2015_ger_esp_76_77,eurobasket_2015,2015,regression,Naive Margin (0.0 pts),-1.0,0.0
Fold_10,eurobasket_2015_ger_isl_71_65,eurobasket_2015,2015,regression,Naive Margin (0.0 pts),6.0,0.0
Fold_10,eurobasket_2015_ger_tur_75_80,eurobasket_2015,2015,regression,Naive Margin (0.0 pts),-5.0,0.0
Fold_10,eurobasket_2015_gre_bel_75_54,eurobasket_2015,2015,regression,Naive Margin (0.0 pts),21.0,0.0
Fold_10,eurobasket_2015_gre_cro_72_70,eurobasket_2015,2015,regression,Naive Margin (0.0 pts),2.0,0.0
Fold_10,eurobasket_2015_gre_lat_97_90,eurobasket_2015,2015,regression,Naive Margin (0.0 pts),7.0,0.0
Fold_10,eurobasket_2015_gre_ned_68_65,eurobasket_2015,2015,regression,Naive Margin (0.0 pts),3.0,0.0
Fold_10,eurobasket_2015_gre_slo_83_72,eurobasket_2015,2015,regression,Naive Margin (0.0 pts),11.0,0.0
Fold_10,eurobasket_2015_isl_esp_73_99,eurobasket_2015,2015,regression,Naive Margin (0.0 pts),-26.0,0.0
Fold_10,eurobasket_2015_isl_ita_64_71,eurobasket_2015,2015,regression,Naive Margin (0.0 pts),-7.0,0.0
Fold_10,eurobasket_2015_isr_bih_84_86,eurobasket_2015,2015,regression,Naive Margin (0.0 pts),-2.0,0.0
Fold_10,eurobasket_2015_isr_fra_61_86,eurobasket_2015,2015,regression,Naive Margin (0.0 pts),-25.0,0.0
Fold_10,eurobasket_2015_isr_ita_52_82,eurobasket_2015,2015,regression,Naive Margin (0.0 pts),-30.0,0.0
Fold_10,eurobasket_2015_isr_rus_76_73,eurobasket_2015,2015,regression,Naive Margin (0.0 pts),3.0,0.0
Fold_10,eurobasket_2015_ita_ger_89_82,eurobasket_2015,2015,regression,Naive Margin (0.0 pts),7.0,0.0
Fold_10,eurobasket_2015_ita_ltu_85_95,eurobasket_2015,2015,regression,Naive Margin (0.0 pts),-10.0,0.0
Fold_10,eurobasket_2015_ita_tur_87_89,eurobasket_2015,2015,regression,Naive Margin (0.0 pts),-2.0,0.0
Fold_10,eurobasket_2015_lat_cze_70_97,eurobasket_2015,2015,regression,Naive Margin (0.0 pts),-27.0,0.0
Fold_10,eurobasket_2015_lat_est_75_64,eurobasket_2015,2015,regression,Naive Margin (0.0 pts),11.0,0.0
Fold_10,eurobasket_2015_lat_ltu_49_68,eurobasket_2015,2015,regression,Naive Margin (0.0 pts),-19.0,0.0
Fold_10,eurobasket_2015_lat_slo_73_66,eurobasket_2015,2015,regression,Naive Margin (0.0 pts),7.0,0.0
Fold_10,eurobasket_2015_lat_ukr_74_75,eurobasket_2015,2015,regression,Naive Margin (0.0 pts),-1.0,0.0
Fold_10,eurobasket_2015_ltu_bel_74_76,eurobasket_2015,2015,regression,Naive Margin (0.0 pts),-2.0,0.0
Fold_10,eurobasket_2015_ltu_geo_85_81,eurobasket_2015,2015,regression,Naive Margin (0.0 pts),4.0,0.0
Fold_10,eurobasket_2015_ltu_ukr_69_68,eurobasket_2015,2015,regression,Naive Margin (0.0 pts),1.0,0.0
Fold_10,eurobasket_2015_mkd_geo_75_90,eurobasket_2015,2015,regression,Naive Margin (0.0 pts),-15.0,0.0
Fold_10,eurobasket_2015_mkd_gre_65_85,eurobasket_2015,2015,regression,Naive Margin (0.0 pts),-20.0,0.0
Fold_10,eurobasket_2015_ned_cro_72_78,eurobasket_2015,2015,regression,Naive Margin (0.0 pts),-6.0,0.0
Fold_10,eurobasket_2015_ned_mkd_71_78,eurobasket_2015,2015,regression,Naive Margin (0.0 pts),-7.0,0.0
Fold_10,eurobasket_2015_pol_bih_68_64,eurobasket_2015,2015,regression,Naive Margin (0.0 pts),4.0,0.0
Fold_10,eurobasket_2015_pol_isr_73_75,eurobasket_2015,2015,regression,Naive Margin (0.0 pts),-2.0,0.0
Fold_10,eurobasket_2015_rus_fra_67_74,eurobasket_2015,2015,regression,Naive Margin (0.0 pts),-7.0,0.0
Fold_10,eurobasket_2015_rus_pol_79_82,eurobasket_2015,2015,regression,Naive Margin (0.0 pts),-3.0,0.0
Fold_10,eurobasket_2015_slo_geo_79_68,eurobasket_2015,2015,regression,Naive Margin (0.0 pts),11.0,0.0
Fold_10,eurobasket_2015_slo_mkd_62_51,eurobasket_2015,2015,regression,Naive Margin (0.0 pts),11.0,0.0
Fold_10,eurobasket_2015_slo_ned_81_74,eurobasket_2015,2015,regression,Naive Margin (0.0 pts),7.0,0.0
Fold_10,eurobasket_2015_srb_cze_89_75,eurobasket_2015,2015,regression,Naive Margin (0.0 pts),14.0,0.0
Fold_10,eurobasket_2015_srb_fin_94_81,eurobasket_2015,2015,regression,Naive Margin (0.0 pts),13.0,0.0
Fold_10,eurobasket_2015_srb_ger_68_66,eurobasket_2015,2015,regression,Naive Margin (0.0 pts),2.0,0.0
Fold_10,eurobasket_2015_srb_isl_93_64,eurobasket_2015,2015,regression,Naive Margin (0.0 pts),29.0,0.0
Fold_10,eurobasket_2015_srb_ita_101_82,eurobasket_2015,2015,regression,Naive Margin (0.0 pts),19.0,0.0
Fold_10,eurobasket_2015_srb_ltu_64_67,eurobasket_2015,2015,regression,Naive Margin (0.0 pts),-3.0,0.0
Fold_10,eurobasket_2015_tur_esp_77_104,eurobasket_2015,2015,regression,Naive Margin (0.0 pts),-27.0,0.0
Fold_10,eurobasket_2015_tur_isl_111_102,eurobasket_2015,2015,regression,Naive Margin (0.0 pts),9.0,0.0
Fold_10,eurobasket_2015_tur_srb_72_91,eurobasket_2015,2015,regression,Naive Margin (0.0 pts),-19.0,0.0
Fold_10,eurobasket_2015_ukr_bel_71_79,eurobasket_2015,2015,regression,Naive Margin (0.0 pts),-8.0,0.0
Fold_10,eurobasket_2015_ukr_cze_64_78,eurobasket_2015,2015,regression,Naive Margin (0.0 pts),-14.0,0.0
Fold_10,eurobasket_2015_ukr_est_71_78,eurobasket_2015,2015,regression,Naive Margin (0.0 pts),-7.0,0.0
Fold_10,eurobasket_2015_bel_cze_64_66,eurobasket_2015,2015,regression,Ridge Regressor,-2.0,0.894
Fold_10,eurobasket_2015_bel_lat_67_78,eurobasket_2015,2015,regression,Ridge Regressor,-11.0,-4.067
Fold_10,eurobasket_2015_bih_fin_59_88,eurobasket_2015,2015,regression,Ridge Regressor,-29.0,-0.952
Fold_10,eurobasket_2015_bih_fra_54_81,eurobasket_2015,2015,regression,Ridge Regressor,-27.0,-11.007
Fold_10,eurobasket_2015_bih_rus_61_81,eurobasket_2015,2015,regression,Ridge Regressor,-20.0,-9.986
Fold_10,eurobasket_2015_cro_cze_59_80,eurobasket_2015,2015,regression,Ridge Regressor,-21.0,14.919
Fold_10,eurobasket_2015_cro_mkd_73_55,eurobasket_2015,2015,regression,Ridge Regressor,18.0,5.664
Fold_10,eurobasket_2015_cro_slo_80_73,eurobasket_2015,2015,regression,Ridge Regressor,7.0,-1.865
Fold_10,eurobasket_2015_cze_est_80_57,eurobasket_2015,2015,regression,Ridge Regressor,23.0,-1.738
Fold_10,eurobasket_2015_cze_ita_70_85,eurobasket_2015,2015,regression,Ridge Regressor,-15.0,-3.324
Fold_10,eurobasket_2015_cze_lat_65_72,eurobasket_2015,2015,regression,Ridge Regressor,-7.0,-3.938
Fold_10,eurobasket_2015_cze_ltu_81_85,eurobasket_2015,2015,regression,Ridge Regressor,-4.0,-14.528
Fold_10,eurobasket_2015_esp_fra_80_75,eurobasket_2015,2015,regression,Ridge Regressor,5.0,11.777
Fold_10,eurobasket_2015_esp_gre_73_71,eurobasket_2015,2015,regression,Ridge Regressor,2.0,11.285
Fold_10,eurobasket_2015_esp_ita_98_105,eurobasket_2015,2015,regression,Ridge Regressor,-7.0,13.975
Fold_10,eurobasket_2015_esp_ltu_80_63,eurobasket_2015,2015,regression,Ridge Regressor,17.0,10.316
Fold_10,eurobasket_2015_esp_pol_80_66,eurobasket_2015,2015,regression,Ridge Regressor,14.0,24.179
Fold_10,eurobasket_2015_esp_srb_70_80,eurobasket_2015,2015,regression,Ridge Regressor,-10.0,10.884
Fold_10,eurobasket_2015_est_bel_55_84,eurobasket_2015,2015,regression,Ridge Regressor,-29.0,3.914
Fold_10,eurobasket_2015_est_ltu_62_64,eurobasket_2015,2015,regression,Ridge Regressor,-2.0,-11.767
Fold_10,eurobasket_2015_fin_isr_66_79,eurobasket_2015,2015,regression,Ridge Regressor,-13.0,2.626
Fold_10,eurobasket_2015_fin_pol_65_78,eurobasket_2015,2015,regression,Ridge Regressor,-13.0,3.371
Fold_10,eurobasket_2015_fin_rus_81_79,eurobasket_2015,2015,regression,Ridge Regressor,2.0,-8.009
Fold_10,eurobasket_2015_fra_fin_97_87,eurobasket_2015,2015,regression,Ridge Regressor,10.0,11.078
Fold_10,eurobasket_2015_fra_lat_84_70,eurobasket_2015,2015,regression,Ridge Regressor,14.0,13.926
Fold_10,eurobasket_2015_fra_pol_69_66,eurobasket_2015,2015,regression,Ridge Regressor,3.0,13.425
Fold_10,eurobasket_2015_fra_srb_81_68,eurobasket_2015,2015,regression,Ridge Regressor,13.0,7.678
Fold_10,eurobasket_2015_fra_tur_76_53,eurobasket_2015,2015,regression,Ridge Regressor,23.0,8.594
Fold_10,eurobasket_2015_geo_cro_71_58,eurobasket_2015,2015,regression,Ridge Regressor,13.0,-5.073
Fold_10,eurobasket_2015_geo_gre_68_79,eurobasket_2015,2015,regression,Ridge Regressor,-11.0,-9.534
Fold_10,eurobasket_2015_geo_ned_72_73,eurobasket_2015,2015,regression,Ridge Regressor,-1.0,2.288
Fold_10,eurobasket_2015_ger_esp_76_77,eurobasket_2015,2015,regression,Ridge Regressor,-1.0,-11.448
Fold_10,eurobasket_2015_ger_isl_71_65,eurobasket_2015,2015,regression,Ridge Regressor,6.0,6.862
Fold_10,eurobasket_2015_ger_tur_75_80,eurobasket_2015,2015,regression,Ridge Regressor,-5.0,-0.671
Fold_10,eurobasket_2015_gre_bel_75_54,eurobasket_2015,2015,regression,Ridge Regressor,21.0,19.509
Fold_10,eurobasket_2015_gre_cro_72_70,eurobasket_2015,2015,regression,Ridge Regressor,2.0,5.484
Fold_10,eurobasket_2015_gre_lat_97_90,eurobasket_2015,2015,regression,Ridge Regressor,7.0,14.417
Fold_10,eurobasket_2015_gre_ned_68_65,eurobasket_2015,2015,regression,Ridge Regressor,3.0,12.845
Fold_10,eurobasket_2015_gre_slo_83_72,eurobasket_2015,2015,regression,Ridge Regressor,11.0,2.595
Fold_10,eurobasket_2015_isl_esp_73_99,eurobasket_2015,2015,regression,Ridge Regressor,-26.0,-17.286
Fold_10,eurobasket_2015_isl_ita_64_71,eurobasket_2015,2015,regression,Ridge Regressor,-7.0,-4.335
Fold_10,eurobasket_2015_isr_bih_84_86,eurobasket_2015,2015,regression,Ridge Regressor,-2.0,1.397
Fold_10,eurobasket_2015_isr_fra_61_86,eurobasket_2015,2015,regression,Ridge Regressor,-25.0,-10.634
Fold_10,eurobasket_2015_isr_ita_52_82,eurobasket_2015,2015,regression,Ridge Regressor,-30.0,-0.891
Fold_10,eurobasket_2015_isr_rus_76_73,eurobasket_2015,2015,regression,Ridge Regressor,3.0,-9.613
Fold_10,eurobasket_2015_ita_ger_89_82,eurobasket_2015,2015,regression,Ridge Regressor,7.0,0.544
Fold_10,eurobasket_2015_ita_ltu_85_95,eurobasket_2015,2015,regression,Ridge Regressor,-10.0,-2.634
Fold_10,eurobasket_2015_ita_tur_87_89,eurobasket_2015,2015,regression,Ridge Regressor,-2.0,-1.15
Fold_10,eurobasket_2015_lat_cze_70_97,eurobasket_2015,2015,regression,Ridge Regressor,-27.0,9.759
Fold_10,eurobasket_2015_lat_est_75_64,eurobasket_2015,2015,regression,Ridge Regressor,11.0,3.224
Fold_10,eurobasket_2015_lat_ltu_49_68,eurobasket_2015,2015,regression,Ridge Regressor,-19.0,-9.566
Fold_10,eurobasket_2015_lat_slo_73_66,eurobasket_2015,2015,regression,Ridge Regressor,7.0,-3.252
Fold_10,eurobasket_2015_lat_ukr_74_75,eurobasket_2015,2015,regression,Ridge Regressor,-1.0,2.316
Fold_10,eurobasket_2015_ltu_bel_74_76,eurobasket_2015,2015,regression,Ridge Regressor,-2.0,16.705
Fold_10,eurobasket_2015_ltu_geo_85_81,eurobasket_2015,2015,regression,Ridge Regressor,4.0,16.322
Fold_10,eurobasket_2015_ltu_ukr_69_68,eurobasket_2015,2015,regression,Ridge Regressor,1.0,12.905
Fold_10,eurobasket_2015_mkd_geo_75_90,eurobasket_2015,2015,regression,Ridge Regressor,-15.0,2.479
Fold_10,eurobasket_2015_mkd_gre_65_85,eurobasket_2015,2015,regression,Ridge Regressor,-20.0,-8.077
Fold_10,eurobasket_2015_ned_cro_72_78,eurobasket_2015,2015,regression,Ridge Regressor,-6.0,-6.336
Fold_10,eurobasket_2015_ned_mkd_71_78,eurobasket_2015,2015,regression,Ridge Regressor,-7.0,-1.697
Fold_10,eurobasket_2015_pol_bih_68_64,eurobasket_2015,2015,regression,Ridge Regressor,4.0,0.652
Fold_10,eurobasket_2015_pol_isr_73_75,eurobasket_2015,2015,regression,Ridge Regressor,-2.0,0.279
Fold_10,eurobasket_2015_rus_fra_67_74,eurobasket_2015,2015,regression,Ridge Regressor,-7.0,0.002
Fold_10,eurobasket_2015_rus_pol_79_82,eurobasket_2015,2015,regression,Ridge Regressor,-3.0,12.404
Fold_10,eurobasket_2015_slo_geo_79_68,eurobasket_2015,2015,regression,Ridge Regressor,11.0,10.008
Fold_10,eurobasket_2015_slo_mkd_62_51,eurobasket_2015,2015,regression,Ridge Regressor,11.0,8.553
Fold_10,eurobasket_2015_slo_ned_81_74,eurobasket_2015,2015,regression,Ridge Regressor,7.0,11.273
Fold_10,eurobasket_2015_srb_cze_89_75,eurobasket_2015,2015,regression,Ridge Regressor,14.0,16.007
Fold_10,eurobasket_2015_srb_fin_94_81,eurobasket_2015,2015,regression,Ridge Regressor,13.0,11.971
Fold_10,eurobasket_2015_srb_ger_68_66,eurobasket_2015,2015,regression,Ridge Regressor,2.0,3.634
Fold_10,eurobasket_2015_srb_isl_93_64,eurobasket_2015,2015,regression,Ridge Regressor,29.0,9.473
Fold_10,eurobasket_2015_srb_ita_101_82,eurobasket_2015,2015,regression,Ridge Regressor,19.0,4.113
Fold_10,eurobasket_2015_srb_ltu_64_67,eurobasket_2015,2015,regression,Ridge Regressor,-3.0,0.456
Fold_10,eurobasket_2015_tur_esp_77_104,eurobasket_2015,2015,regression,Ridge Regressor,-27.0,-9.754
Fold_10,eurobasket_2015_tur_isl_111_102,eurobasket_2015,2015,regression,Ridge Regressor,9.0,8.556
Fold_10,eurobasket_2015_tur_srb_72_91,eurobasket_2015,2015,regression,Ridge Regressor,-19.0,0.107
Fold_10,eurobasket_2015_ukr_bel_71_79,eurobasket_2015,2015,regression,Ridge Regressor,-8.0,4.822
Fold_10,eurobasket_2015_ukr_cze_64_78,eurobasket_2015,2015,regression,Ridge Regressor,-14.0,4.693
Fold_10,eurobasket_2015_ukr_est_71_78,eurobasket_2015,2015,regression,Ridge Regressor,-7.0,1.932
Fold_10,eurobasket_2015_bel_cze_64_66,eurobasket_2015,2015,regression,ElasticNet Regressor,-2.0,1.126
Fold_10,eurobasket_2015_bel_lat_67_78,eurobasket_2015,2015,regression,ElasticNet Regressor,-11.0,-3.993
Fold_10,eurobasket_2015_bih_fin_59_88,eurobasket_2015,2015,regression,ElasticNet Regressor,-29.0,-0.895
Fold_10,eurobasket_2015_bih_fra_54_81,eurobasket_2015,2015,regression,ElasticNet Regressor,-27.0,-11.866
Fold_10,eurobasket_2015_bih_rus_61_81,eurobasket_2015,2015,regression,ElasticNet Regressor,-20.0,-10.58
Fold_10,eurobasket_2015_cro_cze_59_80,eurobasket_2015,2015,regression,ElasticNet Regressor,-21.0,14.44
Fold_10,eurobasket_2015_cro_mkd_73_55,eurobasket_2015,2015,regression,ElasticNet Regressor,18.0,6.372
Fold_10,eurobasket_2015_cro_slo_80_73,eurobasket_2015,2015,regression,ElasticNet Regressor,7.0,-1.882
Fold_10,eurobasket_2015_cze_est_80_57,eurobasket_2015,2015,regression,ElasticNet Regressor,23.0,-3.18
Fold_10,eurobasket_2015_cze_ita_70_85,eurobasket_2015,2015,regression,ElasticNet Regressor,-15.0,-4.868
Fold_10,eurobasket_2015_cze_lat_65_72,eurobasket_2015,2015,regression,ElasticNet Regressor,-7.0,-4.02
Fold_10,eurobasket_2015_cze_ltu_81_85,eurobasket_2015,2015,regression,ElasticNet Regressor,-4.0,-15.573
Fold_10,eurobasket_2015_esp_fra_80_75,eurobasket_2015,2015,regression,ElasticNet Regressor,5.0,10.451
Fold_10,eurobasket_2015_esp_gre_73_71,eurobasket_2015,2015,regression,ElasticNet Regressor,2.0,10.084
Fold_10,eurobasket_2015_esp_ita_98_105,eurobasket_2015,2015,regression,ElasticNet Regressor,-7.0,14.75
Fold_10,eurobasket_2015_esp_ltu_80_63,eurobasket_2015,2015,regression,ElasticNet Regressor,17.0,8.923
Fold_10,eurobasket_2015_esp_pol_80_66,eurobasket_2015,2015,regression,ElasticNet Regressor,14.0,23.805
Fold_10,eurobasket_2015_esp_srb_70_80,eurobasket_2015,2015,regression,ElasticNet Regressor,-10.0,11.391
Fold_10,eurobasket_2015_est_bel_55_84,eurobasket_2015,2015,regression,ElasticNet Regressor,-29.0,5.352
Fold_10,eurobasket_2015_est_ltu_62_64,eurobasket_2015,2015,regression,ElasticNet Regressor,-2.0,-11.293
Fold_10,eurobasket_2015_fin_isr_66_79,eurobasket_2015,2015,regression,ElasticNet Regressor,-13.0,2.695
Fold_10,eurobasket_2015_fin_pol_65_78,eurobasket_2015,2015,regression,ElasticNet Regressor,-13.0,3.482
Fold_10,eurobasket_2015_fin_rus_81_79,eurobasket_2015,2015,regression,ElasticNet Regressor,2.0,-8.585
Fold_10,eurobasket_2015_fra_fin_97_87,eurobasket_2015,2015,regression,ElasticNet Regressor,10.0,12.07
Fold_10,eurobasket_2015_fra_lat_84_70,eurobasket_2015,2015,regression,ElasticNet Regressor,14.0,13.563
Fold_10,eurobasket_2015_fra_pol_69_66,eurobasket_2015,2015,regression,ElasticNet Regressor,3.0,14.453
Fold_10,eurobasket_2015_fra_srb_81_68,eurobasket_2015,2015,regression,ElasticNet Regressor,13.0,6.917
Fold_10,eurobasket_2015_fra_tur_76_53,eurobasket_2015,2015,regression,ElasticNet Regressor,23.0,7.639
Fold_10,eurobasket_2015_geo_cro_71_58,eurobasket_2015,2015,regression,ElasticNet Regressor,13.0,-5.779
Fold_10,eurobasket_2015_geo_gre_68_79,eurobasket_2015,2015,regression,ElasticNet Regressor,-11.0,-10.389
Fold_10,eurobasket_2015_geo_ned_72_73,eurobasket_2015,2015,regression,ElasticNet Regressor,-1.0,0.844
Fold_10,eurobasket_2015_ger_esp_76_77,eurobasket_2015,2015,regression,ElasticNet Regressor,-1.0,-11.669
Fold_10,eurobasket_2015_ger_isl_71_65,eurobasket_2015,2015,regression,ElasticNet Regressor,6.0,6.109
Fold_10,eurobasket_2015_ger_tur_75_80,eurobasket_2015,2015,regression,ElasticNet Regressor,-5.0,-0.655
Fold_10,eurobasket_2015_gre_bel_75_54,eurobasket_2015,2015,regression,ElasticNet Regressor,21.0,19.023
Fold_10,eurobasket_2015_gre_cro_72_70,eurobasket_2015,2015,regression,ElasticNet Regressor,2.0,5.709
Fold_10,eurobasket_2015_gre_lat_97_90,eurobasket_2015,2015,regression,ElasticNet Regressor,7.0,13.93
Fold_10,eurobasket_2015_gre_ned_68_65,eurobasket_2015,2015,regression,ElasticNet Regressor,3.0,12.332
Fold_10,eurobasket_2015_gre_slo_83_72,eurobasket_2015,2015,regression,ElasticNet Regressor,11.0,2.728
Fold_10,eurobasket_2015_isl_esp_73_99,eurobasket_2015,2015,regression,ElasticNet Regressor,-26.0,-16.678
Fold_10,eurobasket_2015_isl_ita_64_71,eurobasket_2015,2015,regression,ElasticNet Regressor,-7.0,-3.028
Fold_10,eurobasket_2015_isr_bih_84_86,eurobasket_2015,2015,regression,ElasticNet Regressor,-2.0,1.498
Fold_10,eurobasket_2015_isr_fra_61_86,eurobasket_2015,2015,regression,ElasticNet Regressor,-25.0,-11.468
Fold_10,eurobasket_2015_isr_ita_52_82,eurobasket_2015,2015,regression,ElasticNet Regressor,-30.0,-2.291
Fold_10,eurobasket_2015_isr_rus_76_73,eurobasket_2015,2015,regression,ElasticNet Regressor,3.0,-10.181
Fold_10,eurobasket_2015_ita_ger_89_82,eurobasket_2015,2015,regression,ElasticNet Regressor,7.0,0.216
Fold_10,eurobasket_2015_ita_ltu_85_95,eurobasket_2015,2015,regression,ElasticNet Regressor,-10.0,-4.727
Fold_10,eurobasket_2015_ita_tur_87_89,eurobasket_2015,2015,regression,ElasticNet Regressor,-2.0,-1.538
Fold_10,eurobasket_2015_lat_cze_70_97,eurobasket_2015,2015,regression,ElasticNet Regressor,-27.0,8.658
Fold_10,eurobasket_2015_lat_est_75_64,eurobasket_2015,2015,regression,ElasticNet Regressor,11.0,1.939
Fold_10,eurobasket_2015_lat_ltu_49_68,eurobasket_2015,2015,regression,ElasticNet Regressor,-19.0,-10.453
Fold_10,eurobasket_2015_lat_slo_73_66,eurobasket_2015,2015,regression,ElasticNet Regressor,7.0,-5.226
Fold_10,eurobasket_2015_lat_ukr_74_75,eurobasket_2015,2015,regression,ElasticNet Regressor,-1.0,2.221
Fold_10,eurobasket_2015_ltu_bel_74_76,eurobasket_2015,2015,regression,ElasticNet Regressor,-2.0,17.745
Fold_10,eurobasket_2015_ltu_geo_85_81,eurobasket_2015,2015,regression,ElasticNet Regressor,4.0,16.186
Fold_10,eurobasket_2015_ltu_ukr_69_68,eurobasket_2015,2015,regression,ElasticNet Regressor,1.0,13.773
Fold_10,eurobasket_2015_mkd_geo_75_90,eurobasket_2015,2015,regression,ElasticNet Regressor,-15.0,2.705
Fold_10,eurobasket_2015_mkd_gre_65_85,eurobasket_2015,2015,regression,ElasticNet Regressor,-20.0,-8.782
Fold_10,eurobasket_2015_ned_cro_72_78,eurobasket_2015,2015,regression,ElasticNet Regressor,-6.0,-5.523
Fold_10,eurobasket_2015_ned_mkd_71_78,eurobasket_2015,2015,regression,ElasticNet Regressor,-7.0,-0.25
Fold_10,eurobasket_2015_pol_bih_68_64,eurobasket_2015,2015,regression,ElasticNet Regressor,4.0,0.711
Fold_10,eurobasket_2015_pol_isr_73_75,eurobasket_2015,2015,regression,ElasticNet Regressor,-2.0,0.312
Fold_10,eurobasket_2015_rus_fra_67_74,eurobasket_2015,2015,regression,ElasticNet Regressor,-7.0,-0.187
Fold_10,eurobasket_2015_rus_pol_79_82,eurobasket_2015,2015,regression,ElasticNet Regressor,-3.0,13.166
Fold_10,eurobasket_2015_slo_geo_79_68,eurobasket_2015,2015,regression,ElasticNet Regressor,11.0,10.959
Fold_10,eurobasket_2015_slo_mkd_62_51,eurobasket_2015,2015,regression,ElasticNet Regressor,11.0,9.353
Fold_10,eurobasket_2015_slo_ned_81_74,eurobasket_2015,2015,regression,ElasticNet Regressor,7.0,10.703
Fold_10,eurobasket_2015_srb_cze_89_75,eurobasket_2015,2015,regression,ElasticNet Regressor,14.0,15.304
Fold_10,eurobasket_2015_srb_fin_94_81,eurobasket_2015,2015,regression,ElasticNet Regressor,13.0,11.13
Fold_10,eurobasket_2015_srb_ger_68_66,eurobasket_2015,2015,regression,ElasticNet Regressor,2.0,3.576
Fold_10,eurobasket_2015_srb_isl_93_64,eurobasket_2015,2015,regression,ElasticNet Regressor,29.0,8.586
Fold_10,eurobasket_2015_srb_ita_101_82,eurobasket_2015,2015,regression,ElasticNet Regressor,19.0,4.459
Fold_10,eurobasket_2015_srb_ltu_64_67,eurobasket_2015,2015,regression,ElasticNet Regressor,-3.0,-1.368
Fold_10,eurobasket_2015_tur_esp_77_104,eurobasket_2015,2015,regression,ElasticNet Regressor,-27.0,-9.914
Fold_10,eurobasket_2015_tur_isl_111_102,eurobasket_2015,2015,regression,ElasticNet Regressor,9.0,7.864
Fold_10,eurobasket_2015_tur_srb_72_91,eurobasket_2015,2015,regression,ElasticNet Regressor,-19.0,0.378
Fold_10,eurobasket_2015_ukr_bel_71_79,eurobasket_2015,2015,regression,ElasticNet Regressor,-8.0,5.07
Fold_10,eurobasket_2015_ukr_cze_64_78,eurobasket_2015,2015,regression,ElasticNet Regressor,-14.0,5.098
Fold_10,eurobasket_2015_ukr_est_71_78,eurobasket_2015,2015,regression,ElasticNet Regressor,-7.0,0.818
Fold_10,eurobasket_2015_bel_cze_64_66,eurobasket_2015,2015,regression,LightGBM Regressor,-2.0,1.537
Fold_10,eurobasket_2015_bel_lat_67_78,eurobasket_2015,2015,regression,LightGBM Regressor,-11.0,-0.128
Fold_10,eurobasket_2015_bih_fin_59_88,eurobasket_2015,2015,regression,LightGBM Regressor,-29.0,3.015
Fold_10,eurobasket_2015_bih_fra_54_81,eurobasket_2015,2015,regression,LightGBM Regressor,-27.0,-6.22
Fold_10,eurobasket_2015_bih_rus_61_81,eurobasket_2015,2015,regression,LightGBM Regressor,-20.0,-6.05
Fold_10,eurobasket_2015_cro_cze_59_80,eurobasket_2015,2015,regression,LightGBM Regressor,-21.0,6.293
Fold_10,eurobasket_2015_cro_mkd_73_55,eurobasket_2015,2015,regression,LightGBM Regressor,18.0,1.419
Fold_10,eurobasket_2015_cro_slo_80_73,eurobasket_2015,2015,regression,LightGBM Regressor,7.0,0.584
Fold_10,eurobasket_2015_cze_est_80_57,eurobasket_2015,2015,regression,LightGBM Regressor,23.0,6.019
Fold_10,eurobasket_2015_cze_ita_70_85,eurobasket_2015,2015,regression,LightGBM Regressor,-15.0,-2.748
Fold_10,eurobasket_2015_cze_lat_65_72,eurobasket_2015,2015,regression,LightGBM Regressor,-7.0,-2.295
Fold_10,eurobasket_2015_cze_ltu_81_85,eurobasket_2015,2015,regression,LightGBM Regressor,-4.0,-12.622
Fold_10,eurobasket_2015_esp_fra_80_75,eurobasket_2015,2015,regression,LightGBM Regressor,5.0,7.46
Fold_10,eurobasket_2015_esp_gre_73_71,eurobasket_2015,2015,regression,LightGBM Regressor,2.0,10.005
Fold_10,eurobasket_2015_esp_ita_98_105,eurobasket_2015,2015,regression,LightGBM Regressor,-7.0,7.74
Fold_10,eurobasket_2015_esp_ltu_80_63,eurobasket_2015,2015,regression,LightGBM Regressor,17.0,7.761
Fold_10,eurobasket_2015_esp_pol_80_66,eurobasket_2015,2015,regression,LightGBM Regressor,14.0,13.386
Fold_10,eurobasket_2015_esp_srb_70_80,eurobasket_2015,2015,regression,LightGBM Regressor,-10.0,6.062
Fold_10,eurobasket_2015_est_bel_55_84,eurobasket_2015,2015,regression,LightGBM Regressor,-29.0,-6.567
Fold_10,eurobasket_2015_est_ltu_62_64,eurobasket_2015,2015,regression,LightGBM Regressor,-2.0,-20.248
Fold_10,eurobasket_2015_fin_isr_66_79,eurobasket_2015,2015,regression,LightGBM Regressor,-13.0,0.766
Fold_10,eurobasket_2015_fin_pol_65_78,eurobasket_2015,2015,regression,LightGBM Regressor,-13.0,0.766
Fold_10,eurobasket_2015_fin_rus_81_79,eurobasket_2015,2015,regression,LightGBM Regressor,2.0,-2.475
Fold_10,eurobasket_2015_fra_fin_97_87,eurobasket_2015,2015,regression,LightGBM Regressor,10.0,4.768
Fold_10,eurobasket_2015_fra_lat_84_70,eurobasket_2015,2015,regression,LightGBM Regressor,14.0,6.427
Fold_10,eurobasket_2015_fra_pol_69_66,eurobasket_2015,2015,regression,LightGBM Regressor,3.0,4.768
Fold_10,eurobasket_2015_fra_srb_81_68,eurobasket_2015,2015,regression,LightGBM Regressor,13.0,5.019
Fold_10,eurobasket_2015_fra_tur_76_53,eurobasket_2015,2015,regression,LightGBM Regressor,23.0,7.029
Fold_10,eurobasket_2015_geo_cro_71_58,eurobasket_2015,2015,regression,LightGBM Regressor,13.0,0.971
Fold_10,eurobasket_2015_geo_gre_68_79,eurobasket_2015,2015,regression,LightGBM Regressor,-11.0,-3.614
Fold_10,eurobasket_2015_geo_ned_72_73,eurobasket_2015,2015,regression,LightGBM Regressor,-1.0,8.375
Fold_10,eurobasket_2015_ger_esp_76_77,eurobasket_2015,2015,regression,LightGBM Regressor,-1.0,-8.931
Fold_10,eurobasket_2015_ger_isl_71_65,eurobasket_2015,2015,regression,LightGBM Regressor,6.0,9.846
Fold_10,eurobasket_2015_ger_tur_75_80,eurobasket_2015,2015,regression,LightGBM Regressor,-5.0,0.584
Fold_10,eurobasket_2015_gre_bel_75_54,eurobasket_2015,2015,regression,LightGBM Regressor,21.0,7.362
Fold_10,eurobasket_2015_gre_cro_72_70,eurobasket_2015,2015,regression,LightGBM Regressor,2.0,5.06
Fold_10,eurobasket_2015_gre_lat_97_90,eurobasket_2015,2015,regression,LightGBM Regressor,7.0,8.434
Fold_10,eurobasket_2015_gre_ned_68_65,eurobasket_2015,2015,regression,LightGBM Regressor,3.0,11.72
Fold_10,eurobasket_2015_gre_slo_83_72,eurobasket_2015,2015,regression,LightGBM Regressor,11.0,3.198
Fold_10,eurobasket_2015_isl_esp_73_99,eurobasket_2015,2015,regression,LightGBM Regressor,-26.0,-22.751
Fold_10,eurobasket_2015_isl_ita_64_71,eurobasket_2015,2015,regression,LightGBM Regressor,-7.0,-8.58
Fold_10,eurobasket_2015_isr_bih_84_86,eurobasket_2015,2015,regression,LightGBM Regressor,-2.0,-1.524
Fold_10,eurobasket_2015_isr_fra_61_86,eurobasket_2015,2015,regression,LightGBM Regressor,-25.0,-12.178
Fold_10,eurobasket_2015_isr_ita_52_82,eurobasket_2015,2015,regression,LightGBM Regressor,-30.0,0.782
Fold_10,eurobasket_2015_isr_rus_76_73,eurobasket_2015,2015,regression,LightGBM Regressor,3.0,-12.422
Fold_10,eurobasket_2015_ita_ger_89_82,eurobasket_2015,2015,regression,LightGBM Regressor,7.0,2.4
Fold_10,eurobasket_2015_ita_ltu_85_95,eurobasket_2015,2015,regression,LightGBM Regressor,-10.0,-2.13
Fold_10,eurobasket_2015_ita_tur_87_89,eurobasket_2015,2015,regression,LightGBM Regressor,-2.0,0.192
Fold_10,eurobasket_2015_lat_cze_70_97,eurobasket_2015,2015,regression,LightGBM Regressor,-27.0,6.294
Fold_10,eurobasket_2015_lat_est_75_64,eurobasket_2015,2015,regression,LightGBM Regressor,11.0,9.7
Fold_10,eurobasket_2015_lat_ltu_49_68,eurobasket_2015,2015,regression,LightGBM Regressor,-19.0,-3.518
Fold_10,eurobasket_2015_lat_slo_73_66,eurobasket_2015,2015,regression,LightGBM Regressor,7.0,-1.558
Fold_10,eurobasket_2015_lat_ukr_74_75,eurobasket_2015,2015,regression,LightGBM Regressor,-1.0,3.662
Fold_10,eurobasket_2015_ltu_bel_74_76,eurobasket_2015,2015,regression,LightGBM Regressor,-2.0,6.633
Fold_10,eurobasket_2015_ltu_geo_85_81,eurobasket_2015,2015,regression,LightGBM Regressor,4.0,7.814
Fold_10,eurobasket_2015_ltu_ukr_69_68,eurobasket_2015,2015,regression,LightGBM Regressor,1.0,5.932
Fold_10,eurobasket_2015_mkd_geo_75_90,eurobasket_2015,2015,regression,LightGBM Regressor,-15.0,2.739
Fold_10,eurobasket_2015_mkd_gre_65_85,eurobasket_2015,2015,regression,LightGBM Regressor,-20.0,-3.444
Fold_10,eurobasket_2015_ned_cro_72_78,eurobasket_2015,2015,regression,LightGBM Regressor,-6.0,-9.677
Fold_10,eurobasket_2015_ned_mkd_71_78,eurobasket_2015,2015,regression,LightGBM Regressor,-7.0,-4.847
Fold_10,eurobasket_2015_pol_bih_68_64,eurobasket_2015,2015,regression,LightGBM Regressor,4.0,-1.524
Fold_10,eurobasket_2015_pol_isr_73_75,eurobasket_2015,2015,regression,LightGBM Regressor,-2.0,0.584
Fold_10,eurobasket_2015_rus_fra_67_74,eurobasket_2015,2015,regression,LightGBM Regressor,-7.0,-0.134
Fold_10,eurobasket_2015_rus_pol_79_82,eurobasket_2015,2015,regression,LightGBM Regressor,-3.0,4.034
Fold_10,eurobasket_2015_slo_geo_79_68,eurobasket_2015,2015,regression,LightGBM Regressor,11.0,5.665
Fold_10,eurobasket_2015_slo_mkd_62_51,eurobasket_2015,2015,regression,LightGBM Regressor,11.0,5.311
Fold_10,eurobasket_2015_slo_ned_81_74,eurobasket_2015,2015,regression,LightGBM Regressor,7.0,10.352
Fold_10,eurobasket_2015_srb_cze_89_75,eurobasket_2015,2015,regression,LightGBM Regressor,14.0,7.778
Fold_10,eurobasket_2015_srb_fin_94_81,eurobasket_2015,2015,regression,LightGBM Regressor,13.0,9.997
Fold_10,eurobasket_2015_srb_ger_68_66,eurobasket_2015,2015,regression,LightGBM Regressor,2.0,8.649
Fold_10,eurobasket_2015_srb_isl_93_64,eurobasket_2015,2015,regression,LightGBM Regressor,29.0,10.352
Fold_10,eurobasket_2015_srb_ita_101_82,eurobasket_2015,2015,regression,LightGBM Regressor,19.0,3.744
Fold_10,eurobasket_2015_srb_ltu_64_67,eurobasket_2015,2015,regression,LightGBM Regressor,-3.0,-0.424
Fold_10,eurobasket_2015_tur_esp_77_104,eurobasket_2015,2015,regression,LightGBM Regressor,-27.0,-7.368
Fold_10,eurobasket_2015_tur_isl_111_102,eurobasket_2015,2015,regression,LightGBM Regressor,9.0,10.352
Fold_10,eurobasket_2015_tur_srb_72_91,eurobasket_2015,2015,regression,LightGBM Regressor,-19.0,0.584
Fold_10,eurobasket_2015_ukr_bel_71_79,eurobasket_2015,2015,regression,LightGBM Regressor,-8.0,5.073
Fold_10,eurobasket_2015_ukr_cze_64_78,eurobasket_2015,2015,regression,LightGBM Regressor,-14.0,3.991
Fold_10,eurobasket_2015_ukr_est_71_78,eurobasket_2015,2015,regression,LightGBM Regressor,-7.0,7.12
Fold_11,olympics_2016_arg_bra_111_107,olympics_2016,2016,classification,Naive Baseline (50%),1.0,0.5
Fold_11,olympics_2016_arg_cro_90_82,olympics_2016,2016,classification,Naive Baseline (50%),1.0,0.5
Fold_11,olympics_2016_aus_esp_88_89,olympics_2016,2016,classification,Naive Baseline (50%),0.0,0.5
Fold_11,olympics_2016_aus_fra_87_66,olympics_2016,2016,classification,Naive Baseline (50%),1.0,0.5
Fold_11,olympics_2016_aus_ltu_90_64,olympics_2016,2016,classification,Naive Baseline (50%),1.0,0.5
Fold_11,olympics_2016_aus_srb_61_87,olympics_2016,2016,classification,Naive Baseline (50%),0.0,0.5
Fold_11,olympics_2016_aus_usa_88_98,olympics_2016,2016,classification,Naive Baseline (50%),0.0,0.5
Fold_11,olympics_2016_aus_ven_81_56,olympics_2016,2016,classification,Naive Baseline (50%),1.0,0.5
Fold_11,olympics_2016_bra_cro_76_80,olympics_2016,2016,classification,Naive Baseline (50%),0.0,0.5
Fold_11,olympics_2016_bra_ltu_76_82,olympics_2016,2016,classification,Naive Baseline (50%),0.0,0.5
Fold_11,olympics_2016_chn_aus_68_93,olympics_2016,2016,classification,Naive Baseline (50%),0.0,0.5
Fold_11,olympics_2016_chn_usa_62_119,olympics_2016,2016,classification,Naive Baseline (50%),0.0,0.5
Fold_11,olympics_2016_cro_esp_72_70,olympics_2016,2016,classification,Naive Baseline (50%),1.0,0.5
Fold_11,olympics_2016_cro_ngr_76_90,olympics_2016,2016,classification,Naive Baseline (50%),0.0,0.5
Fold_11,olympics_2016_cro_srb_83_86,olympics_2016,2016,classification,Naive Baseline (50%),0.0,0.5
Fold_11,olympics_2016_esp_arg_92_73,olympics_2016,2016,classification,Naive Baseline (50%),1.0,0.5
Fold_11,olympics_2016_esp_bra_65_66,olympics_2016,2016,classification,Naive Baseline (50%),0.0,0.5
Fold_11,olympics_2016_esp_fra_92_67,olympics_2016,2016,classification,Naive Baseline (50%),1.0,0.5
Fold_11,olympics_2016_esp_ltu_109_59,olympics_2016,2016,classification,Naive Baseline (50%),1.0,0.5
Fold_11,olympics_2016_esp_usa_76_82,olympics_2016,2016,classification,Naive Baseline (50%),0.0,0.5
Fold_11,olympics_2016_fra_chn_88_60,olympics_2016,2016,classification,Naive Baseline (50%),1.0,0.5
Fold_11,olympics_2016_fra_ven_96_56,olympics_2016,2016,classification,Naive Baseline (50%),1.0,0.5
Fold_11,olympics_2016_ltu_arg_81_73,olympics_2016,2016,classification,Naive Baseline (50%),1.0,0.5
Fold_11,olympics_2016_ltu_cro_81_90,olympics_2016,2016,classification,Naive Baseline (50%),0.0,0.5
Fold_11,olympics_2016_ltu_ngr_89_80,olympics_2016,2016,classification,Naive Baseline (50%),1.0,0.5
Fold_11,olympics_2016_ngr_arg_66_94,olympics_2016,2016,classification,Naive Baseline (50%),0.0,0.5
Fold_11,olympics_2016_ngr_bra_69_86,olympics_2016,2016,classification,Naive Baseline (50%),0.0,0.5
Fold_11,olympics_2016_ngr_esp_87_96,olympics_2016,2016,classification,Naive Baseline (50%),0.0,0.5
Fold_11,olympics_2016_srb_aus_80_95,olympics_2016,2016,classification,Naive Baseline (50%),0.0,0.5
Fold_11,olympics_2016_srb_chn_94_60,olympics_2016,2016,classification,Naive Baseline (50%),1.0,0.5
Fold_11,olympics_2016_srb_fra_75_76,olympics_2016,2016,classification,Naive Baseline (50%),0.0,0.5
Fold_11,olympics_2016_srb_usa_66_96,olympics_2016,2016,classification,Naive Baseline (50%),0.0,0.5
Fold_11,olympics_2016_usa_arg_105_78,olympics_2016,2016,classification,Naive Baseline (50%),1.0,0.5
Fold_11,olympics_2016_usa_fra_100_97,olympics_2016,2016,classification,Naive Baseline (50%),1.0,0.5
Fold_11,olympics_2016_usa_srb_94_91,olympics_2016,2016,classification,Naive Baseline (50%),1.0,0.5
Fold_11,olympics_2016_usa_ven_113_69,olympics_2016,2016,classification,Naive Baseline (50%),1.0,0.5
Fold_11,olympics_2016_ven_chn_72_68,olympics_2016,2016,classification,Naive Baseline (50%),1.0,0.5
Fold_11,olympics_2016_ven_srb_62_86,olympics_2016,2016,classification,Naive Baseline (50%),0.0,0.5
Fold_11,olympics_2016_arg_bra_111_107,olympics_2016,2016,classification,Logistic Regression L2,1.0,0.604
Fold_11,olympics_2016_arg_cro_90_82,olympics_2016,2016,classification,Logistic Regression L2,1.0,0.4899
Fold_11,olympics_2016_aus_esp_88_89,olympics_2016,2016,classification,Logistic Regression L2,0.0,0.1393
Fold_11,olympics_2016_aus_fra_87_66,olympics_2016,2016,classification,Logistic Regression L2,1.0,0.2312
Fold_11,olympics_2016_aus_ltu_90_64,olympics_2016,2016,classification,Logistic Regression L2,1.0,0.2069
Fold_11,olympics_2016_aus_srb_61_87,olympics_2016,2016,classification,Logistic Regression L2,0.0,0.3497
Fold_11,olympics_2016_aus_usa_88_98,olympics_2016,2016,classification,Logistic Regression L2,0.0,0.2056
Fold_11,olympics_2016_aus_ven_81_56,olympics_2016,2016,classification,Logistic Regression L2,1.0,0.8473
Fold_11,olympics_2016_bra_cro_76_80,olympics_2016,2016,classification,Logistic Regression L2,0.0,0.3999
Fold_11,olympics_2016_bra_ltu_76_82,olympics_2016,2016,classification,Logistic Regression L2,0.0,0.224
Fold_11,olympics_2016_chn_aus_68_93,olympics_2016,2016,classification,Logistic Regression L2,0.0,0.2735
Fold_11,olympics_2016_chn_usa_62_119,olympics_2016,2016,classification,Logistic Regression L2,0.0,0.0843
Fold_11,olympics_2016_cro_esp_72_70,olympics_2016,2016,classification,Logistic Regression L2,1.0,0.2215
Fold_11,olympics_2016_cro_ngr_76_90,olympics_2016,2016,classification,Logistic Regression L2,0.0,0.8497
Fold_11,olympics_2016_cro_srb_83_86,olympics_2016,2016,classification,Logistic Regression L2,0.0,0.486
Fold_11,olympics_2016_esp_arg_92_73,olympics_2016,2016,classification,Logistic Regression L2,1.0,0.8128
Fold_11,olympics_2016_esp_bra_65_66,olympics_2016,2016,classification,Logistic Regression L2,0.0,0.8622
Fold_11,olympics_2016_esp_fra_92_67,olympics_2016,2016,classification,Logistic Regression L2,1.0,0.663
Fold_11,olympics_2016_esp_ltu_109_59,olympics_2016,2016,classification,Logistic Regression L2,1.0,0.6305
Fold_11,olympics_2016_esp_usa_76_82,olympics_2016,2016,classification,Logistic Regression L2,0.0,0.6287
Fold_11,olympics_2016_fra_chn_88_60,olympics_2016,2016,classification,Logistic Regression L2,1.0,0.9129
Fold_11,olympics_2016_fra_ven_96_56,olympics_2016,2016,classification,Logistic Regression L2,1.0,0.9513
Fold_11,olympics_2016_ltu_arg_81_73,olympics_2016,2016,classification,Logistic Regression L2,1.0,0.7293
Fold_11,olympics_2016_ltu_cro_81_90,olympics_2016,2016,classification,Logistic Regression L2,0.0,0.7097
Fold_11,olympics_2016_ltu_ngr_89_80,olympics_2016,2016,classification,Logistic Regression L2,1.0,0.9288
Fold_11,olympics_2016_ngr_arg_66_94,olympics_2016,2016,classification,Logistic Regression L2,0.0,0.1794
Fold_11,olympics_2016_ngr_bra_69_86,olympics_2016,2016,classification,Logistic Regression L2,0.0,0.2396
Fold_11,olympics_2016_ngr_esp_87_96,olympics_2016,2016,classification,Logistic Regression L2,0.0,0.0506
Fold_11,olympics_2016_srb_aus_80_95,olympics_2016,2016,classification,Logistic Regression L2,0.0,0.6758
Fold_11,olympics_2016_srb_chn_94_60,olympics_2016,2016,classification,Logistic Regression L2,1.0,0.8543
Fold_11,olympics_2016_srb_fra_75_76,olympics_2016,2016,classification,Logistic Regression L2,0.0,0.3718
Fold_11,olympics_2016_srb_usa_66_96,olympics_2016,2016,classification,Logistic Regression L2,0.0,0.3375
Fold_11,olympics_2016_usa_arg_105_78,olympics_2016,2016,classification,Logistic Regression L2,1.0,0.7309
Fold_11,olympics_2016_usa_fra_100_97,olympics_2016,2016,classification,Logistic Regression L2,1.0,0.5516
Fold_11,olympics_2016_usa_srb_94_91,olympics_2016,2016,classification,Logistic Regression L2,1.0,0.6875
Fold_11,olympics_2016_usa_ven_113_69,olympics_2016,2016,classification,Logistic Regression L2,1.0,0.9578
Fold_11,olympics_2016_ven_chn_72_68,olympics_2016,2016,classification,Logistic Regression L2,1.0,0.3622
Fold_11,olympics_2016_ven_srb_62_86,olympics_2016,2016,classification,Logistic Regression L2,0.0,0.093
Fold_11,olympics_2016_arg_bra_111_107,olympics_2016,2016,classification,ElasticNet Classifier,1.0,0.6257
Fold_11,olympics_2016_arg_cro_90_82,olympics_2016,2016,classification,ElasticNet Classifier,1.0,0.5031
Fold_11,olympics_2016_aus_esp_88_89,olympics_2016,2016,classification,ElasticNet Classifier,0.0,0.1439
Fold_11,olympics_2016_aus_fra_87_66,olympics_2016,2016,classification,ElasticNet Classifier,1.0,0.2378
Fold_11,olympics_2016_aus_ltu_90_64,olympics_2016,2016,classification,ElasticNet Classifier,1.0,0.2122
Fold_11,olympics_2016_aus_srb_61_87,olympics_2016,2016,classification,ElasticNet Classifier,0.0,0.3636
Fold_11,olympics_2016_aus_usa_88_98,olympics_2016,2016,classification,ElasticNet Classifier,0.0,0.2202
Fold_11,olympics_2016_aus_ven_81_56,olympics_2016,2016,classification,ElasticNet Classifier,1.0,0.8588
Fold_11,olympics_2016_bra_cro_76_80,olympics_2016,2016,classification,ElasticNet Classifier,0.0,0.4105
Fold_11,olympics_2016_bra_ltu_76_82,olympics_2016,2016,classification,ElasticNet Classifier,0.0,0.2282
Fold_11,olympics_2016_chn_aus_68_93,olympics_2016,2016,classification,ElasticNet Classifier,0.0,0.2916
Fold_11,olympics_2016_chn_usa_62_119,olympics_2016,2016,classification,ElasticNet Classifier,0.0,0.0918
Fold_11,olympics_2016_cro_esp_72_70,olympics_2016,2016,classification,ElasticNet Classifier,1.0,0.2335
Fold_11,olympics_2016_cro_ngr_76_90,olympics_2016,2016,classification,ElasticNet Classifier,0.0,0.8648
Fold_11,olympics_2016_cro_srb_83_86,olympics_2016,2016,classification,ElasticNet Classifier,0.0,0.5089
Fold_11,olympics_2016_esp_arg_92_73,olympics_2016,2016,classification,ElasticNet Classifier,1.0,0.8314
Fold_11,olympics_2016_esp_bra_65_66,olympics_2016,2016,classification,ElasticNet Classifier,0.0,0.8776
Fold_11,olympics_2016_esp_fra_92_67,olympics_2016,2016,classification,ElasticNet Classifier,1.0,0.681
Fold_11,olympics_2016_esp_ltu_109_59,olympics_2016,2016,classification,ElasticNet Classifier,1.0,0.6483
Fold_11,olympics_2016_esp_usa_76_82,olympics_2016,2016,classification,ElasticNet Classifier,0.0,0.659
Fold_11,olympics_2016_fra_chn_88_60,olympics_2016,2016,classification,ElasticNet Classifier,1.0,0.9222
Fold_11,olympics_2016_fra_ven_96_56,olympics_2016,2016,classification,ElasticNet Classifier,1.0,0.9573
Fold_11,olympics_2016_ltu_arg_81_73,olympics_2016,2016,classification,ElasticNet Classifier,1.0,0.7547
Fold_11,olympics_2016_ltu_cro_81_90,olympics_2016,2016,classification,ElasticNet Classifier,0.0,0.7303
Fold_11,olympics_2016_ltu_ngr_89_80,olympics_2016,2016,classification,ElasticNet Classifier,1.0,0.9377
Fold_11,olympics_2016_ngr_arg_66_94,olympics_2016,2016,classification,ElasticNet Classifier,0.0,0.1902
Fold_11,olympics_2016_ngr_bra_69_86,olympics_2016,2016,classification,ElasticNet Classifier,0.0,0.2546
Fold_11,olympics_2016_ngr_esp_87_96,olympics_2016,2016,classification,ElasticNet Classifier,0.0,0.0519
Fold_11,olympics_2016_srb_aus_80_95,olympics_2016,2016,classification,ElasticNet Classifier,0.0,0.6983
Fold_11,olympics_2016_srb_chn_94_60,olympics_2016,2016,classification,ElasticNet Classifier,1.0,0.8661
Fold_11,olympics_2016_srb_fra_75_76,olympics_2016,2016,classification,ElasticNet Classifier,0.0,0.3857
Fold_11,olympics_2016_srb_usa_66_96,olympics_2016,2016,classification,ElasticNet Classifier,0.0,0.3624
Fold_11,olympics_2016_usa_arg_105_78,olympics_2016,2016,classification,ElasticNet Classifier,1.0,0.7459
Fold_11,olympics_2016_usa_fra_100_97,olympics_2016,2016,classification,ElasticNet Classifier,1.0,0.5595
Fold_11,olympics_2016_usa_srb_94_91,olympics_2016,2016,classification,ElasticNet Classifier,1.0,0.6994
Fold_11,olympics_2016_usa_ven_113_69,olympics_2016,2016,classification,ElasticNet Classifier,1.0,0.9612
Fold_11,olympics_2016_ven_chn_72_68,olympics_2016,2016,classification,ElasticNet Classifier,1.0,0.378
Fold_11,olympics_2016_ven_srb_62_86,olympics_2016,2016,classification,ElasticNet Classifier,0.0,0.0975
Fold_11,olympics_2016_arg_bra_111_107,olympics_2016,2016,classification,LightGBM Classifier,1.0,0.476
Fold_11,olympics_2016_arg_cro_90_82,olympics_2016,2016,classification,LightGBM Classifier,1.0,0.6368
Fold_11,olympics_2016_aus_esp_88_89,olympics_2016,2016,classification,LightGBM Classifier,0.0,0.1761
Fold_11,olympics_2016_aus_fra_87_66,olympics_2016,2016,classification,LightGBM Classifier,1.0,0.3259
Fold_11,olympics_2016_aus_ltu_90_64,olympics_2016,2016,classification,LightGBM Classifier,1.0,0.3259
Fold_11,olympics_2016_aus_srb_61_87,olympics_2016,2016,classification,LightGBM Classifier,0.0,0.455
Fold_11,olympics_2016_aus_usa_88_98,olympics_2016,2016,classification,LightGBM Classifier,0.0,0.228
Fold_11,olympics_2016_aus_ven_81_56,olympics_2016,2016,classification,LightGBM Classifier,1.0,0.9168
Fold_11,olympics_2016_bra_cro_76_80,olympics_2016,2016,classification,LightGBM Classifier,0.0,0.683
Fold_11,olympics_2016_bra_ltu_76_82,olympics_2016,2016,classification,LightGBM Classifier,0.0,0.4379
Fold_11,olympics_2016_chn_aus_68_93,olympics_2016,2016,classification,LightGBM Classifier,0.0,0.2336
Fold_11,olympics_2016_chn_usa_62_119,olympics_2016,2016,classification,LightGBM Classifier,0.0,0.0567
Fold_11,olympics_2016_cro_esp_72_70,olympics_2016,2016,classification,LightGBM Classifier,1.0,0.3039
Fold_11,olympics_2016_cro_ngr_76_90,olympics_2016,2016,classification,LightGBM Classifier,0.0,0.8359
Fold_11,olympics_2016_cro_srb_83_86,olympics_2016,2016,classification,LightGBM Classifier,0.0,0.5037
Fold_11,olympics_2016_esp_arg_92_73,olympics_2016,2016,classification,LightGBM Classifier,1.0,0.6408
Fold_11,olympics_2016_esp_bra_65_66,olympics_2016,2016,classification,LightGBM Classifier,0.0,0.7341
Fold_11,olympics_2016_esp_fra_92_67,olympics_2016,2016,classification,LightGBM Classifier,1.0,0.6694
Fold_11,olympics_2016_esp_ltu_109_59,olympics_2016,2016,classification,LightGBM Classifier,1.0,0.6694
Fold_11,olympics_2016_esp_usa_76_82,olympics_2016,2016,classification,LightGBM Classifier,0.0,0.4216
Fold_11,olympics_2016_fra_chn_88_60,olympics_2016,2016,classification,LightGBM Classifier,1.0,0.879
Fold_11,olympics_2016_fra_ven_96_56,olympics_2016,2016,classification,LightGBM Classifier,1.0,0.9164
Fold_11,olympics_2016_ltu_arg_81_73,olympics_2016,2016,classification,LightGBM Classifier,1.0,0.569
Fold_11,olympics_2016_ltu_cro_81_90,olympics_2016,2016,classification,LightGBM Classifier,0.0,0.6241
Fold_11,olympics_2016_ltu_ngr_89_80,olympics_2016,2016,classification,LightGBM Classifier,1.0,0.7851
Fold_11,olympics_2016_ngr_arg_66_94,olympics_2016,2016,classification,LightGBM Classifier,0.0,0.2628
Fold_11,olympics_2016_ngr_bra_69_86,olympics_2016,2016,classification,LightGBM Classifier,0.0,0.205
Fold_11,olympics_2016_ngr_esp_87_96,olympics_2016,2016,classification,LightGBM Classifier,0.0,0.0868
Fold_11,olympics_2016_srb_aus_80_95,olympics_2016,2016,classification,LightGBM Classifier,0.0,0.5646
Fold_11,olympics_2016_srb_chn_94_60,olympics_2016,2016,classification,LightGBM Classifier,1.0,0.8644
Fold_11,olympics_2016_srb_fra_75_76,olympics_2016,2016,classification,LightGBM Classifier,0.0,0.4458
Fold_11,olympics_2016_srb_usa_66_96,olympics_2016,2016,classification,LightGBM Classifier,0.0,0.2433
Fold_11,olympics_2016_usa_arg_105_78,olympics_2016,2016,classification,LightGBM Classifier,1.0,0.8514
Fold_11,olympics_2016_usa_fra_100_97,olympics_2016,2016,classification,LightGBM Classifier,1.0,0.8807
Fold_11,olympics_2016_usa_srb_94_91,olympics_2016,2016,classification,LightGBM Classifier,1.0,0.8511
Fold_11,olympics_2016_usa_ven_113_69,olympics_2016,2016,classification,LightGBM Classifier,1.0,0.9139
Fold_11,olympics_2016_ven_chn_72_68,olympics_2016,2016,classification,LightGBM Classifier,1.0,0.6366
Fold_11,olympics_2016_ven_srb_62_86,olympics_2016,2016,classification,LightGBM Classifier,0.0,0.1025
Fold_11,olympics_2016_arg_bra_111_107,olympics_2016,2016,regression,Naive Margin (0.0 pts),4.0,0.0
Fold_11,olympics_2016_arg_cro_90_82,olympics_2016,2016,regression,Naive Margin (0.0 pts),8.0,0.0
Fold_11,olympics_2016_aus_esp_88_89,olympics_2016,2016,regression,Naive Margin (0.0 pts),-1.0,0.0
Fold_11,olympics_2016_aus_fra_87_66,olympics_2016,2016,regression,Naive Margin (0.0 pts),21.0,0.0
Fold_11,olympics_2016_aus_ltu_90_64,olympics_2016,2016,regression,Naive Margin (0.0 pts),26.0,0.0
Fold_11,olympics_2016_aus_srb_61_87,olympics_2016,2016,regression,Naive Margin (0.0 pts),-26.0,0.0
Fold_11,olympics_2016_aus_usa_88_98,olympics_2016,2016,regression,Naive Margin (0.0 pts),-10.0,0.0
Fold_11,olympics_2016_aus_ven_81_56,olympics_2016,2016,regression,Naive Margin (0.0 pts),25.0,0.0
Fold_11,olympics_2016_bra_cro_76_80,olympics_2016,2016,regression,Naive Margin (0.0 pts),-4.0,0.0
Fold_11,olympics_2016_bra_ltu_76_82,olympics_2016,2016,regression,Naive Margin (0.0 pts),-6.0,0.0
Fold_11,olympics_2016_chn_aus_68_93,olympics_2016,2016,regression,Naive Margin (0.0 pts),-25.0,0.0
Fold_11,olympics_2016_chn_usa_62_119,olympics_2016,2016,regression,Naive Margin (0.0 pts),-57.0,0.0
Fold_11,olympics_2016_cro_esp_72_70,olympics_2016,2016,regression,Naive Margin (0.0 pts),2.0,0.0
Fold_11,olympics_2016_cro_ngr_76_90,olympics_2016,2016,regression,Naive Margin (0.0 pts),-14.0,0.0
Fold_11,olympics_2016_cro_srb_83_86,olympics_2016,2016,regression,Naive Margin (0.0 pts),-3.0,0.0
Fold_11,olympics_2016_esp_arg_92_73,olympics_2016,2016,regression,Naive Margin (0.0 pts),19.0,0.0
Fold_11,olympics_2016_esp_bra_65_66,olympics_2016,2016,regression,Naive Margin (0.0 pts),-1.0,0.0
Fold_11,olympics_2016_esp_fra_92_67,olympics_2016,2016,regression,Naive Margin (0.0 pts),25.0,0.0
Fold_11,olympics_2016_esp_ltu_109_59,olympics_2016,2016,regression,Naive Margin (0.0 pts),50.0,0.0
Fold_11,olympics_2016_esp_usa_76_82,olympics_2016,2016,regression,Naive Margin (0.0 pts),-6.0,0.0
Fold_11,olympics_2016_fra_chn_88_60,olympics_2016,2016,regression,Naive Margin (0.0 pts),28.0,0.0
Fold_11,olympics_2016_fra_ven_96_56,olympics_2016,2016,regression,Naive Margin (0.0 pts),40.0,0.0
Fold_11,olympics_2016_ltu_arg_81_73,olympics_2016,2016,regression,Naive Margin (0.0 pts),8.0,0.0
Fold_11,olympics_2016_ltu_cro_81_90,olympics_2016,2016,regression,Naive Margin (0.0 pts),-9.0,0.0
Fold_11,olympics_2016_ltu_ngr_89_80,olympics_2016,2016,regression,Naive Margin (0.0 pts),9.0,0.0
Fold_11,olympics_2016_ngr_arg_66_94,olympics_2016,2016,regression,Naive Margin (0.0 pts),-28.0,0.0
Fold_11,olympics_2016_ngr_bra_69_86,olympics_2016,2016,regression,Naive Margin (0.0 pts),-17.0,0.0
Fold_11,olympics_2016_ngr_esp_87_96,olympics_2016,2016,regression,Naive Margin (0.0 pts),-9.0,0.0
Fold_11,olympics_2016_srb_aus_80_95,olympics_2016,2016,regression,Naive Margin (0.0 pts),-15.0,0.0
Fold_11,olympics_2016_srb_chn_94_60,olympics_2016,2016,regression,Naive Margin (0.0 pts),34.0,0.0
Fold_11,olympics_2016_srb_fra_75_76,olympics_2016,2016,regression,Naive Margin (0.0 pts),-1.0,0.0
Fold_11,olympics_2016_srb_usa_66_96,olympics_2016,2016,regression,Naive Margin (0.0 pts),-30.0,0.0
Fold_11,olympics_2016_usa_arg_105_78,olympics_2016,2016,regression,Naive Margin (0.0 pts),27.0,0.0
Fold_11,olympics_2016_usa_fra_100_97,olympics_2016,2016,regression,Naive Margin (0.0 pts),3.0,0.0
Fold_11,olympics_2016_usa_srb_94_91,olympics_2016,2016,regression,Naive Margin (0.0 pts),3.0,0.0
Fold_11,olympics_2016_usa_ven_113_69,olympics_2016,2016,regression,Naive Margin (0.0 pts),44.0,0.0
Fold_11,olympics_2016_ven_chn_72_68,olympics_2016,2016,regression,Naive Margin (0.0 pts),4.0,0.0
Fold_11,olympics_2016_ven_srb_62_86,olympics_2016,2016,regression,Naive Margin (0.0 pts),-24.0,0.0
Fold_11,olympics_2016_arg_bra_111_107,olympics_2016,2016,regression,Ridge Regressor,4.0,1.938
Fold_11,olympics_2016_arg_cro_90_82,olympics_2016,2016,regression,Ridge Regressor,8.0,3.353
Fold_11,olympics_2016_aus_esp_88_89,olympics_2016,2016,regression,Ridge Regressor,-1.0,-11.199
Fold_11,olympics_2016_aus_fra_87_66,olympics_2016,2016,regression,Ridge Regressor,21.0,-5.377
Fold_11,olympics_2016_aus_ltu_90_64,olympics_2016,2016,regression,Ridge Regressor,26.0,-5.925
Fold_11,olympics_2016_aus_srb_61_87,olympics_2016,2016,regression,Ridge Regressor,-26.0,-2.742
Fold_11,olympics_2016_aus_usa_88_98,olympics_2016,2016,regression,Ridge Regressor,-10.0,-14.527
Fold_11,olympics_2016_aus_ven_81_56,olympics_2016,2016,regression,Ridge Regressor,25.0,15.766
Fold_11,olympics_2016_bra_cro_76_80,olympics_2016,2016,regression,Ridge Regressor,-4.0,1.602
Fold_11,olympics_2016_bra_ltu_76_82,olympics_2016,2016,regression,Ridge Regressor,-6.0,-3.682
Fold_11,olympics_2016_chn_aus_68_93,olympics_2016,2016,regression,Ridge Regressor,-25.0,-11.054
Fold_11,olympics_2016_chn_usa_62_119,olympics_2016,2016,regression,Ridge Regressor,-57.0,-25.767
Fold_11,olympics_2016_cro_esp_72_70,olympics_2016,2016,regression,Ridge Regressor,2.0,-10.371
Fold_11,olympics_2016_cro_ngr_76_90,olympics_2016,2016,regression,Ridge Regressor,-14.0,11.032
Fold_11,olympics_2016_cro_srb_83_86,olympics_2016,2016,regression,Ridge Regressor,-3.0,-1.913
Fold_11,olympics_2016_esp_arg_92_73,olympics_2016,2016,regression,Ridge Regressor,19.0,7.578
Fold_11,olympics_2016_esp_bra_65_66,olympics_2016,2016,regression,Ridge Regressor,-1.0,9.329
Fold_11,olympics_2016_esp_fra_92_67,olympics_2016,2016,regression,Ridge Regressor,25.0,6.01
Fold_11,olympics_2016_esp_ltu_109_59,olympics_2016,2016,regression,Ridge Regressor,50.0,5.461
Fold_11,olympics_2016_esp_usa_76_82,olympics_2016,2016,regression,Ridge Regressor,-6.0,-3.14
Fold_11,olympics_2016_fra_chn_88_60,olympics_2016,2016,regression,Ridge Regressor,28.0,16.991
Fold_11,olympics_2016_fra_ven_96_56,olympics_2016,2016,regression,Ridge Regressor,40.0,21.33
Fold_11,olympics_2016_ltu_arg_81_73,olympics_2016,2016,regression,Ridge Regressor,8.0,2.305
Fold_11,olympics_2016_ltu_cro_81_90,olympics_2016,2016,regression,Ridge Regressor,-9.0,5.473
Fold_11,olympics_2016_ltu_ngr_89_80,olympics_2016,2016,regression,Ridge Regressor,9.0,16.317
Fold_11,olympics_2016_ngr_arg_66_94,olympics_2016,2016,regression,Ridge Regressor,-28.0,-13.824
Fold_11,olympics_2016_ngr_bra_69_86,olympics_2016,2016,regression,Ridge Regressor,-17.0,-12.074
Fold_11,olympics_2016_ngr_esp_87_96,olympics_2016,2016,regression,Ridge Regressor,-9.0,-21.217
Fold_11,olympics_2016_srb_aus_80_95,olympics_2016,2016,regression,Ridge Regressor,-15.0,3.116
Fold_11,olympics_2016_srb_chn_94_60,olympics_2016,2016,regression,Ridge Regressor,34.0,14.356
Fold_11,olympics_2016_srb_fra_75_76,olympics_2016,2016,regression,Ridge Regressor,-1.0,-2.449
Fold_11,olympics_2016_srb_usa_66_96,olympics_2016,2016,regression,Ridge Regressor,-30.0,-11.599
Fold_11,olympics_2016_usa_arg_105_78,olympics_2016,2016,regression,Ridge Regressor,27.0,10.905
Fold_11,olympics_2016_usa_fra_100_97,olympics_2016,2016,regression,Ridge Regressor,3.0,9.337
Fold_11,olympics_2016_usa_srb_94_91,olympics_2016,2016,regression,Ridge Regressor,3.0,11.973
Fold_11,olympics_2016_usa_ven_113_69,olympics_2016,2016,regression,Ridge Regressor,44.0,30.479
Fold_11,olympics_2016_ven_chn_72_68,olympics_2016,2016,regression,Ridge Regressor,4.0,-4.151
Fold_11,olympics_2016_ven_srb_62_86,olympics_2016,2016,regression,Ridge Regressor,-24.0,-18.321
Fold_11,olympics_2016_arg_bra_111_107,olympics_2016,2016,regression,ElasticNet Regressor,4.0,2.421
Fold_11,olympics_2016_arg_cro_90_82,olympics_2016,2016,regression,ElasticNet Regressor,8.0,2.935
Fold_11,olympics_2016_aus_esp_88_89,olympics_2016,2016,regression,ElasticNet Regressor,-1.0,-11.816
Fold_11,olympics_2016_aus_fra_87_66,olympics_2016,2016,regression,ElasticNet Regressor,21.0,-6.076
Fold_11,olympics_2016_aus_ltu_90_64,olympics_2016,2016,regression,ElasticNet Regressor,26.0,-6.718
Fold_11,olympics_2016_aus_srb_61_87,olympics_2016,2016,regression,ElasticNet Regressor,-26.0,-2.91
Fold_11,olympics_2016_aus_usa_88_98,olympics_2016,2016,regression,ElasticNet Regressor,-10.0,-13.984
Fold_11,olympics_2016_aus_ven_81_56,olympics_2016,2016,regression,ElasticNet Regressor,25.0,16.127
Fold_11,olympics_2016_bra_cro_76_80,olympics_2016,2016,regression,ElasticNet Regressor,-4.0,1.004
Fold_11,olympics_2016_bra_ltu_76_82,olympics_2016,2016,regression,ElasticNet Regressor,-6.0,-4.682
Fold_11,olympics_2016_chn_aus_68_93,olympics_2016,2016,regression,ElasticNet Regressor,-25.0,-10.494
Fold_11,olympics_2016_chn_usa_62_119,olympics_2016,2016,regression,ElasticNet Regressor,-57.0,-24.969
Fold_11,olympics_2016_cro_esp_72_70,olympics_2016,2016,regression,ElasticNet Regressor,2.0,-10.293
Fold_11,olympics_2016_cro_ngr_76_90,olympics_2016,2016,regression,ElasticNet Regressor,-14.0,12.179
Fold_11,olympics_2016_cro_srb_83_86,olympics_2016,2016,regression,ElasticNet Regressor,-3.0,-1.387
Fold_11,olympics_2016_esp_arg_92_73,olympics_2016,2016,regression,ElasticNet Regressor,19.0,8.831
Fold_11,olympics_2016_esp_bra_65_66,olympics_2016,2016,regression,ElasticNet Regressor,-1.0,10.761
Fold_11,olympics_2016_esp_fra_92_67,olympics_2016,2016,regression,ElasticNet Regressor,25.0,6.231
Fold_11,olympics_2016_esp_ltu_109_59,olympics_2016,2016,regression,ElasticNet Regressor,50.0,5.589
Fold_11,olympics_2016_esp_usa_76_82,olympics_2016,2016,regression,ElasticNet Regressor,-6.0,-1.677
Fold_11,olympics_2016_fra_chn_88_60,olympics_2016,2016,regression,ElasticNet Regressor,28.0,18.042
Fold_11,olympics_2016_fra_ven_96_56,olympics_2016,2016,regression,ElasticNet Regressor,40.0,22.694
Fold_11,olympics_2016_ltu_arg_81_73,olympics_2016,2016,regression,ElasticNet Regressor,8.0,3.733
Fold_11,olympics_2016_ltu_cro_81_90,olympics_2016,2016,regression,ElasticNet Regressor,-9.0,6.177
Fold_11,olympics_2016_ltu_ngr_89_80,olympics_2016,2016,regression,ElasticNet Regressor,9.0,17.865
Fold_11,olympics_2016_ngr_arg_66_94,olympics_2016,2016,regression,ElasticNet Regressor,-28.0,-13.641
Fold_11,olympics_2016_ngr_bra_69_86,olympics_2016,2016,regression,ElasticNet Regressor,-17.0,-11.711
Fold_11,olympics_2016_ngr_esp_87_96,olympics_2016,2016,regression,ElasticNet Regressor,-9.0,-21.982
Fold_11,olympics_2016_srb_aus_80_95,olympics_2016,2016,regression,ElasticNet Regressor,-15.0,3.892
Fold_11,olympics_2016_srb_chn_94_60,olympics_2016,2016,regression,ElasticNet Regressor,34.0,14.876
Fold_11,olympics_2016_srb_fra_75_76,olympics_2016,2016,regression,ElasticNet Regressor,-1.0,-2.676
Fold_11,olympics_2016_srb_usa_66_96,olympics_2016,2016,regression,ElasticNet Regressor,-30.0,-10.583
Fold_11,olympics_2016_usa_arg_105_78,olympics_2016,2016,regression,ElasticNet Regressor,27.0,10.998
Fold_11,olympics_2016_usa_fra_100_97,olympics_2016,2016,regression,ElasticNet Regressor,3.0,8.399
Fold_11,olympics_2016_usa_srb_94_91,olympics_2016,2016,regression,ElasticNet Regressor,3.0,11.565
Fold_11,olympics_2016_usa_ven_113_69,olympics_2016,2016,regression,ElasticNet Regressor,44.0,30.602
Fold_11,olympics_2016_ven_chn_72_68,olympics_2016,2016,regression,ElasticNet Regressor,4.0,-4.161
Fold_11,olympics_2016_ven_srb_62_86,olympics_2016,2016,regression,ElasticNet Regressor,-24.0,-18.546
Fold_11,olympics_2016_arg_bra_111_107,olympics_2016,2016,regression,LightGBM Regressor,4.0,1.317
Fold_11,olympics_2016_arg_cro_90_82,olympics_2016,2016,regression,LightGBM Regressor,8.0,6.323
Fold_11,olympics_2016_aus_esp_88_89,olympics_2016,2016,regression,LightGBM Regressor,-1.0,-10.012
Fold_11,olympics_2016_aus_fra_87_66,olympics_2016,2016,regression,LightGBM Regressor,21.0,-3.038
Fold_11,olympics_2016_aus_ltu_90_64,olympics_2016,2016,regression,LightGBM Regressor,26.0,-2.49
Fold_11,olympics_2016_aus_srb_61_87,olympics_2016,2016,regression,LightGBM Regressor,-26.0,-0.14
Fold_11,olympics_2016_aus_usa_88_98,olympics_2016,2016,regression,LightGBM Regressor,-10.0,-9.668
Fold_11,olympics_2016_aus_ven_81_56,olympics_2016,2016,regression,LightGBM Regressor,25.0,10.507
Fold_11,olympics_2016_bra_cro_76_80,olympics_2016,2016,regression,LightGBM Regressor,-4.0,6.45
Fold_11,olympics_2016_bra_ltu_76_82,olympics_2016,2016,regression,LightGBM Regressor,-6.0,0.902
Fold_11,olympics_2016_chn_aus_68_93,olympics_2016,2016,regression,LightGBM Regressor,-25.0,-10.039
Fold_11,olympics_2016_chn_usa_62_119,olympics_2016,2016,regression,LightGBM Regressor,-57.0,-23.104
Fold_11,olympics_2016_cro_esp_72_70,olympics_2016,2016,regression,LightGBM Regressor,2.0,-9.415
Fold_11,olympics_2016_cro_ngr_76_90,olympics_2016,2016,regression,LightGBM Regressor,-14.0,7.723
Fold_11,olympics_2016_cro_srb_83_86,olympics_2016,2016,regression,LightGBM Regressor,-3.0,-1.536
Fold_11,olympics_2016_esp_arg_92_73,olympics_2016,2016,regression,LightGBM Regressor,19.0,3.469
Fold_11,olympics_2016_esp_bra_65_66,olympics_2016,2016,regression,LightGBM Regressor,-1.0,8.026
Fold_11,olympics_2016_esp_fra_92_67,olympics_2016,2016,regression,LightGBM Regressor,25.0,6.449
Fold_11,olympics_2016_esp_ltu_109_59,olympics_2016,2016,regression,LightGBM Regressor,50.0,6.534
Fold_11,olympics_2016_esp_usa_76_82,olympics_2016,2016,regression,LightGBM Regressor,-6.0,-10.055
Fold_11,olympics_2016_fra_chn_88_60,olympics_2016,2016,regression,LightGBM Regressor,28.0,13.209
Fold_11,olympics_2016_fra_ven_96_56,olympics_2016,2016,regression,LightGBM Regressor,40.0,21.476
Fold_11,olympics_2016_ltu_arg_81_73,olympics_2016,2016,regression,LightGBM Regressor,8.0,1.75
Fold_11,olympics_2016_ltu_cro_81_90,olympics_2016,2016,regression,LightGBM Regressor,-9.0,5.237
Fold_11,olympics_2016_ltu_ngr_89_80,olympics_2016,2016,regression,LightGBM Regressor,9.0,8.383
Fold_11,olympics_2016_ngr_arg_66_94,olympics_2016,2016,regression,LightGBM Regressor,-28.0,-8.784
Fold_11,olympics_2016_ngr_bra_69_86,olympics_2016,2016,regression,LightGBM Regressor,-17.0,-10.424
Fold_11,olympics_2016_ngr_esp_87_96,olympics_2016,2016,regression,LightGBM Regressor,-9.0,-11.715
Fold_11,olympics_2016_srb_aus_80_95,olympics_2016,2016,regression,LightGBM Regressor,-15.0,2.591
Fold_11,olympics_2016_srb_chn_94_60,olympics_2016,2016,regression,LightGBM Regressor,34.0,16.056
Fold_11,olympics_2016_srb_fra_75_76,olympics_2016,2016,regression,LightGBM Regressor,-1.0,0.236
Fold_11,olympics_2016_srb_usa_66_96,olympics_2016,2016,regression,LightGBM Regressor,-30.0,-11.174
Fold_11,olympics_2016_usa_arg_105_78,olympics_2016,2016,regression,LightGBM Regressor,27.0,8.558
Fold_11,olympics_2016_usa_fra_100_97,olympics_2016,2016,regression,LightGBM Regressor,3.0,23.329
Fold_11,olympics_2016_usa_srb_94_91,olympics_2016,2016,regression,LightGBM Regressor,3.0,19.37
Fold_11,olympics_2016_usa_ven_113_69,olympics_2016,2016,regression,LightGBM Regressor,44.0,22.107
Fold_11,olympics_2016_ven_chn_72_68,olympics_2016,2016,regression,LightGBM Regressor,4.0,-0.563
Fold_11,olympics_2016_ven_srb_62_86,olympics_2016,2016,regression,LightGBM Regressor,-24.0,-12.927
Fold_12,eurobasket_2017_bel_gbr_103_90,eurobasket_2017,2017,classification,Naive Baseline (50%),1.0,0.5
Fold_12,eurobasket_2017_bel_rus_67_76,eurobasket_2017,2017,classification,Naive Baseline (50%),0.0,0.5
Fold_12,eurobasket_2017_bel_srb_54_74,eurobasket_2017,2017,classification,Naive Baseline (50%),0.0,0.5
Fold_12,eurobasket_2017_cro_esp_73_79,eurobasket_2017,2017,classification,Naive Baseline (50%),0.0,0.5
Fold_12,eurobasket_2017_cro_rou_74_58,eurobasket_2017,2017,classification,Naive Baseline (50%),1.0,0.5
Fold_12,eurobasket_2017_cro_rus_78_101,eurobasket_2017,2017,classification,Naive Baseline (50%),0.0,0.5
Fold_12,eurobasket_2017_cze_cro_69_107,eurobasket_2017,2017,classification,Naive Baseline (50%),0.0,0.5
Fold_12,eurobasket_2017_cze_esp_56_93,eurobasket_2017,2017,classification,Naive Baseline (50%),0.0,0.5
Fold_12,eurobasket_2017_cze_mne_75_88,eurobasket_2017,2017,classification,Naive Baseline (50%),0.0,0.5
Fold_12,eurobasket_2017_esp_mne_99_60,eurobasket_2017,2017,classification,Naive Baseline (50%),1.0,0.5
Fold_12,eurobasket_2017_esp_rou_91_50,eurobasket_2017,2017,classification,Naive Baseline (50%),1.0,0.5
Fold_12,eurobasket_2017_esp_rus_93_85,eurobasket_2017,2017,classification,Naive Baseline (50%),1.0,0.5
Fold_12,eurobasket_2017_esp_slo_72_92,eurobasket_2017,2017,classification,Naive Baseline (50%),0.0,0.5
Fold_12,eurobasket_2017_esp_tur_73_56,eurobasket_2017,2017,classification,Naive Baseline (50%),1.0,0.5
Fold_12,eurobasket_2017_fin_isl_83_79,eurobasket_2017,2017,classification,Naive Baseline (50%),1.0,0.5
Fold_12,eurobasket_2017_fin_ita_57_70,eurobasket_2017,2017,classification,Naive Baseline (50%),0.0,0.5
Fold_12,eurobasket_2017_fin_pol_90_87,eurobasket_2017,2017,classification,Naive Baseline (50%),1.0,0.5
Fold_12,eurobasket_2017_fin_slo_78_81,eurobasket_2017,2017,classification,Naive Baseline (50%),0.0,0.5
Fold_12,eurobasket_2017_fra_fin_84_86,eurobasket_2017,2017,classification,Naive Baseline (50%),0.0,0.5
Fold_12,eurobasket_2017_fra_isl_115_79,eurobasket_2017,2017,classification,Naive Baseline (50%),1.0,0.5
Fold_12,eurobasket_2017_gbr_srb_68_82,eurobasket_2017,2017,classification,Naive Baseline (50%),0.0,0.5
Fold_12,eurobasket_2017_gbr_tur_70_84,eurobasket_2017,2017,classification,Naive Baseline (50%),0.0,0.5
Fold_12,eurobasket_2017_geo_ger_57_67,eurobasket_2017,2017,classification,Naive Baseline (50%),0.0,0.5
Fold_12,eurobasket_2017_geo_ita_69_71,eurobasket_2017,2017,classification,Naive Baseline (50%),0.0,0.5
Fold_12,eurobasket_2017_geo_ukr_81_88,eurobasket_2017,2017,classification,Naive Baseline (50%),0.0,0.5
Fold_12,eurobasket_2017_ger_esp_72_84,eurobasket_2017,2017,classification,Naive Baseline (50%),0.0,0.5
Fold_12,eurobasket_2017_ger_fra_84_81,eurobasket_2017,2017,classification,Naive Baseline (50%),1.0,0.5
Fold_12,eurobasket_2017_ger_isr_80_82,eurobasket_2017,2017,classification,Naive Baseline (50%),0.0,0.5
Fold_12,eurobasket_2017_ger_ltu_72_89,eurobasket_2017,2017,classification,Naive Baseline (50%),0.0,0.5
Fold_12,eurobasket_2017_ger_ukr_75_63,eurobasket_2017,2017,classification,Naive Baseline (50%),1.0,0.5
Fold_12,eurobasket_2017_gre_fin_77_89,eurobasket_2017,2017,classification,Naive Baseline (50%),0.0,0.5
Fold_12,eurobasket_2017_gre_fra_87_95,eurobasket_2017,2017,classification,Naive Baseline (50%),0.0,0.5
Fold_12,eurobasket_2017_gre_pol_95_77,eurobasket_2017,2017,classification,Naive Baseline (50%),1.0,0.5
Fold_12,eurobasket_2017_gre_rus_69_74,eurobasket_2017,2017,classification,Naive Baseline (50%),0.0,0.5
Fold_12,eurobasket_2017_hun_cro_58_67,eurobasket_2017,2017,classification,Naive Baseline (50%),0.0,0.5
Fold_12,eurobasket_2017_hun_cze_85_73,eurobasket_2017,2017,classification,Naive Baseline (50%),1.0,0.5
Fold_12,eurobasket_2017_hun_esp_64_87,eurobasket_2017,2017,classification,Naive Baseline (50%),0.0,0.5
Fold_12,eurobasket_2017_isl_gre_61_90,eurobasket_2017,2017,classification,Naive Baseline (50%),0.0,0.5
Fold_12,eurobasket_2017_isl_slo_75_102,eurobasket_2017,2017,classification,Naive Baseline (50%),0.0,0.5
Fold_12,eurobasket_2017_isr_geo_91_104,eurobasket_2017,2017,classification,Naive Baseline (50%),0.0,0.5
Fold_12,eurobasket_2017_isr_ltu_73_88,eurobasket_2017,2017,classification,Naive Baseline (50%),0.0,0.5
Fold_12,eurobasket_2017_isr_ukr_64_88,eurobasket_2017,2017,classification,Naive Baseline (50%),0.0,0.5
Fold_12,eurobasket_2017_ita_ger_55_61,eurobasket_2017,2017,classification,Naive Baseline (50%),0.0,0.5
Fold_12,eurobasket_2017_ita_isr_69_48,eurobasket_2017,2017,classification,Naive Baseline (50%),1.0,0.5
Fold_12,eurobasket_2017_ita_srb_67_83,eurobasket_2017,2017,classification,Naive Baseline (50%),0.0,0.5
Fold_12,eurobasket_2017_lat_bel_92_64,eurobasket_2017,2017,classification,Naive Baseline (50%),1.0,0.5
Fold_12,eurobasket_2017_lat_gbr_97_92,eurobasket_2017,2017,classification,Naive Baseline (50%),1.0,0.5
Fold_12,eurobasket_2017_lat_mne_100_68,eurobasket_2017,2017,classification,Naive Baseline (50%),1.0,0.5
Fold_12,eurobasket_2017_lat_tur_89_79,eurobasket_2017,2017,classification,Naive Baseline (50%),1.0,0.5
Fold_12,eurobasket_2017_ltu_geo_77_79,eurobasket_2017,2017,classification,Naive Baseline (50%),0.0,0.5
Fold_12,eurobasket_2017_ltu_gre_64_77,eurobasket_2017,2017,classification,Naive Baseline (50%),0.0,0.5
Fold_12,eurobasket_2017_ltu_ita_78_73,eurobasket_2017,2017,classification,Naive Baseline (50%),1.0,0.5
Fold_12,eurobasket_2017_mne_cro_72_76,eurobasket_2017,2017,classification,Naive Baseline (50%),0.0,0.5
Fold_12,eurobasket_2017_mne_hun_72_48,eurobasket_2017,2017,classification,Naive Baseline (50%),1.0,0.5
Fold_12,eurobasket_2017_mne_rou_86_69,eurobasket_2017,2017,classification,Naive Baseline (50%),1.0,0.5
Fold_12,eurobasket_2017_pol_fra_75_78,eurobasket_2017,2017,classification,Naive Baseline (50%),0.0,0.5
Fold_12,eurobasket_2017_pol_isl_91_61,eurobasket_2017,2017,classification,Naive Baseline (50%),1.0,0.5
Fold_12,eurobasket_2017_rou_cze_68_83,eurobasket_2017,2017,classification,Naive Baseline (50%),0.0,0.5
Fold_12,eurobasket_2017_rou_hun_71_80,eurobasket_2017,2017,classification,Naive Baseline (50%),0.0,0.5
Fold_12,eurobasket_2017_rus_gbr_82_70,eurobasket_2017,2017,classification,Naive Baseline (50%),1.0,0.5
Fold_12,eurobasket_2017_rus_lat_69_84,eurobasket_2017,2017,classification,Naive Baseline (50%),0.0,0.5
Fold_12,eurobasket_2017_rus_srb_75_72,eurobasket_2017,2017,classification,Naive Baseline (50%),1.0,0.5
Fold_12,eurobasket_2017_rus_srb_79_87,eurobasket_2017,2017,classification,Naive Baseline (50%),0.0,0.5
Fold_12,eurobasket_2017_slo_fra_95_78,eurobasket_2017,2017,classification,Naive Baseline (50%),1.0,0.5
Fold_12,eurobasket_2017_slo_gre_78_72,eurobasket_2017,2017,classification,Naive Baseline (50%),1.0,0.5
Fold_12,eurobasket_2017_slo_lat_103_97,eurobasket_2017,2017,classification,Naive Baseline (50%),1.0,0.5
Fold_12,eurobasket_2017_slo_pol_90_81,eurobasket_2017,2017,classification,Naive Baseline (50%),1.0,0.5
Fold_12,eurobasket_2017_slo_ukr_79_55,eurobasket_2017,2017,classification,Naive Baseline (50%),1.0,0.5
Fold_12,eurobasket_2017_srb_hun_86_78,eurobasket_2017,2017,classification,Naive Baseline (50%),1.0,0.5
Fold_12,eurobasket_2017_srb_lat_92_82,eurobasket_2017,2017,classification,Naive Baseline (50%),1.0,0.5
Fold_12,eurobasket_2017_srb_tur_80_74,eurobasket_2017,2017,classification,Naive Baseline (50%),1.0,0.5
Fold_12,eurobasket_2017_tur_bel_78_65,eurobasket_2017,2017,classification,Naive Baseline (50%),1.0,0.5
Fold_12,eurobasket_2017_tur_rus_73_76,eurobasket_2017,2017,classification,Naive Baseline (50%),0.0,0.5
Fold_12,eurobasket_2017_ukr_ita_66_78,eurobasket_2017,2017,classification,Naive Baseline (50%),0.0,0.5
Fold_12,eurobasket_2017_ukr_ltu_62_94,eurobasket_2017,2017,classification,Naive Baseline (50%),0.0,0.5
Fold_12,eurobasket_2017_slo_srb_93_85,eurobasket_2017,2017,classification,Naive Baseline (50%),1.0,0.5
Fold_12,eurobasket_2017_bel_gbr_103_90,eurobasket_2017,2017,classification,Logistic Regression L2,1.0,0.5325
Fold_12,eurobasket_2017_bel_rus_67_76,eurobasket_2017,2017,classification,Logistic Regression L2,0.0,0.1995
Fold_12,eurobasket_2017_bel_srb_54_74,eurobasket_2017,2017,classification,Logistic Regression L2,0.0,0.1956
Fold_12,eurobasket_2017_cro_esp_73_79,eurobasket_2017,2017,classification,Logistic Regression L2,0.0,0.2179
Fold_12,eurobasket_2017_cro_rou_74_58,eurobasket_2017,2017,classification,Logistic Regression L2,1.0,0.787
Fold_12,eurobasket_2017_cro_rus_78_101,eurobasket_2017,2017,classification,Logistic Regression L2,0.0,0.5533
Fold_12,eurobasket_2017_cze_cro_69_107,eurobasket_2017,2017,classification,Logistic Regression L2,0.0,0.2876
Fold_12,eurobasket_2017_cze_esp_56_93,eurobasket_2017,2017,classification,Logistic Regression L2,0.0,0.0967
Fold_12,eurobasket_2017_cze_mne_75_88,eurobasket_2017,2017,classification,Logistic Regression L2,0.0,0.5857
Fold_12,eurobasket_2017_esp_mne_99_60,eurobasket_2017,2017,classification,Logistic Regression L2,1.0,0.9328
Fold_12,eurobasket_2017_esp_rou_91_50,eurobasket_2017,2017,classification,Logistic Regression L2,1.0,0.933
Fold_12,eurobasket_2017_esp_rus_93_85,eurobasket_2017,2017,classification,Logistic Regression L2,1.0,0.8237
Fold_12,eurobasket_2017_esp_slo_72_92,eurobasket_2017,2017,classification,Logistic Regression L2,0.0,0.8141
Fold_12,eurobasket_2017_esp_tur_73_56,eurobasket_2017,2017,classification,Logistic Regression L2,1.0,0.8667
Fold_12,eurobasket_2017_fin_isl_83_79,eurobasket_2017,2017,classification,Logistic Regression L2,1.0,0.7425
Fold_12,eurobasket_2017_fin_ita_57_70,eurobasket_2017,2017,classification,Logistic Regression L2,0.0,0.4622
Fold_12,eurobasket_2017_fin_pol_90_87,eurobasket_2017,2017,classification,Logistic Regression L2,1.0,0.5502
Fold_12,eurobasket_2017_fin_slo_78_81,eurobasket_2017,2017,classification,Logistic Regression L2,0.0,0.2371
Fold_12,eurobasket_2017_fra_fin_84_86,eurobasket_2017,2017,classification,Logistic Regression L2,0.0,0.8422
Fold_12,eurobasket_2017_fra_isl_115_79,eurobasket_2017,2017,classification,Logistic Regression L2,1.0,0.9361
Fold_12,eurobasket_2017_gbr_srb_68_82,eurobasket_2017,2017,classification,Logistic Regression L2,0.0,0.1832
Fold_12,eurobasket_2017_gbr_tur_70_84,eurobasket_2017,2017,classification,Logistic Regression L2,0.0,0.2425
Fold_12,eurobasket_2017_geo_ger_57_67,eurobasket_2017,2017,classification,Logistic Regression L2,0.0,0.3426
Fold_12,eurobasket_2017_geo_ita_69_71,eurobasket_2017,2017,classification,Logistic Regression L2,0.0,0.3713
Fold_12,eurobasket_2017_geo_ukr_81_88,eurobasket_2017,2017,classification,Logistic Regression L2,0.0,0.5185
Fold_12,eurobasket_2017_ger_esp_72_84,eurobasket_2017,2017,classification,Logistic Regression L2,0.0,0.2276
Fold_12,eurobasket_2017_ger_fra_84_81,eurobasket_2017,2017,classification,Logistic Regression L2,1.0,0.3656
Fold_12,eurobasket_2017_ger_isr_80_82,eurobasket_2017,2017,classification,Logistic Regression L2,0.0,0.7089
Fold_12,eurobasket_2017_ger_ltu_72_89,eurobasket_2017,2017,classification,Logistic Regression L2,0.0,0.2753
Fold_12,eurobasket_2017_ger_ukr_75_63,eurobasket_2017,2017,classification,Logistic Regression L2,1.0,0.6847
Fold_12,eurobasket_2017_gre_fin_77_89,eurobasket_2017,2017,classification,Logistic Regression L2,0.0,0.82
Fold_12,eurobasket_2017_gre_fra_87_95,eurobasket_2017,2017,classification,Logistic Regression L2,0.0,0.4727
Fold_12,eurobasket_2017_gre_pol_95_77,eurobasket_2017,2017,classification,Logistic Regression L2,1.0,0.8413
Fold_12,eurobasket_2017_gre_rus_69_74,eurobasket_2017,2017,classification,Logistic Regression L2,0.0,0.6708
Fold_12,eurobasket_2017_hun_cro_58_67,eurobasket_2017,2017,classification,Logistic Regression L2,0.0,0.2301
Fold_12,eurobasket_2017_hun_cze_85_73,eurobasket_2017,2017,classification,Logistic Regression L2,1.0,0.4375
Fold_12,eurobasket_2017_hun_esp_64_87,eurobasket_2017,2017,classification,Logistic Regression L2,0.0,0.0735
Fold_12,eurobasket_2017_isl_gre_61_90,eurobasket_2017,2017,classification,Logistic Regression L2,0.0,0.0812
Fold_12,eurobasket_2017_isl_slo_75_102,eurobasket_2017,2017,classification,Logistic Regression L2,0.0,0.1018
Fold_12,eurobasket_2017_isr_geo_91_104,eurobasket_2017,2017,classification,Logistic Regression L2,0.0,0.4775
Fold_12,eurobasket_2017_isr_ltu_73_88,eurobasket_2017,2017,classification,Logistic Regression L2,0.0,0.1408
Fold_12,eurobasket_2017_isr_ukr_64_88,eurobasket_2017,2017,classification,Logistic Regression L2,0.0,0.4837
Fold_12,eurobasket_2017_ita_ger_55_61,eurobasket_2017,2017,classification,Logistic Regression L2,0.0,0.4812
Fold_12,eurobasket_2017_ita_isr_69_48,eurobasket_2017,2017,classification,Logistic Regression L2,1.0,0.6825
Fold_12,eurobasket_2017_ita_srb_67_83,eurobasket_2017,2017,classification,Logistic Regression L2,0.0,0.4429
Fold_12,eurobasket_2017_lat_bel_92_64,eurobasket_2017,2017,classification,Logistic Regression L2,1.0,0.6103
Fold_12,eurobasket_2017_lat_gbr_97_92,eurobasket_2017,2017,classification,Logistic Regression L2,1.0,0.6294
Fold_12,eurobasket_2017_lat_mne_100_68,eurobasket_2017,2017,classification,Logistic Regression L2,1.0,0.6894
Fold_12,eurobasket_2017_lat_tur_89_79,eurobasket_2017,2017,classification,Logistic Regression L2,1.0,0.341
Fold_12,eurobasket_2017_ltu_geo_77_79,eurobasket_2017,2017,classification,Logistic Regression L2,0.0,0.8542
Fold_12,eurobasket_2017_ltu_gre_64_77,eurobasket_2017,2017,classification,Logistic Regression L2,0.0,0.6514
Fold_12,eurobasket_2017_ltu_ita_78_73,eurobasket_2017,2017,classification,Logistic Regression L2,1.0,0.7671
Fold_12,eurobasket_2017_mne_cro_72_76,eurobasket_2017,2017,classification,Logistic Regression L2,0.0,0.2308
Fold_12,eurobasket_2017_mne_hun_72_48,eurobasket_2017,2017,classification,Logistic Regression L2,1.0,0.5134
Fold_12,eurobasket_2017_mne_rou_86_69,eurobasket_2017,2017,classification,Logistic Regression L2,1.0,0.5134
Fold_12,eurobasket_2017_pol_fra_75_78,eurobasket_2017,2017,classification,Logistic Regression L2,0.0,0.1509
Fold_12,eurobasket_2017_pol_isl_91_61,eurobasket_2017,2017,classification,Logistic Regression L2,1.0,0.7124
Fold_12,eurobasket_2017_rou_cze_68_83,eurobasket_2017,2017,classification,Logistic Regression L2,0.0,0.4375
Fold_12,eurobasket_2017_rou_hun_71_80,eurobasket_2017,2017,classification,Logistic Regression L2,0.0,0.5124
Fold_12,eurobasket_2017_rus_gbr_82_70,eurobasket_2017,2017,classification,Logistic Regression L2,1.0,0.8276
Fold_12,eurobasket_2017_rus_lat_69_84,eurobasket_2017,2017,classification,Logistic Regression L2,0.0,0.7482
Fold_12,eurobasket_2017_rus_srb_75_72,eurobasket_2017,2017,classification,Logistic Regression L2,1.0,0.5062
Fold_12,eurobasket_2017_rus_srb_79_87,eurobasket_2017,2017,classification,Logistic Regression L2,0.0,0.5925
Fold_12,eurobasket_2017_slo_fra_95_78,eurobasket_2017,2017,classification,Logistic Regression L2,1.0,0.4115
Fold_12,eurobasket_2017_slo_gre_78_72,eurobasket_2017,2017,classification,Logistic Regression L2,1.0,0.4504
Fold_12,eurobasket_2017_slo_lat_103_97,eurobasket_2017,2017,classification,Logistic Regression L2,1.0,0.818
Fold_12,eurobasket_2017_slo_pol_90_81,eurobasket_2017,2017,classification,Logistic Regression L2,1.0,0.8053
Fold_12,eurobasket_2017_slo_ukr_79_55,eurobasket_2017,2017,classification,Logistic Regression L2,1.0,0.8413
Fold_12,eurobasket_2017_srb_hun_86_78,eurobasket_2017,2017,classification,Logistic Regression L2,1.0,0.866
Fold_12,eurobasket_2017_srb_lat_92_82,eurobasket_2017,2017,classification,Logistic Regression L2,1.0,0.7528
Fold_12,eurobasket_2017_srb_tur_80_74,eurobasket_2017,2017,classification,Logistic Regression L2,1.0,0.6
Fold_12,eurobasket_2017_tur_bel_78_65,eurobasket_2017,2017,classification,Logistic Regression L2,1.0,0.7608
Fold_12,eurobasket_2017_tur_rus_73_76,eurobasket_2017,2017,classification,Logistic Regression L2,0.0,0.43
Fold_12,eurobasket_2017_ukr_ita_66_78,eurobasket_2017,2017,classification,Logistic Regression L2,0.0,0.3655
Fold_12,eurobasket_2017_ukr_ltu_62_94,eurobasket_2017,2017,classification,Logistic Regression L2,0.0,0.1553
Fold_12,eurobasket_2017_slo_srb_93_85,eurobasket_2017,2017,classification,Logistic Regression L2,1.0,0.6351
Fold_12,eurobasket_2017_bel_gbr_103_90,eurobasket_2017,2017,classification,ElasticNet Classifier,1.0,0.5546
Fold_12,eurobasket_2017_bel_rus_67_76,eurobasket_2017,2017,classification,ElasticNet Classifier,0.0,0.2074
Fold_12,eurobasket_2017_bel_srb_54_74,eurobasket_2017,2017,classification,ElasticNet Classifier,0.0,0.2039
Fold_12,eurobasket_2017_cro_esp_73_79,eurobasket_2017,2017,classification,ElasticNet Classifier,0.0,0.229
Fold_12,eurobasket_2017_cro_rou_74_58,eurobasket_2017,2017,classification,ElasticNet Classifier,1.0,0.7953
Fold_12,eurobasket_2017_cro_rus_78_101,eurobasket_2017,2017,classification,ElasticNet Classifier,0.0,0.524
Fold_12,eurobasket_2017_cze_cro_69_107,eurobasket_2017,2017,classification,ElasticNet Classifier,0.0,0.2952
Fold_12,eurobasket_2017_cze_esp_56_93,eurobasket_2017,2017,classification,ElasticNet Classifier,0.0,0.0986
Fold_12,eurobasket_2017_cze_mne_75_88,eurobasket_2017,2017,classification,ElasticNet Classifier,0.0,0.6048
Fold_12,eurobasket_2017_esp_mne_99_60,eurobasket_2017,2017,classification,ElasticNet Classifier,1.0,0.9408
Fold_12,eurobasket_2017_esp_rou_91_50,eurobasket_2017,2017,classification,ElasticNet Classifier,1.0,0.937
Fold_12,eurobasket_2017_esp_rus_93_85,eurobasket_2017,2017,classification,ElasticNet Classifier,1.0,0.8082
Fold_12,eurobasket_2017_esp_slo_72_92,eurobasket_2017,2017,classification,ElasticNet Classifier,0.0,0.7973
Fold_12,eurobasket_2017_esp_tur_73_56,eurobasket_2017,2017,classification,ElasticNet Classifier,1.0,0.8547
Fold_12,eurobasket_2017_fin_isl_83_79,eurobasket_2017,2017,classification,ElasticNet Classifier,1.0,0.7598
Fold_12,eurobasket_2017_fin_ita_57_70,eurobasket_2017,2017,classification,ElasticNet Classifier,0.0,0.4302
Fold_12,eurobasket_2017_fin_pol_90_87,eurobasket_2017,2017,classification,ElasticNet Classifier,1.0,0.57
Fold_12,eurobasket_2017_fin_slo_78_81,eurobasket_2017,2017,classification,ElasticNet Classifier,0.0,0.2453
Fold_12,eurobasket_2017_fra_fin_84_86,eurobasket_2017,2017,classification,ElasticNet Classifier,0.0,0.8585
Fold_12,eurobasket_2017_fra_isl_115_79,eurobasket_2017,2017,classification,ElasticNet Classifier,1.0,0.9441
Fold_12,eurobasket_2017_gbr_srb_68_82,eurobasket_2017,2017,classification,ElasticNet Classifier,0.0,0.1896
Fold_12,eurobasket_2017_gbr_tur_70_84,eurobasket_2017,2017,classification,ElasticNet Classifier,0.0,0.2501
Fold_12,eurobasket_2017_geo_ger_57_67,eurobasket_2017,2017,classification,ElasticNet Classifier,0.0,0.3539
Fold_12,eurobasket_2017_geo_ita_69_71,eurobasket_2017,2017,classification,ElasticNet Classifier,0.0,0.3868
Fold_12,eurobasket_2017_geo_ukr_81_88,eurobasket_2017,2017,classification,ElasticNet Classifier,0.0,0.5354
Fold_12,eurobasket_2017_ger_esp_72_84,eurobasket_2017,2017,classification,ElasticNet Classifier,0.0,0.2028
Fold_12,eurobasket_2017_ger_fra_84_81,eurobasket_2017,2017,classification,ElasticNet Classifier,1.0,0.3322
Fold_12,eurobasket_2017_ger_isr_80_82,eurobasket_2017,2017,classification,ElasticNet Classifier,0.0,0.7297
Fold_12,eurobasket_2017_ger_ltu_72_89,eurobasket_2017,2017,classification,ElasticNet Classifier,0.0,0.2854
Fold_12,eurobasket_2017_ger_ukr_75_63,eurobasket_2017,2017,classification,ElasticNet Classifier,1.0,0.7052
Fold_12,eurobasket_2017_gre_fin_77_89,eurobasket_2017,2017,classification,ElasticNet Classifier,0.0,0.8366
Fold_12,eurobasket_2017_gre_fra_87_95,eurobasket_2017,2017,classification,ElasticNet Classifier,0.0,0.4896
Fold_12,eurobasket_2017_gre_pol_95_77,eurobasket_2017,2017,classification,ElasticNet Classifier,1.0,0.8564
Fold_12,eurobasket_2017_gre_rus_69_74,eurobasket_2017,2017,classification,ElasticNet Classifier,0.0,0.6452
Fold_12,eurobasket_2017_hun_cro_58_67,eurobasket_2017,2017,classification,ElasticNet Classifier,0.0,0.2497
Fold_12,eurobasket_2017_hun_cze_85_73,eurobasket_2017,2017,classification,ElasticNet Classifier,1.0,0.4747
Fold_12,eurobasket_2017_hun_esp_64_87,eurobasket_2017,2017,classification,ElasticNet Classifier,0.0,0.08
Fold_12,eurobasket_2017_isl_gre_61_90,eurobasket_2017,2017,classification,ElasticNet Classifier,0.0,0.0833
Fold_12,eurobasket_2017_isl_slo_75_102,eurobasket_2017,2017,classification,ElasticNet Classifier,0.0,0.1046
Fold_12,eurobasket_2017_isr_geo_91_104,eurobasket_2017,2017,classification,ElasticNet Classifier,0.0,0.4986
Fold_12,eurobasket_2017_isr_ltu_73_88,eurobasket_2017,2017,classification,ElasticNet Classifier,0.0,0.144
Fold_12,eurobasket_2017_isr_ukr_64_88,eurobasket_2017,2017,classification,ElasticNet Classifier,0.0,0.5019
Fold_12,eurobasket_2017_ita_ger_55_61,eurobasket_2017,2017,classification,ElasticNet Classifier,0.0,0.4968
Fold_12,eurobasket_2017_ita_isr_69_48,eurobasket_2017,2017,classification,ElasticNet Classifier,1.0,0.701
Fold_12,eurobasket_2017_ita_srb_67_83,eurobasket_2017,2017,classification,ElasticNet Classifier,0.0,0.4085
Fold_12,eurobasket_2017_lat_bel_92_64,eurobasket_2017,2017,classification,ElasticNet Classifier,1.0,0.6301
Fold_12,eurobasket_2017_lat_gbr_97_92,eurobasket_2017,2017,classification,ElasticNet Classifier,1.0,0.651
Fold_12,eurobasket_2017_lat_mne_100_68,eurobasket_2017,2017,classification,ElasticNet Classifier,1.0,0.6657
Fold_12,eurobasket_2017_lat_tur_89_79,eurobasket_2017,2017,classification,ElasticNet Classifier,1.0,0.3536
Fold_12,eurobasket_2017_ltu_geo_77_79,eurobasket_2017,2017,classification,ElasticNet Classifier,0.0,0.8705
Fold_12,eurobasket_2017_ltu_gre_64_77,eurobasket_2017,2017,classification,ElasticNet Classifier,0.0,0.6267
Fold_12,eurobasket_2017_ltu_ita_78_73,eurobasket_2017,2017,classification,ElasticNet Classifier,1.0,0.7885
Fold_12,eurobasket_2017_mne_cro_72_76,eurobasket_2017,2017,classification,ElasticNet Classifier,0.0,0.2374
Fold_12,eurobasket_2017_mne_hun_72_48,eurobasket_2017,2017,classification,ElasticNet Classifier,1.0,0.5154
Fold_12,eurobasket_2017_mne_rou_86_69,eurobasket_2017,2017,classification,ElasticNet Classifier,1.0,0.5154
Fold_12,eurobasket_2017_pol_fra_75_78,eurobasket_2017,2017,classification,ElasticNet Classifier,0.0,0.1546
Fold_12,eurobasket_2017_pol_isl_91_61,eurobasket_2017,2017,classification,ElasticNet Classifier,1.0,0.7307
Fold_12,eurobasket_2017_rou_cze_68_83,eurobasket_2017,2017,classification,ElasticNet Classifier,0.0,0.4747
Fold_12,eurobasket_2017_rou_hun_71_80,eurobasket_2017,2017,classification,ElasticNet Classifier,0.0,0.5321
Fold_12,eurobasket_2017_rus_gbr_82_70,eurobasket_2017,2017,classification,ElasticNet Classifier,1.0,0.844
Fold_12,eurobasket_2017_rus_lat_69_84,eurobasket_2017,2017,classification,ElasticNet Classifier,0.0,0.7673
Fold_12,eurobasket_2017_rus_srb_75_72,eurobasket_2017,2017,classification,ElasticNet Classifier,1.0,0.5267
Fold_12,eurobasket_2017_rus_srb_79_87,eurobasket_2017,2017,classification,ElasticNet Classifier,0.0,0.5635
Fold_12,eurobasket_2017_slo_fra_95_78,eurobasket_2017,2017,classification,ElasticNet Classifier,1.0,0.4272
Fold_12,eurobasket_2017_slo_gre_78_72,eurobasket_2017,2017,classification,ElasticNet Classifier,1.0,0.4692
Fold_12,eurobasket_2017_slo_lat_103_97,eurobasket_2017,2017,classification,ElasticNet Classifier,1.0,0.8039
Fold_12,eurobasket_2017_slo_pol_90_81,eurobasket_2017,2017,classification,ElasticNet Classifier,1.0,0.8226
Fold_12,eurobasket_2017_slo_ukr_79_55,eurobasket_2017,2017,classification,ElasticNet Classifier,1.0,0.8284
Fold_12,eurobasket_2017_srb_hun_86_78,eurobasket_2017,2017,classification,ElasticNet Classifier,1.0,0.8466
Fold_12,eurobasket_2017_srb_lat_92_82,eurobasket_2017,2017,classification,ElasticNet Classifier,1.0,0.7712
Fold_12,eurobasket_2017_srb_tur_80_74,eurobasket_2017,2017,classification,ElasticNet Classifier,1.0,0.6185
Fold_12,eurobasket_2017_tur_bel_78_65,eurobasket_2017,2017,classification,ElasticNet Classifier,1.0,0.7798
Fold_12,eurobasket_2017_tur_rus_73_76,eurobasket_2017,2017,classification,ElasticNet Classifier,0.0,0.449
Fold_12,eurobasket_2017_ukr_ita_66_78,eurobasket_2017,2017,classification,ElasticNet Classifier,0.0,0.3836
Fold_12,eurobasket_2017_ukr_ltu_62_94,eurobasket_2017,2017,classification,ElasticNet Classifier,0.0,0.1595
Fold_12,eurobasket_2017_slo_srb_93_85,eurobasket_2017,2017,classification,ElasticNet Classifier,1.0,0.6085
Fold_12,eurobasket_2017_bel_gbr_103_90,eurobasket_2017,2017,classification,LightGBM Classifier,1.0,0.6664
Fold_12,eurobasket_2017_bel_rus_67_76,eurobasket_2017,2017,classification,LightGBM Classifier,0.0,0.3992
Fold_12,eurobasket_2017_bel_srb_54_74,eurobasket_2017,2017,classification,LightGBM Classifier,0.0,0.3759
Fold_12,eurobasket_2017_cro_esp_73_79,eurobasket_2017,2017,classification,LightGBM Classifier,0.0,0.2783
Fold_12,eurobasket_2017_cro_rou_74_58,eurobasket_2017,2017,classification,LightGBM Classifier,1.0,0.8467
Fold_12,eurobasket_2017_cro_rus_78_101,eurobasket_2017,2017,classification,LightGBM Classifier,0.0,0.4626
Fold_12,eurobasket_2017_cze_cro_69_107,eurobasket_2017,2017,classification,LightGBM Classifier,0.0,0.4284
Fold_12,eurobasket_2017_cze_esp_56_93,eurobasket_2017,2017,classification,LightGBM Classifier,0.0,0.1357
Fold_12,eurobasket_2017_cze_mne_75_88,eurobasket_2017,2017,classification,LightGBM Classifier,0.0,0.4894
Fold_12,eurobasket_2017_esp_mne_99_60,eurobasket_2017,2017,classification,LightGBM Classifier,1.0,0.7946
Fold_12,eurobasket_2017_esp_rou_91_50,eurobasket_2017,2017,classification,LightGBM Classifier,1.0,0.8946
Fold_12,eurobasket_2017_esp_rus_93_85,eurobasket_2017,2017,classification,LightGBM Classifier,1.0,0.7671
Fold_12,eurobasket_2017_esp_slo_72_92,eurobasket_2017,2017,classification,LightGBM Classifier,0.0,0.7671
Fold_12,eurobasket_2017_esp_tur_73_56,eurobasket_2017,2017,classification,LightGBM Classifier,1.0,0.7434
Fold_12,eurobasket_2017_fin_isl_83_79,eurobasket_2017,2017,classification,LightGBM Classifier,1.0,0.8018
Fold_12,eurobasket_2017_fin_ita_57_70,eurobasket_2017,2017,classification,LightGBM Classifier,0.0,0.4334
Fold_12,eurobasket_2017_fin_pol_90_87,eurobasket_2017,2017,classification,LightGBM Classifier,1.0,0.4833
Fold_12,eurobasket_2017_fin_slo_78_81,eurobasket_2017,2017,classification,LightGBM Classifier,0.0,0.3903
Fold_12,eurobasket_2017_fra_fin_84_86,eurobasket_2017,2017,classification,LightGBM Classifier,0.0,0.5915
Fold_12,eurobasket_2017_fra_isl_115_79,eurobasket_2017,2017,classification,LightGBM Classifier,1.0,0.8626
Fold_12,eurobasket_2017_gbr_srb_68_82,eurobasket_2017,2017,classification,LightGBM Classifier,0.0,0.328
Fold_12,eurobasket_2017_gbr_tur_70_84,eurobasket_2017,2017,classification,LightGBM Classifier,0.0,0.393
Fold_12,eurobasket_2017_geo_ger_57_67,eurobasket_2017,2017,classification,LightGBM Classifier,0.0,0.5946
Fold_12,eurobasket_2017_geo_ita_69_71,eurobasket_2017,2017,classification,LightGBM Classifier,0.0,0.4834
Fold_12,eurobasket_2017_geo_ukr_81_88,eurobasket_2017,2017,classification,LightGBM Classifier,0.0,0.5363
Fold_12,eurobasket_2017_ger_esp_72_84,eurobasket_2017,2017,classification,LightGBM Classifier,0.0,0.1877
Fold_12,eurobasket_2017_ger_fra_84_81,eurobasket_2017,2017,classification,LightGBM Classifier,1.0,0.4071
Fold_12,eurobasket_2017_ger_isr_80_82,eurobasket_2017,2017,classification,LightGBM Classifier,0.0,0.614
Fold_12,eurobasket_2017_ger_ltu_72_89,eurobasket_2017,2017,classification,LightGBM Classifier,0.0,0.3571
Fold_12,eurobasket_2017_ger_ukr_75_63,eurobasket_2017,2017,classification,LightGBM Classifier,1.0,0.5179
Fold_12,eurobasket_2017_gre_fin_77_89,eurobasket_2017,2017,classification,LightGBM Classifier,0.0,0.7924
Fold_12,eurobasket_2017_gre_fra_87_95,eurobasket_2017,2017,classification,LightGBM Classifier,0.0,0.4151
Fold_12,eurobasket_2017_gre_pol_95_77,eurobasket_2017,2017,classification,LightGBM Classifier,1.0,0.7924
Fold_12,eurobasket_2017_gre_rus_69_74,eurobasket_2017,2017,classification,LightGBM Classifier,0.0,0.5304
Fold_12,eurobasket_2017_hun_cro_58_67,eurobasket_2017,2017,classification,LightGBM Classifier,0.0,0.0978
Fold_12,eurobasket_2017_hun_cze_85_73,eurobasket_2017,2017,classification,LightGBM Classifier,1.0,0.2012
Fold_12,eurobasket_2017_hun_esp_64_87,eurobasket_2017,2017,classification,LightGBM Classifier,0.0,0.036
Fold_12,eurobasket_2017_isl_gre_61_90,eurobasket_2017,2017,classification,LightGBM Classifier,0.0,0.1234
Fold_12,eurobasket_2017_isl_slo_75_102,eurobasket_2017,2017,classification,LightGBM Classifier,0.0,0.0801
Fold_12,eurobasket_2017_isr_geo_91_104,eurobasket_2017,2017,classification,LightGBM Classifier,0.0,0.4361
Fold_12,eurobasket_2017_isr_ltu_73_88,eurobasket_2017,2017,classification,LightGBM Classifier,0.0,0.2206
Fold_12,eurobasket_2017_isr_ukr_64_88,eurobasket_2017,2017,classification,LightGBM Classifier,0.0,0.5266
Fold_12,eurobasket_2017_ita_ger_55_61,eurobasket_2017,2017,classification,LightGBM Classifier,0.0,0.51
Fold_12,eurobasket_2017_ita_isr_69_48,eurobasket_2017,2017,classification,LightGBM Classifier,1.0,0.5513
Fold_12,eurobasket_2017_ita_srb_67_83,eurobasket_2017,2017,classification,LightGBM Classifier,0.0,0.5011
Fold_12,eurobasket_2017_lat_bel_92_64,eurobasket_2017,2017,classification,LightGBM Classifier,1.0,0.5729
Fold_12,eurobasket_2017_lat_gbr_97_92,eurobasket_2017,2017,classification,LightGBM Classifier,1.0,0.5178
Fold_12,eurobasket_2017_lat_mne_100_68,eurobasket_2017,2017,classification,LightGBM Classifier,1.0,0.6589
Fold_12,eurobasket_2017_lat_tur_89_79,eurobasket_2017,2017,classification,LightGBM Classifier,1.0,0.4856
Fold_12,eurobasket_2017_ltu_geo_77_79,eurobasket_2017,2017,classification,LightGBM Classifier,0.0,0.6057
Fold_12,eurobasket_2017_ltu_gre_64_77,eurobasket_2017,2017,classification,LightGBM Classifier,0.0,0.6247
Fold_12,eurobasket_2017_ltu_ita_78_73,eurobasket_2017,2017,classification,LightGBM Classifier,1.0,0.6848
Fold_12,eurobasket_2017_mne_cro_72_76,eurobasket_2017,2017,classification,LightGBM Classifier,0.0,0.281
Fold_12,eurobasket_2017_mne_hun_72_48,eurobasket_2017,2017,classification,LightGBM Classifier,1.0,0.7233
Fold_12,eurobasket_2017_mne_rou_86_69,eurobasket_2017,2017,classification,LightGBM Classifier,1.0,0.7233
Fold_12,eurobasket_2017_pol_fra_75_78,eurobasket_2017,2017,classification,LightGBM Classifier,0.0,0.2092
Fold_12,eurobasket_2017_pol_isl_91_61,eurobasket_2017,2017,classification,LightGBM Classifier,1.0,0.8018
Fold_12,eurobasket_2017_rou_cze_68_83,eurobasket_2017,2017,classification,LightGBM Classifier,0.0,0.2012
Fold_12,eurobasket_2017_rou_hun_71_80,eurobasket_2017,2017,classification,LightGBM Classifier,0.0,0.4757
Fold_12,eurobasket_2017_rus_gbr_82_70,eurobasket_2017,2017,classification,LightGBM Classifier,1.0,0.6794
Fold_12,eurobasket_2017_rus_lat_69_84,eurobasket_2017,2017,classification,LightGBM Classifier,0.0,0.6057
Fold_12,eurobasket_2017_rus_srb_75_72,eurobasket_2017,2017,classification,LightGBM Classifier,1.0,0.5605
Fold_12,eurobasket_2017_rus_srb_79_87,eurobasket_2017,2017,classification,LightGBM Classifier,0.0,0.6128
Fold_12,eurobasket_2017_slo_fra_95_78,eurobasket_2017,2017,classification,LightGBM Classifier,1.0,0.4786
Fold_12,eurobasket_2017_slo_gre_78_72,eurobasket_2017,2017,classification,LightGBM Classifier,1.0,0.4389
Fold_12,eurobasket_2017_slo_lat_103_97,eurobasket_2017,2017,classification,LightGBM Classifier,1.0,0.6878
Fold_12,eurobasket_2017_slo_pol_90_81,eurobasket_2017,2017,classification,LightGBM Classifier,1.0,0.6057
Fold_12,eurobasket_2017_slo_ukr_79_55,eurobasket_2017,2017,classification,LightGBM Classifier,1.0,0.7705
Fold_12,eurobasket_2017_srb_hun_86_78,eurobasket_2017,2017,classification,LightGBM Classifier,1.0,0.8803
Fold_12,eurobasket_2017_srb_lat_92_82,eurobasket_2017,2017,classification,LightGBM Classifier,1.0,0.689
Fold_12,eurobasket_2017_srb_tur_80_74,eurobasket_2017,2017,classification,LightGBM Classifier,1.0,0.6869
Fold_12,eurobasket_2017_tur_bel_78_65,eurobasket_2017,2017,classification,LightGBM Classifier,1.0,0.6652
Fold_12,eurobasket_2017_tur_rus_73_76,eurobasket_2017,2017,classification,LightGBM Classifier,0.0,0.4361
Fold_12,eurobasket_2017_ukr_ita_66_78,eurobasket_2017,2017,classification,LightGBM Classifier,0.0,0.3898
Fold_12,eurobasket_2017_ukr_ltu_62_94,eurobasket_2017,2017,classification,LightGBM Classifier,0.0,0.2398
Fold_12,eurobasket_2017_slo_srb_93_85,eurobasket_2017,2017,classification,LightGBM Classifier,1.0,0.5635
Fold_12,eurobasket_2017_bel_gbr_103_90,eurobasket_2017,2017,regression,Naive Margin (0.0 pts),13.0,0.0
Fold_12,eurobasket_2017_bel_rus_67_76,eurobasket_2017,2017,regression,Naive Margin (0.0 pts),-9.0,0.0
Fold_12,eurobasket_2017_bel_srb_54_74,eurobasket_2017,2017,regression,Naive Margin (0.0 pts),-20.0,0.0
Fold_12,eurobasket_2017_cro_esp_73_79,eurobasket_2017,2017,regression,Naive Margin (0.0 pts),-6.0,0.0
Fold_12,eurobasket_2017_cro_rou_74_58,eurobasket_2017,2017,regression,Naive Margin (0.0 pts),16.0,0.0
Fold_12,eurobasket_2017_cro_rus_78_101,eurobasket_2017,2017,regression,Naive Margin (0.0 pts),-23.0,0.0
Fold_12,eurobasket_2017_cze_cro_69_107,eurobasket_2017,2017,regression,Naive Margin (0.0 pts),-38.0,0.0
Fold_12,eurobasket_2017_cze_esp_56_93,eurobasket_2017,2017,regression,Naive Margin (0.0 pts),-37.0,0.0
Fold_12,eurobasket_2017_cze_mne_75_88,eurobasket_2017,2017,regression,Naive Margin (0.0 pts),-13.0,0.0
Fold_12,eurobasket_2017_esp_mne_99_60,eurobasket_2017,2017,regression,Naive Margin (0.0 pts),39.0,0.0
Fold_12,eurobasket_2017_esp_rou_91_50,eurobasket_2017,2017,regression,Naive Margin (0.0 pts),41.0,0.0
Fold_12,eurobasket_2017_esp_rus_93_85,eurobasket_2017,2017,regression,Naive Margin (0.0 pts),8.0,0.0
Fold_12,eurobasket_2017_esp_slo_72_92,eurobasket_2017,2017,regression,Naive Margin (0.0 pts),-20.0,0.0
Fold_12,eurobasket_2017_esp_tur_73_56,eurobasket_2017,2017,regression,Naive Margin (0.0 pts),17.0,0.0
Fold_12,eurobasket_2017_fin_isl_83_79,eurobasket_2017,2017,regression,Naive Margin (0.0 pts),4.0,0.0
Fold_12,eurobasket_2017_fin_ita_57_70,eurobasket_2017,2017,regression,Naive Margin (0.0 pts),-13.0,0.0
Fold_12,eurobasket_2017_fin_pol_90_87,eurobasket_2017,2017,regression,Naive Margin (0.0 pts),3.0,0.0
Fold_12,eurobasket_2017_fin_slo_78_81,eurobasket_2017,2017,regression,Naive Margin (0.0 pts),-3.0,0.0
Fold_12,eurobasket_2017_fra_fin_84_86,eurobasket_2017,2017,regression,Naive Margin (0.0 pts),-2.0,0.0
Fold_12,eurobasket_2017_fra_isl_115_79,eurobasket_2017,2017,regression,Naive Margin (0.0 pts),36.0,0.0
Fold_12,eurobasket_2017_gbr_srb_68_82,eurobasket_2017,2017,regression,Naive Margin (0.0 pts),-14.0,0.0
Fold_12,eurobasket_2017_gbr_tur_70_84,eurobasket_2017,2017,regression,Naive Margin (0.0 pts),-14.0,0.0
Fold_12,eurobasket_2017_geo_ger_57_67,eurobasket_2017,2017,regression,Naive Margin (0.0 pts),-10.0,0.0
Fold_12,eurobasket_2017_geo_ita_69_71,eurobasket_2017,2017,regression,Naive Margin (0.0 pts),-2.0,0.0
Fold_12,eurobasket_2017_geo_ukr_81_88,eurobasket_2017,2017,regression,Naive Margin (0.0 pts),-7.0,0.0
Fold_12,eurobasket_2017_ger_esp_72_84,eurobasket_2017,2017,regression,Naive Margin (0.0 pts),-12.0,0.0
Fold_12,eurobasket_2017_ger_fra_84_81,eurobasket_2017,2017,regression,Naive Margin (0.0 pts),3.0,0.0
Fold_12,eurobasket_2017_ger_isr_80_82,eurobasket_2017,2017,regression,Naive Margin (0.0 pts),-2.0,0.0
Fold_12,eurobasket_2017_ger_ltu_72_89,eurobasket_2017,2017,regression,Naive Margin (0.0 pts),-17.0,0.0
Fold_12,eurobasket_2017_ger_ukr_75_63,eurobasket_2017,2017,regression,Naive Margin (0.0 pts),12.0,0.0
Fold_12,eurobasket_2017_gre_fin_77_89,eurobasket_2017,2017,regression,Naive Margin (0.0 pts),-12.0,0.0
Fold_12,eurobasket_2017_gre_fra_87_95,eurobasket_2017,2017,regression,Naive Margin (0.0 pts),-8.0,0.0
Fold_12,eurobasket_2017_gre_pol_95_77,eurobasket_2017,2017,regression,Naive Margin (0.0 pts),18.0,0.0
Fold_12,eurobasket_2017_gre_rus_69_74,eurobasket_2017,2017,regression,Naive Margin (0.0 pts),-5.0,0.0
Fold_12,eurobasket_2017_hun_cro_58_67,eurobasket_2017,2017,regression,Naive Margin (0.0 pts),-9.0,0.0
Fold_12,eurobasket_2017_hun_cze_85_73,eurobasket_2017,2017,regression,Naive Margin (0.0 pts),12.0,0.0
Fold_12,eurobasket_2017_hun_esp_64_87,eurobasket_2017,2017,regression,Naive Margin (0.0 pts),-23.0,0.0
Fold_12,eurobasket_2017_isl_gre_61_90,eurobasket_2017,2017,regression,Naive Margin (0.0 pts),-29.0,0.0
Fold_12,eurobasket_2017_isl_slo_75_102,eurobasket_2017,2017,regression,Naive Margin (0.0 pts),-27.0,0.0
Fold_12,eurobasket_2017_isr_geo_91_104,eurobasket_2017,2017,regression,Naive Margin (0.0 pts),-13.0,0.0
Fold_12,eurobasket_2017_isr_ltu_73_88,eurobasket_2017,2017,regression,Naive Margin (0.0 pts),-15.0,0.0
Fold_12,eurobasket_2017_isr_ukr_64_88,eurobasket_2017,2017,regression,Naive Margin (0.0 pts),-24.0,0.0
Fold_12,eurobasket_2017_ita_ger_55_61,eurobasket_2017,2017,regression,Naive Margin (0.0 pts),-6.0,0.0
Fold_12,eurobasket_2017_ita_isr_69_48,eurobasket_2017,2017,regression,Naive Margin (0.0 pts),21.0,0.0
Fold_12,eurobasket_2017_ita_srb_67_83,eurobasket_2017,2017,regression,Naive Margin (0.0 pts),-16.0,0.0
Fold_12,eurobasket_2017_lat_bel_92_64,eurobasket_2017,2017,regression,Naive Margin (0.0 pts),28.0,0.0
Fold_12,eurobasket_2017_lat_gbr_97_92,eurobasket_2017,2017,regression,Naive Margin (0.0 pts),5.0,0.0
Fold_12,eurobasket_2017_lat_mne_100_68,eurobasket_2017,2017,regression,Naive Margin (0.0 pts),32.0,0.0
Fold_12,eurobasket_2017_lat_tur_89_79,eurobasket_2017,2017,regression,Naive Margin (0.0 pts),10.0,0.0
Fold_12,eurobasket_2017_ltu_geo_77_79,eurobasket_2017,2017,regression,Naive Margin (0.0 pts),-2.0,0.0
Fold_12,eurobasket_2017_ltu_gre_64_77,eurobasket_2017,2017,regression,Naive Margin (0.0 pts),-13.0,0.0
Fold_12,eurobasket_2017_ltu_ita_78_73,eurobasket_2017,2017,regression,Naive Margin (0.0 pts),5.0,0.0
Fold_12,eurobasket_2017_mne_cro_72_76,eurobasket_2017,2017,regression,Naive Margin (0.0 pts),-4.0,0.0
Fold_12,eurobasket_2017_mne_hun_72_48,eurobasket_2017,2017,regression,Naive Margin (0.0 pts),24.0,0.0
Fold_12,eurobasket_2017_mne_rou_86_69,eurobasket_2017,2017,regression,Naive Margin (0.0 pts),17.0,0.0
Fold_12,eurobasket_2017_pol_fra_75_78,eurobasket_2017,2017,regression,Naive Margin (0.0 pts),-3.0,0.0
Fold_12,eurobasket_2017_pol_isl_91_61,eurobasket_2017,2017,regression,Naive Margin (0.0 pts),30.0,0.0
Fold_12,eurobasket_2017_rou_cze_68_83,eurobasket_2017,2017,regression,Naive Margin (0.0 pts),-15.0,0.0
Fold_12,eurobasket_2017_rou_hun_71_80,eurobasket_2017,2017,regression,Naive Margin (0.0 pts),-9.0,0.0
Fold_12,eurobasket_2017_rus_gbr_82_70,eurobasket_2017,2017,regression,Naive Margin (0.0 pts),12.0,0.0
Fold_12,eurobasket_2017_rus_lat_69_84,eurobasket_2017,2017,regression,Naive Margin (0.0 pts),-15.0,0.0
Fold_12,eurobasket_2017_rus_srb_75_72,eurobasket_2017,2017,regression,Naive Margin (0.0 pts),3.0,0.0
Fold_12,eurobasket_2017_rus_srb_79_87,eurobasket_2017,2017,regression,Naive Margin (0.0 pts),-8.0,0.0
Fold_12,eurobasket_2017_slo_fra_95_78,eurobasket_2017,2017,regression,Naive Margin (0.0 pts),17.0,0.0
Fold_12,eurobasket_2017_slo_gre_78_72,eurobasket_2017,2017,regression,Naive Margin (0.0 pts),6.0,0.0
Fold_12,eurobasket_2017_slo_lat_103_97,eurobasket_2017,2017,regression,Naive Margin (0.0 pts),6.0,0.0
Fold_12,eurobasket_2017_slo_pol_90_81,eurobasket_2017,2017,regression,Naive Margin (0.0 pts),9.0,0.0
Fold_12,eurobasket_2017_slo_ukr_79_55,eurobasket_2017,2017,regression,Naive Margin (0.0 pts),24.0,0.0
Fold_12,eurobasket_2017_srb_hun_86_78,eurobasket_2017,2017,regression,Naive Margin (0.0 pts),8.0,0.0
Fold_12,eurobasket_2017_srb_lat_92_82,eurobasket_2017,2017,regression,Naive Margin (0.0 pts),10.0,0.0
Fold_12,eurobasket_2017_srb_tur_80_74,eurobasket_2017,2017,regression,Naive Margin (0.0 pts),6.0,0.0
Fold_12,eurobasket_2017_tur_bel_78_65,eurobasket_2017,2017,regression,Naive Margin (0.0 pts),13.0,0.0
Fold_12,eurobasket_2017_tur_rus_73_76,eurobasket_2017,2017,regression,Naive Margin (0.0 pts),-3.0,0.0
Fold_12,eurobasket_2017_ukr_ita_66_78,eurobasket_2017,2017,regression,Naive Margin (0.0 pts),-12.0,0.0
Fold_12,eurobasket_2017_ukr_ltu_62_94,eurobasket_2017,2017,regression,Naive Margin (0.0 pts),-32.0,0.0
Fold_12,eurobasket_2017_slo_srb_93_85,eurobasket_2017,2017,regression,Naive Margin (0.0 pts),8.0,0.0
Fold_12,eurobasket_2017_bel_gbr_103_90,eurobasket_2017,2017,regression,Ridge Regressor,13.0,0.949
Fold_12,eurobasket_2017_bel_rus_67_76,eurobasket_2017,2017,regression,Ridge Regressor,-9.0,-9.753
Fold_12,eurobasket_2017_bel_srb_54_74,eurobasket_2017,2017,regression,Ridge Regressor,-20.0,-9.88
Fold_12,eurobasket_2017_cro_esp_73_79,eurobasket_2017,2017,regression,Ridge Regressor,-6.0,-10.515
Fold_12,eurobasket_2017_cro_rou_74_58,eurobasket_2017,2017,regression,Ridge Regressor,16.0,7.081
Fold_12,eurobasket_2017_cro_rus_78_101,eurobasket_2017,2017,regression,Ridge Regressor,-23.0,0.501
Fold_12,eurobasket_2017_cze_cro_69_107,eurobasket_2017,2017,regression,Ridge Regressor,-38.0,-3.385
Fold_12,eurobasket_2017_cze_esp_56_93,eurobasket_2017,2017,regression,Ridge Regressor,-37.0,-14.276
Fold_12,eurobasket_2017_cze_mne_75_88,eurobasket_2017,2017,regression,Ridge Regressor,-13.0,2.922
Fold_12,eurobasket_2017_esp_mne_99_60,eurobasket_2017,2017,regression,Ridge Regressor,39.0,17.576
Fold_12,eurobasket_2017_esp_rou_91_50,eurobasket_2017,2017,regression,Ridge Regressor,41.0,17.973
Fold_12,eurobasket_2017_esp_rus_93_85,eurobasket_2017,2017,regression,Ridge Regressor,8.0,11.392
Fold_12,eurobasket_2017_esp_slo_72_92,eurobasket_2017,2017,regression,Ridge Regressor,-20.0,11.556
Fold_12,eurobasket_2017_esp_tur_73_56,eurobasket_2017,2017,regression,Ridge Regressor,17.0,14.622
Fold_12,eurobasket_2017_fin_isl_83_79,eurobasket_2017,2017,regression,Ridge Regressor,4.0,8.958
Fold_12,eurobasket_2017_fin_ita_57_70,eurobasket_2017,2017,regression,Ridge Regressor,-13.0,-1.441
Fold_12,eurobasket_2017_fin_pol_90_87,eurobasket_2017,2017,regression,Ridge Regressor,3.0,1.83
Fold_12,eurobasket_2017_fin_slo_78_81,eurobasket_2017,2017,regression,Ridge Regressor,-3.0,-7.289
Fold_12,eurobasket_2017_fra_fin_84_86,eurobasket_2017,2017,regression,Ridge Regressor,-2.0,10.281
Fold_12,eurobasket_2017_fra_isl_115_79,eurobasket_2017,2017,regression,Ridge Regressor,36.0,18.863
Fold_12,eurobasket_2017_gbr_srb_68_82,eurobasket_2017,2017,regression,Ridge Regressor,-14.0,-10.453
Fold_12,eurobasket_2017_gbr_tur_70_84,eurobasket_2017,2017,regression,Ridge Regressor,-14.0,-7.096
Fold_12,eurobasket_2017_geo_ger_57_67,eurobasket_2017,2017,regression,Ridge Regressor,-10.0,-2.366
Fold_12,eurobasket_2017_geo_ita_69_71,eurobasket_2017,2017,regression,Ridge Regressor,-2.0,-3.451
Fold_12,eurobasket_2017_geo_ukr_81_88,eurobasket_2017,2017,regression,Ridge Regressor,-7.0,2.028
Fold_12,eurobasket_2017_ger_esp_72_84,eurobasket_2017,2017,regression,Ridge Regressor,-12.0,-9.508
Fold_12,eurobasket_2017_ger_fra_84_81,eurobasket_2017,2017,regression,Ridge Regressor,3.0,-3.312
Fold_12,eurobasket_2017_ger_isr_80_82,eurobasket_2017,2017,regression,Ridge Regressor,-2.0,5.927
Fold_12,eurobasket_2017_ger_ltu_72_89,eurobasket_2017,2017,regression,Ridge Regressor,-17.0,-5.948
Fold_12,eurobasket_2017_ger_ukr_75_63,eurobasket_2017,2017,regression,Ridge Regressor,12.0,4.77
Fold_12,eurobasket_2017_gre_fin_77_89,eurobasket_2017,2017,regression,Ridge Regressor,-12.0,10.202
Fold_12,eurobasket_2017_gre_fra_87_95,eurobasket_2017,2017,regression,Ridge Regressor,-8.0,0.297
Fold_12,eurobasket_2017_gre_pol_95_77,eurobasket_2017,2017,regression,Ridge Regressor,18.0,11.655
Fold_12,eurobasket_2017_gre_rus_69_74,eurobasket_2017,2017,regression,Ridge Regressor,-5.0,5.117
Fold_12,eurobasket_2017_hun_cro_58_67,eurobasket_2017,2017,regression,Ridge Regressor,-9.0,-6.328
Fold_12,eurobasket_2017_hun_cze_85_73,eurobasket_2017,2017,regression,Ridge Regressor,12.0,-2.566
Fold_12,eurobasket_2017_hun_esp_64_87,eurobasket_2017,2017,regression,Ridge Regressor,-23.0,-17.22
Fold_12,eurobasket_2017_isl_gre_61_90,eurobasket_2017,2017,regression,Ridge Regressor,-29.0,-18.03
Fold_12,eurobasket_2017_isl_slo_75_102,eurobasket_2017,2017,regression,Ridge Regressor,-27.0,-15.869
Fold_12,eurobasket_2017_isr_geo_91_104,eurobasket_2017,2017,regression,Ridge Regressor,-13.0,-2.429
Fold_12,eurobasket_2017_isr_ltu_73_88,eurobasket_2017,2017,regression,Ridge Regressor,-15.0,-11.497
Fold_12,eurobasket_2017_isr_ukr_64_88,eurobasket_2017,2017,regression,Ridge Regressor,-24.0,-0.777
Fold_12,eurobasket_2017_ita_ger_55_61,eurobasket_2017,2017,regression,Ridge Regressor,-6.0,1.461
Fold_12,eurobasket_2017_ita_isr_69_48,eurobasket_2017,2017,regression,Ridge Regressor,21.0,7.01
Fold_12,eurobasket_2017_ita_srb_67_83,eurobasket_2017,2017,regression,Ridge Regressor,-16.0,-0.277
Fold_12,eurobasket_2017_lat_bel_92_64,eurobasket_2017,2017,regression,Ridge Regressor,28.0,3.413
Fold_12,eurobasket_2017_lat_gbr_97_92,eurobasket_2017,2017,regression,Ridge Regressor,5.0,3.985
Fold_12,eurobasket_2017_lat_mne_100_68,eurobasket_2017,2017,regression,Ridge Regressor,32.0,4.95
Fold_12,eurobasket_2017_lat_tur_89_79,eurobasket_2017,2017,regression,Ridge Regressor,10.0,-3.489
Fold_12,eurobasket_2017_ltu_geo_77_79,eurobasket_2017,2017,regression,Ridge Regressor,-2.0,9.445
Fold_12,eurobasket_2017_ltu_gre_64_77,eurobasket_2017,2017,regression,Ridge Regressor,-13.0,3.092
Fold_12,eurobasket_2017_ltu_ita_78_73,eurobasket_2017,2017,regression,Ridge Regressor,5.0,5.616
Fold_12,eurobasket_2017_mne_cro_72_76,eurobasket_2017,2017,regression,Ridge Regressor,-4.0,-5.931
Fold_12,eurobasket_2017_mne_hun_72_48,eurobasket_2017,2017,regression,Ridge Regressor,24.0,0.773
Fold_12,eurobasket_2017_mne_rou_86_69,eurobasket_2017,2017,regression,Ridge Regressor,17.0,0.773
Fold_12,eurobasket_2017_pol_fra_75_78,eurobasket_2017,2017,regression,Ridge Regressor,-3.0,-10.981
Fold_12,eurobasket_2017_pol_isl_91_61,eurobasket_2017,2017,regression,Ridge Regressor,30.0,7.503
Fold_12,eurobasket_2017_rou_cze_68_83,eurobasket_2017,2017,regression,Ridge Regressor,-15.0,-2.566
Fold_12,eurobasket_2017_rou_hun_71_80,eurobasket_2017,2017,regression,Ridge Regressor,-9.0,0.377
Fold_12,eurobasket_2017_rus_gbr_82_70,eurobasket_2017,2017,regression,Ridge Regressor,12.0,11.078
Fold_12,eurobasket_2017_rus_lat_69_84,eurobasket_2017,2017,regression,Ridge Regressor,-15.0,7.471
Fold_12,eurobasket_2017_rus_srb_75_72,eurobasket_2017,2017,regression,Ridge Regressor,3.0,0.249
Fold_12,eurobasket_2017_rus_srb_79_87,eurobasket_2017,2017,regression,Ridge Regressor,-8.0,2.991
Fold_12,eurobasket_2017_slo_fra_95_78,eurobasket_2017,2017,regression,Ridge Regressor,17.0,-1.863
Fold_12,eurobasket_2017_slo_gre_78_72,eurobasket_2017,2017,regression,Ridge Regressor,6.0,-1.784
Fold_12,eurobasket_2017_slo_lat_103_97,eurobasket_2017,2017,regression,Ridge Regressor,6.0,10.05
Fold_12,eurobasket_2017_slo_pol_90_81,eurobasket_2017,2017,regression,Ridge Regressor,9.0,9.495
Fold_12,eurobasket_2017_slo_ukr_79_55,eurobasket_2017,2017,regression,Ridge Regressor,24.0,11.703
Fold_12,eurobasket_2017_srb_hun_86_78,eurobasket_2017,2017,regression,Ridge Regressor,8.0,12.569
Fold_12,eurobasket_2017_srb_lat_92_82,eurobasket_2017,2017,regression,Ridge Regressor,10.0,7.597
Fold_12,eurobasket_2017_srb_tur_80_74,eurobasket_2017,2017,regression,Ridge Regressor,6.0,3.733
Fold_12,eurobasket_2017_tur_bel_78_65,eurobasket_2017,2017,regression,Ridge Regressor,13.0,7.278
Fold_12,eurobasket_2017_tur_rus_73_76,eurobasket_2017,2017,regression,Ridge Regressor,-3.0,-2.852
Fold_12,eurobasket_2017_ukr_ita_66_78,eurobasket_2017,2017,regression,Ridge Regressor,-12.0,-5.103
Fold_12,eurobasket_2017_ukr_ltu_62_94,eurobasket_2017,2017,regression,Ridge Regressor,-32.0,-10.343
Fold_12,eurobasket_2017_slo_srb_93_85,eurobasket_2017,2017,regression,Ridge Regressor,8.0,4.11
Fold_12,eurobasket_2017_bel_gbr_103_90,eurobasket_2017,2017,regression,ElasticNet Regressor,13.0,1.449
Fold_12,eurobasket_2017_bel_rus_67_76,eurobasket_2017,2017,regression,ElasticNet Regressor,-9.0,-10.082
Fold_12,eurobasket_2017_bel_srb_54_74,eurobasket_2017,2017,regression,ElasticNet Regressor,-20.0,-10.122
Fold_12,eurobasket_2017_cro_esp_73_79,eurobasket_2017,2017,regression,ElasticNet Regressor,-6.0,-10.503
Fold_12,eurobasket_2017_cro_rou_74_58,eurobasket_2017,2017,regression,ElasticNet Regressor,16.0,6.412
Fold_12,eurobasket_2017_cro_rus_78_101,eurobasket_2017,2017,regression,ElasticNet Regressor,-23.0,-0.286
Fold_12,eurobasket_2017_cze_cro_69_107,eurobasket_2017,2017,regression,ElasticNet Regressor,-38.0,-4.029
Fold_12,eurobasket_2017_cze_esp_56_93,eurobasket_2017,2017,regression,ElasticNet Regressor,-37.0,-15.161
Fold_12,eurobasket_2017_cze_mne_75_88,eurobasket_2017,2017,regression,ElasticNet Regressor,-13.0,3.15
Fold_12,eurobasket_2017_esp_mne_99_60,eurobasket_2017,2017,regression,ElasticNet Regressor,39.0,18.939
Fold_12,eurobasket_2017_esp_rou_91_50,eurobasket_2017,2017,regression,ElasticNet Regressor,41.0,17.543
Fold_12,eurobasket_2017_esp_rus_93_85,eurobasket_2017,2017,regression,ElasticNet Regressor,8.0,10.845
Fold_12,eurobasket_2017_esp_slo_72_92,eurobasket_2017,2017,regression,ElasticNet Regressor,-20.0,10.911
Fold_12,eurobasket_2017_esp_tur_73_56,eurobasket_2017,2017,regression,ElasticNet Regressor,17.0,14.101
Fold_12,eurobasket_2017_fin_isl_83_79,eurobasket_2017,2017,regression,ElasticNet Regressor,4.0,9.456
Fold_12,eurobasket_2017_fin_ita_57_70,eurobasket_2017,2017,regression,ElasticNet Regressor,-13.0,-2.469
Fold_12,eurobasket_2017_fin_pol_90_87,eurobasket_2017,2017,regression,ElasticNet Regressor,3.0,2.106
Fold_12,eurobasket_2017_fin_slo_78_81,eurobasket_2017,2017,regression,ElasticNet Regressor,-3.0,-7.736
Fold_12,eurobasket_2017_fra_fin_84_86,eurobasket_2017,2017,regression,ElasticNet Regressor,-2.0,11.538
Fold_12,eurobasket_2017_fra_isl_115_79,eurobasket_2017,2017,regression,ElasticNet Regressor,36.0,20.366
Fold_12,eurobasket_2017_gbr_srb_68_82,eurobasket_2017,2017,regression,ElasticNet Regressor,-14.0,-10.943
Fold_12,eurobasket_2017_gbr_tur_70_84,eurobasket_2017,2017,regression,ElasticNet Regressor,-14.0,-7.647
Fold_12,eurobasket_2017_geo_ger_57_67,eurobasket_2017,2017,regression,ElasticNet Regressor,-10.0,-2.735
Fold_12,eurobasket_2017_geo_ita_69_71,eurobasket_2017,2017,regression,ElasticNet Regressor,-2.0,-3.462
Fold_12,eurobasket_2017_geo_ukr_81_88,eurobasket_2017,2017,regression,ElasticNet Regressor,-7.0,2.014
Fold_12,eurobasket_2017_ger_esp_72_84,eurobasket_2017,2017,regression,ElasticNet Regressor,-12.0,-10.847
Fold_12,eurobasket_2017_ger_fra_84_81,eurobasket_2017,2017,regression,ElasticNet Regressor,3.0,-4.711
Fold_12,eurobasket_2017_ger_isr_80_82,eurobasket_2017,2017,regression,ElasticNet Regressor,-2.0,6.681
Fold_12,eurobasket_2017_ger_ltu_72_89,eurobasket_2017,2017,regression,ElasticNet Regressor,-17.0,-6.277
Fold_12,eurobasket_2017_ger_ukr_75_63,eurobasket_2017,2017,regression,ElasticNet Regressor,12.0,5.377
Fold_12,eurobasket_2017_gre_fin_77_89,eurobasket_2017,2017,regression,ElasticNet Regressor,-12.0,11.214
Fold_12,eurobasket_2017_gre_fra_87_95,eurobasket_2017,2017,regression,ElasticNet Regressor,-8.0,0.303
Fold_12,eurobasket_2017_gre_pol_95_77,eurobasket_2017,2017,regression,ElasticNet Regressor,18.0,12.691
Fold_12,eurobasket_2017_gre_rus_69_74,eurobasket_2017,2017,regression,ElasticNet Regressor,-5.0,4.384
Fold_12,eurobasket_2017_hun_cro_58_67,eurobasket_2017,2017,regression,ElasticNet Regressor,-9.0,-5.155
Fold_12,eurobasket_2017_hun_cze_85_73,eurobasket_2017,2017,regression,ElasticNet Regressor,12.0,-0.497
Fold_12,eurobasket_2017_hun_esp_64_87,eurobasket_2017,2017,regression,ElasticNet Regressor,-23.0,-16.287
Fold_12,eurobasket_2017_isl_gre_61_90,eurobasket_2017,2017,regression,ElasticNet Regressor,-29.0,-18.785
Fold_12,eurobasket_2017_isl_slo_75_102,eurobasket_2017,2017,regression,ElasticNet Regressor,-27.0,-16.564
Fold_12,eurobasket_2017_isr_geo_91_104,eurobasket_2017,2017,regression,ElasticNet Regressor,-13.0,-2.062
Fold_12,eurobasket_2017_isr_ltu_73_88,eurobasket_2017,2017,regression,ElasticNet Regressor,-15.0,-12.33
Fold_12,eurobasket_2017_isr_ukr_64_88,eurobasket_2017,2017,regression,ElasticNet Regressor,-24.0,-0.675
Fold_12,eurobasket_2017_ita_ger_55_61,eurobasket_2017,2017,regression,ElasticNet Regressor,-6.0,1.355
Fold_12,eurobasket_2017_ita_isr_69_48,eurobasket_2017,2017,regression,ElasticNet Regressor,21.0,7.408
Fold_12,eurobasket_2017_ita_srb_67_83,eurobasket_2017,2017,regression,ElasticNet Regressor,-16.0,-1.544
Fold_12,eurobasket_2017_lat_bel_92_64,eurobasket_2017,2017,regression,ElasticNet Regressor,28.0,3.741
Fold_12,eurobasket_2017_lat_gbr_97_92,eurobasket_2017,2017,regression,ElasticNet Regressor,5.0,4.561
Fold_12,eurobasket_2017_lat_mne_100_68,eurobasket_2017,2017,regression,ElasticNet Regressor,32.0,4.325
Fold_12,eurobasket_2017_lat_tur_89_79,eurobasket_2017,2017,regression,ElasticNet Regressor,10.0,-3.714
Fold_12,eurobasket_2017_ltu_geo_77_79,eurobasket_2017,2017,regression,ElasticNet Regressor,-2.0,10.896
Fold_12,eurobasket_2017_ltu_gre_64_77,eurobasket_2017,2017,regression,ElasticNet Regressor,-13.0,2.519
Fold_12,eurobasket_2017_ltu_ita_78_73,eurobasket_2017,2017,regression,ElasticNet Regressor,5.0,6.806
Fold_12,eurobasket_2017_mne_cro_72_76,eurobasket_2017,2017,regression,ElasticNet Regressor,-4.0,-6.552
Fold_12,eurobasket_2017_mne_hun_72_48,eurobasket_2017,2017,regression,ElasticNet Regressor,24.0,-0.768
Fold_12,eurobasket_2017_mne_rou_86_69,eurobasket_2017,2017,regression,ElasticNet Regressor,17.0,-0.768
Fold_12,eurobasket_2017_pol_fra_75_78,eurobasket_2017,2017,regression,ElasticNet Regressor,-3.0,-11.759
Fold_12,eurobasket_2017_pol_isl_91_61,eurobasket_2017,2017,regression,ElasticNet Regressor,30.0,7.978
Fold_12,eurobasket_2017_rou_cze_68_83,eurobasket_2017,2017,regression,ElasticNet Regressor,-15.0,-0.497
Fold_12,eurobasket_2017_rou_hun_71_80,eurobasket_2017,2017,regression,ElasticNet Regressor,-9.0,0.628
Fold_12,eurobasket_2017_rus_gbr_82_70,eurobasket_2017,2017,regression,ElasticNet Regressor,12.0,12.159
Fold_12,eurobasket_2017_rus_lat_69_84,eurobasket_2017,2017,regression,ElasticNet Regressor,-15.0,8.226
Fold_12,eurobasket_2017_rus_srb_75_72,eurobasket_2017,2017,regression,ElasticNet Regressor,3.0,0.588
Fold_12,eurobasket_2017_rus_srb_79_87,eurobasket_2017,2017,regression,ElasticNet Regressor,-8.0,2.189
Fold_12,eurobasket_2017_slo_fra_95_78,eurobasket_2017,2017,regression,ElasticNet Regressor,17.0,-1.918
Fold_12,eurobasket_2017_slo_gre_78_72,eurobasket_2017,2017,regression,ElasticNet Regressor,6.0,-1.593
Fold_12,eurobasket_2017_slo_lat_103_97,eurobasket_2017,2017,regression,ElasticNet Regressor,6.0,9.761
Fold_12,eurobasket_2017_slo_pol_90_81,eurobasket_2017,2017,regression,ElasticNet Regressor,9.0,10.47
Fold_12,eurobasket_2017_slo_ukr_79_55,eurobasket_2017,2017,regression,ElasticNet Regressor,24.0,11.371
Fold_12,eurobasket_2017_srb_hun_86_78,eurobasket_2017,2017,regression,ElasticNet Regressor,8.0,10.567
Fold_12,eurobasket_2017_srb_lat_92_82,eurobasket_2017,2017,regression,ElasticNet Regressor,10.0,8.266
Fold_12,eurobasket_2017_srb_tur_80_74,eurobasket_2017,2017,regression,ElasticNet Regressor,6.0,3.924
Fold_12,eurobasket_2017_tur_bel_78_65,eurobasket_2017,2017,regression,ElasticNet Regressor,13.0,8.083
Fold_12,eurobasket_2017_tur_rus_73_76,eurobasket_2017,2017,regression,ElasticNet Regressor,-3.0,-2.628
Fold_12,eurobasket_2017_ukr_ita_66_78,eurobasket_2017,2017,regression,ElasticNet Regressor,-12.0,-4.848
Fold_12,eurobasket_2017_ukr_ltu_62_94,eurobasket_2017,2017,regression,ElasticNet Regressor,-32.0,-11.026
Fold_12,eurobasket_2017_slo_srb_93_85,eurobasket_2017,2017,regression,ElasticNet Regressor,8.0,2.125
Fold_12,eurobasket_2017_bel_gbr_103_90,eurobasket_2017,2017,regression,LightGBM Regressor,13.0,0.147
Fold_12,eurobasket_2017_bel_rus_67_76,eurobasket_2017,2017,regression,LightGBM Regressor,-9.0,-5.793
Fold_12,eurobasket_2017_bel_srb_54_74,eurobasket_2017,2017,regression,LightGBM Regressor,-20.0,-5.823
Fold_12,eurobasket_2017_cro_esp_73_79,eurobasket_2017,2017,regression,LightGBM Regressor,-6.0,-9.167
Fold_12,eurobasket_2017_cro_rou_74_58,eurobasket_2017,2017,regression,LightGBM Regressor,16.0,11.249
Fold_12,eurobasket_2017_cro_rus_78_101,eurobasket_2017,2017,regression,LightGBM Regressor,-23.0,-2.645
Fold_12,eurobasket_2017_cze_cro_69_107,eurobasket_2017,2017,regression,LightGBM Regressor,-38.0,0.796
Fold_12,eurobasket_2017_cze_esp_56_93,eurobasket_2017,2017,regression,LightGBM Regressor,-37.0,-9.076
Fold_12,eurobasket_2017_cze_mne_75_88,eurobasket_2017,2017,regression,LightGBM Regressor,-13.0,1.892
Fold_12,eurobasket_2017_esp_mne_99_60,eurobasket_2017,2017,regression,LightGBM Regressor,39.0,13.121
Fold_12,eurobasket_2017_esp_rou_91_50,eurobasket_2017,2017,regression,LightGBM Regressor,41.0,17.187
Fold_12,eurobasket_2017_esp_rus_93_85,eurobasket_2017,2017,regression,LightGBM Regressor,8.0,6.651
Fold_12,eurobasket_2017_esp_slo_72_92,eurobasket_2017,2017,regression,LightGBM Regressor,-20.0,7.472
Fold_12,eurobasket_2017_esp_tur_73_56,eurobasket_2017,2017,regression,LightGBM Regressor,17.0,6.421
Fold_12,eurobasket_2017_fin_isl_83_79,eurobasket_2017,2017,regression,LightGBM Regressor,4.0,7.594
Fold_12,eurobasket_2017_fin_ita_57_70,eurobasket_2017,2017,regression,LightGBM Regressor,-13.0,-3.117
Fold_12,eurobasket_2017_fin_pol_90_87,eurobasket_2017,2017,regression,LightGBM Regressor,3.0,1.606
Fold_12,eurobasket_2017_fin_slo_78_81,eurobasket_2017,2017,regression,LightGBM Regressor,-3.0,-3.984
Fold_12,eurobasket_2017_fra_fin_84_86,eurobasket_2017,2017,regression,LightGBM Regressor,-2.0,4.576
Fold_12,eurobasket_2017_fra_isl_115_79,eurobasket_2017,2017,regression,LightGBM Regressor,36.0,12.092
Fold_12,eurobasket_2017_gbr_srb_68_82,eurobasket_2017,2017,regression,LightGBM Regressor,-14.0,-8.451
Fold_12,eurobasket_2017_gbr_tur_70_84,eurobasket_2017,2017,regression,LightGBM Regressor,-14.0,-3.984
Fold_12,eurobasket_2017_geo_ger_57_67,eurobasket_2017,2017,regression,LightGBM Regressor,-10.0,1.431
Fold_12,eurobasket_2017_geo_ita_69_71,eurobasket_2017,2017,regression,LightGBM Regressor,-2.0,-0.518
Fold_12,eurobasket_2017_geo_ukr_81_88,eurobasket_2017,2017,regression,LightGBM Regressor,-7.0,4.014
Fold_12,eurobasket_2017_ger_esp_72_84,eurobasket_2017,2017,regression,LightGBM Regressor,-12.0,-9.275
Fold_12,eurobasket_2017_ger_fra_84_81,eurobasket_2017,2017,regression,LightGBM Regressor,3.0,-3.542
Fold_12,eurobasket_2017_ger_isr_80_82,eurobasket_2017,2017,regression,LightGBM Regressor,-2.0,4.736
Fold_12,eurobasket_2017_ger_ltu_72_89,eurobasket_2017,2017,regression,LightGBM Regressor,-17.0,-5.077
Fold_12,eurobasket_2017_ger_ukr_75_63,eurobasket_2017,2017,regression,LightGBM Regressor,12.0,3.279
Fold_12,eurobasket_2017_gre_fin_77_89,eurobasket_2017,2017,regression,LightGBM Regressor,-12.0,6.427
Fold_12,eurobasket_2017_gre_fra_87_95,eurobasket_2017,2017,regression,LightGBM Regressor,-8.0,0.907
Fold_12,eurobasket_2017_gre_pol_95_77,eurobasket_2017,2017,regression,LightGBM Regressor,18.0,6.427
Fold_12,eurobasket_2017_gre_rus_69_74,eurobasket_2017,2017,regression,LightGBM Regressor,-5.0,2.095
Fold_12,eurobasket_2017_hun_cro_58_67,eurobasket_2017,2017,regression,LightGBM Regressor,-9.0,-8.451
Fold_12,eurobasket_2017_hun_cze_85_73,eurobasket_2017,2017,regression,LightGBM Regressor,12.0,-8.68
Fold_12,eurobasket_2017_hun_esp_64_87,eurobasket_2017,2017,regression,LightGBM Regressor,-23.0,-24.208
Fold_12,eurobasket_2017_isl_gre_61_90,eurobasket_2017,2017,regression,LightGBM Regressor,-29.0,-9.025
Fold_12,eurobasket_2017_isl_slo_75_102,eurobasket_2017,2017,regression,LightGBM Regressor,-27.0,-12.492
Fold_12,eurobasket_2017_isr_geo_91_104,eurobasket_2017,2017,regression,LightGBM Regressor,-13.0,-2.315
Fold_12,eurobasket_2017_isr_ltu_73_88,eurobasket_2017,2017,regression,LightGBM Regressor,-15.0,-10.576
Fold_12,eurobasket_2017_isr_ukr_64_88,eurobasket_2017,2017,regression,LightGBM Regressor,-24.0,1.575
Fold_12,eurobasket_2017_ita_ger_55_61,eurobasket_2017,2017,regression,LightGBM Regressor,-6.0,1.859
Fold_12,eurobasket_2017_ita_isr_69_48,eurobasket_2017,2017,regression,LightGBM Regressor,21.0,2.714
Fold_12,eurobasket_2017_ita_srb_67_83,eurobasket_2017,2017,regression,LightGBM Regressor,-16.0,-0.191
Fold_12,eurobasket_2017_lat_bel_92_64,eurobasket_2017,2017,regression,LightGBM Regressor,28.0,4.331
Fold_12,eurobasket_2017_lat_gbr_97_92,eurobasket_2017,2017,regression,LightGBM Regressor,5.0,1.127
Fold_12,eurobasket_2017_lat_mne_100_68,eurobasket_2017,2017,regression,LightGBM Regressor,32.0,3.767
Fold_12,eurobasket_2017_lat_tur_89_79,eurobasket_2017,2017,regression,LightGBM Regressor,10.0,-0.414
Fold_12,eurobasket_2017_ltu_geo_77_79,eurobasket_2017,2017,regression,LightGBM Regressor,-2.0,6.122
Fold_12,eurobasket_2017_ltu_gre_64_77,eurobasket_2017,2017,regression,LightGBM Regressor,-13.0,3.746
Fold_12,eurobasket_2017_ltu_ita_78_73,eurobasket_2017,2017,regression,LightGBM Regressor,5.0,3.815
Fold_12,eurobasket_2017_mne_cro_72_76,eurobasket_2017,2017,regression,LightGBM Regressor,-4.0,-4.231
Fold_12,eurobasket_2017_mne_hun_72_48,eurobasket_2017,2017,regression,LightGBM Regressor,24.0,7.204
Fold_12,eurobasket_2017_mne_rou_86_69,eurobasket_2017,2017,regression,LightGBM Regressor,17.0,7.204
Fold_12,eurobasket_2017_pol_fra_75_78,eurobasket_2017,2017,regression,LightGBM Regressor,-3.0,-10.879
Fold_12,eurobasket_2017_pol_isl_91_61,eurobasket_2017,2017,regression,LightGBM Regressor,30.0,7.594
Fold_12,eurobasket_2017_rou_cze_68_83,eurobasket_2017,2017,regression,LightGBM Regressor,-15.0,-8.68
Fold_12,eurobasket_2017_rou_hun_71_80,eurobasket_2017,2017,regression,LightGBM Regressor,-9.0,0.463
Fold_12,eurobasket_2017_rus_gbr_82_70,eurobasket_2017,2017,regression,LightGBM Regressor,12.0,3.566
Fold_12,eurobasket_2017_rus_lat_69_84,eurobasket_2017,2017,regression,LightGBM Regressor,-15.0,4.833
Fold_12,eurobasket_2017_rus_srb_75_72,eurobasket_2017,2017,regression,LightGBM Regressor,3.0,1.063
Fold_12,eurobasket_2017_rus_srb_79_87,eurobasket_2017,2017,regression,LightGBM Regressor,-8.0,1.748
Fold_12,eurobasket_2017_slo_fra_95_78,eurobasket_2017,2017,regression,LightGBM Regressor,17.0,0.796
Fold_12,eurobasket_2017_slo_gre_78_72,eurobasket_2017,2017,regression,LightGBM Regressor,6.0,-3.137
Fold_12,eurobasket_2017_slo_lat_103_97,eurobasket_2017,2017,regression,LightGBM Regressor,6.0,5.155
Fold_12,eurobasket_2017_slo_pol_90_81,eurobasket_2017,2017,regression,LightGBM Regressor,9.0,4.709
Fold_12,eurobasket_2017_slo_ukr_79_55,eurobasket_2017,2017,regression,LightGBM Regressor,24.0,6.957
Fold_12,eurobasket_2017_srb_hun_86_78,eurobasket_2017,2017,regression,LightGBM Regressor,8.0,12.465
Fold_12,eurobasket_2017_srb_lat_92_82,eurobasket_2017,2017,regression,LightGBM Regressor,10.0,6.453
Fold_12,eurobasket_2017_srb_tur_80_74,eurobasket_2017,2017,regression,LightGBM Regressor,6.0,6.287
Fold_12,eurobasket_2017_tur_bel_78_65,eurobasket_2017,2017,regression,LightGBM Regressor,13.0,6.553
Fold_12,eurobasket_2017_tur_rus_73_76,eurobasket_2017,2017,regression,LightGBM Regressor,-3.0,-2.584
Fold_12,eurobasket_2017_ukr_ita_66_78,eurobasket_2017,2017,regression,LightGBM Regressor,-12.0,-5.361
Fold_12,eurobasket_2017_ukr_ltu_62_94,eurobasket_2017,2017,regression,LightGBM Regressor,-32.0,-1.845
Fold_12,eurobasket_2017_slo_srb_93_85,eurobasket_2017,2017,regression,LightGBM Regressor,8.0,0.981
Fold_13,worldcup_2019_ang_iri_62_71,worldcup_2019,2019,classification,Naive Baseline (50%),0.0,0.5
Fold_13,worldcup_2019_ang_phi_84_81,worldcup_2019,2019,classification,Naive Baseline (50%),1.0,0.5
Fold_13,worldcup_2019_ang_srb_59_105,worldcup_2019,2019,classification,Naive Baseline (50%),0.0,0.5
Fold_13,worldcup_2019_arg_esp_75_95,worldcup_2019,2019,classification,Naive Baseline (50%),0.0,0.5
Fold_13,worldcup_2019_arg_fra_80_66,worldcup_2019,2019,classification,Naive Baseline (50%),1.0,0.5
Fold_13,worldcup_2019_arg_kor_95_69,worldcup_2019,2019,classification,Naive Baseline (50%),1.0,0.5
Fold_13,worldcup_2019_arg_srb_97_87,worldcup_2019,2019,classification,Naive Baseline (50%),1.0,0.5
Fold_13,worldcup_2019_arg_ven_87_67,worldcup_2019,2019,classification,Naive Baseline (50%),1.0,0.5
Fold_13,worldcup_2019_aus_cze_82_70,worldcup_2019,2019,classification,Naive Baseline (50%),1.0,0.5
Fold_13,worldcup_2019_aus_dom_82_76,worldcup_2019,2019,classification,Naive Baseline (50%),1.0,0.5
Fold_13,worldcup_2019_aus_sen_81_68,worldcup_2019,2019,classification,Naive Baseline (50%),1.0,0.5
Fold_13,worldcup_2019_bra_cze_71_93,worldcup_2019,2019,classification,Naive Baseline (50%),0.0,0.5
Fold_13,worldcup_2019_bra_gre_79_78,worldcup_2019,2019,classification,Naive Baseline (50%),1.0,0.5
Fold_13,worldcup_2019_bra_mne_84_73,worldcup_2019,2019,classification,Naive Baseline (50%),1.0,0.5
Fold_13,worldcup_2019_can_aus_92_108,worldcup_2019,2019,classification,Naive Baseline (50%),0.0,0.5
Fold_13,worldcup_2019_can_jor_126_71,worldcup_2019,2019,classification,Naive Baseline (50%),1.0,0.5
Fold_13,worldcup_2019_can_sen_82_60,worldcup_2019,2019,classification,Naive Baseline (50%),1.0,0.5
Fold_13,worldcup_2019_chn_kor_77_73,worldcup_2019,2019,classification,Naive Baseline (50%),1.0,0.5
Fold_13,worldcup_2019_chn_ngr_73_86,worldcup_2019,2019,classification,Naive Baseline (50%),0.0,0.5
Fold_13,worldcup_2019_chn_pol_76_79,worldcup_2019,2019,classification,Naive Baseline (50%),0.0,0.5
Fold_13,worldcup_2019_civ_chn_55_70,worldcup_2019,2019,classification,Naive Baseline (50%),0.0,0.5
Fold_13,worldcup_2019_civ_kor_71_80,worldcup_2019,2019,classification,Naive Baseline (50%),0.0,0.5
Fold_13,worldcup_2019_civ_pol_63_80,worldcup_2019,2019,classification,Naive Baseline (50%),0.0,0.5
Fold_13,worldcup_2019_cze_gre_77_84,worldcup_2019,2019,classification,Naive Baseline (50%),0.0,0.5
Fold_13,worldcup_2019_cze_usa_67_88,worldcup_2019,2019,classification,Naive Baseline (50%),0.0,0.5
Fold_13,worldcup_2019_dom_fra_56_90,worldcup_2019,2019,classification,Naive Baseline (50%),0.0,0.5
Fold_13,worldcup_2019_dom_jor_80_76,worldcup_2019,2019,classification,Naive Baseline (50%),1.0,0.5
Fold_13,worldcup_2019_dom_ltu_55_74,worldcup_2019,2019,classification,Naive Baseline (50%),0.0,0.5
Fold_13,worldcup_2019_esp_aus_95_88,worldcup_2019,2019,classification,Naive Baseline (50%),1.0,0.5
Fold_13,worldcup_2019_esp_iri_73_65,worldcup_2019,2019,classification,Naive Baseline (50%),1.0,0.5
Fold_13,worldcup_2019_esp_ita_67_60,worldcup_2019,2019,classification,Naive Baseline (50%),1.0,0.5
Fold_13,worldcup_2019_esp_pol_90_78,worldcup_2019,2019,classification,Naive Baseline (50%),1.0,0.5
Fold_13,worldcup_2019_esp_srb_81_69,worldcup_2019,2019,classification,Naive Baseline (50%),1.0,0.5
Fold_13,worldcup_2019_esp_tun_101_62,worldcup_2019,2019,classification,Naive Baseline (50%),1.0,0.5
Fold_13,worldcup_2019_fra_aus_67_59,worldcup_2019,2019,classification,Naive Baseline (50%),1.0,0.5
Fold_13,worldcup_2019_fra_aus_98_100,worldcup_2019,2019,classification,Naive Baseline (50%),0.0,0.5
Fold_13,worldcup_2019_fra_ger_78_74,worldcup_2019,2019,classification,Naive Baseline (50%),1.0,0.5
Fold_13,worldcup_2019_fra_ltu_78_75,worldcup_2019,2019,classification,Naive Baseline (50%),1.0,0.5
Fold_13,worldcup_2019_ger_can_82_76,worldcup_2019,2019,classification,Naive Baseline (50%),1.0,0.5
Fold_13,worldcup_2019_ger_dom_68_70,worldcup_2019,2019,classification,Naive Baseline (50%),0.0,0.5
Fold_13,worldcup_2019_ger_jor_96_62,worldcup_2019,2019,classification,Naive Baseline (50%),1.0,0.5
Fold_13,worldcup_2019_ger_sen_89_78,worldcup_2019,2019,classification,Naive Baseline (50%),1.0,0.5
Fold_13,worldcup_2019_gre_mne_85_60,worldcup_2019,2019,classification,Naive Baseline (50%),1.0,0.5
Fold_13,worldcup_2019_gre_nzl_103_97,worldcup_2019,2019,classification,Naive Baseline (50%),1.0,0.5
Fold_13,worldcup_2019_iri_phi_95_75,worldcup_2019,2019,classification,Naive Baseline (50%),1.0,0.5
Fold_13,worldcup_2019_iri_pur_81_83,worldcup_2019,2019,classification,Naive Baseline (50%),0.0,0.5
Fold_13,worldcup_2019_ita_ang_92_61,worldcup_2019,2019,classification,Naive Baseline (50%),1.0,0.5
Fold_13,worldcup_2019_ita_srb_77_92,worldcup_2019,2019,classification,Naive Baseline (50%),0.0,0.5
Fold_13,worldcup_2019_jor_fra_64_103,worldcup_2019,2019,classification,Naive Baseline (50%),0.0,0.5
Fold_13,worldcup_2019_jor_sen_79_77,worldcup_2019,2019,classification,Naive Baseline (50%),1.0,0.5
Fold_13,worldcup_2019_jpn_cze_76_89,worldcup_2019,2019,classification,Naive Baseline (50%),0.0,0.5
Fold_13,worldcup_2019_jpn_mne_65_80,worldcup_2019,2019,classification,Naive Baseline (50%),0.0,0.5
Fold_13,worldcup_2019_kor_ngr_66_108,worldcup_2019,2019,classification,Naive Baseline (50%),0.0,0.5
Fold_13,worldcup_2019_kor_rus_73_87,worldcup_2019,2019,classification,Naive Baseline (50%),0.0,0.5
Fold_13,worldcup_2019_ltu_aus_82_87,worldcup_2019,2019,classification,Naive Baseline (50%),0.0,0.5
Fold_13,worldcup_2019_ltu_can_92_69,worldcup_2019,2019,classification,Naive Baseline (50%),1.0,0.5
Fold_13,worldcup_2019_mne_nzl_83_93,worldcup_2019,2019,classification,Naive Baseline (50%),0.0,0.5
Fold_13,worldcup_2019_ngr_arg_81_94,worldcup_2019,2019,classification,Naive Baseline (50%),0.0,0.5
Fold_13,worldcup_2019_ngr_civ_83_66,worldcup_2019,2019,classification,Naive Baseline (50%),1.0,0.5
Fold_13,worldcup_2019_nzl_bra_94_102,worldcup_2019,2019,classification,Naive Baseline (50%),0.0,0.5
Fold_13,worldcup_2019_nzl_jpn_111_81,worldcup_2019,2019,classification,Naive Baseline (50%),1.0,0.5
Fold_13,worldcup_2019_phi_ita_62_108,worldcup_2019,2019,classification,Naive Baseline (50%),0.0,0.5
Fold_13,worldcup_2019_pol_arg_65_91,worldcup_2019,2019,classification,Naive Baseline (50%),0.0,0.5
Fold_13,worldcup_2019_pol_cze_84_94,worldcup_2019,2019,classification,Naive Baseline (50%),0.0,0.5
Fold_13,worldcup_2019_pol_rus_79_74,worldcup_2019,2019,classification,Naive Baseline (50%),1.0,0.5
Fold_13,worldcup_2019_pol_ven_80_69,worldcup_2019,2019,classification,Naive Baseline (50%),1.0,0.5
Fold_13,worldcup_2019_pur_esp_63_73,worldcup_2019,2019,classification,Naive Baseline (50%),0.0,0.5
Fold_13,worldcup_2019_pur_ita_89_94,worldcup_2019,2019,classification,Naive Baseline (50%),0.0,0.5
Fold_13,worldcup_2019_pur_tun_67_64,worldcup_2019,2019,classification,Naive Baseline (50%),1.0,0.5
Fold_13,worldcup_2019_rus_arg_61_69,worldcup_2019,2019,classification,Naive Baseline (50%),0.0,0.5
Fold_13,worldcup_2019_rus_ngr_82_77,worldcup_2019,2019,classification,Naive Baseline (50%),1.0,0.5
Fold_13,worldcup_2019_sen_ltu_47_101,worldcup_2019,2019,classification,Naive Baseline (50%),0.0,0.5
Fold_13,worldcup_2019_srb_cze_90_81,worldcup_2019,2019,classification,Naive Baseline (50%),1.0,0.5
Fold_13,worldcup_2019_srb_phi_126_67,worldcup_2019,2019,classification,Naive Baseline (50%),1.0,0.5
Fold_13,worldcup_2019_srb_pur_90_47,worldcup_2019,2019,classification,Naive Baseline (50%),1.0,0.5
Fold_13,worldcup_2019_srb_usa_94_89,worldcup_2019,2019,classification,Naive Baseline (50%),1.0,0.5
Fold_13,worldcup_2019_tun_ang_86_84,worldcup_2019,2019,classification,Naive Baseline (50%),1.0,0.5
Fold_13,worldcup_2019_tun_iri_79_67,worldcup_2019,2019,classification,Naive Baseline (50%),1.0,0.5
Fold_13,worldcup_2019_tun_phi_86_67,worldcup_2019,2019,classification,Naive Baseline (50%),1.0,0.5
Fold_13,worldcup_2019_tur_cze_76_91,worldcup_2019,2019,classification,Naive Baseline (50%),0.0,0.5
Fold_13,worldcup_2019_tur_jpn_86_67,worldcup_2019,2019,classification,Naive Baseline (50%),1.0,0.5
Fold_13,worldcup_2019_tur_mne_79_74,worldcup_2019,2019,classification,Naive Baseline (50%),1.0,0.5
Fold_13,worldcup_2019_tur_nzl_101_102,worldcup_2019,2019,classification,Naive Baseline (50%),0.0,0.5
Fold_13,worldcup_2019_usa_bra_89_73,worldcup_2019,2019,classification,Naive Baseline (50%),1.0,0.5
Fold_13,worldcup_2019_usa_fra_79_89,worldcup_2019,2019,classification,Naive Baseline (50%),0.0,0.5
Fold_13,worldcup_2019_usa_gre_69_53,worldcup_2019,2019,classification,Naive Baseline (50%),1.0,0.5
Fold_13,worldcup_2019_usa_jpn_98_45,worldcup_2019,2019,classification,Naive Baseline (50%),1.0,0.5
Fold_13,worldcup_2019_usa_pol_87_74,worldcup_2019,2019,classification,Naive Baseline (50%),1.0,0.5
Fold_13,worldcup_2019_usa_tur_93_92,worldcup_2019,2019,classification,Naive Baseline (50%),1.0,0.5
Fold_13,worldcup_2019_ven_chn_72_59,worldcup_2019,2019,classification,Naive Baseline (50%),1.0,0.5
Fold_13,worldcup_2019_ven_civ_87_71,worldcup_2019,2019,classification,Naive Baseline (50%),1.0,0.5
Fold_13,worldcup_2019_ven_rus_60_69,worldcup_2019,2019,classification,Naive Baseline (50%),0.0,0.5
Fold_13,worldcup_2019_ang_iri_62_71,worldcup_2019,2019,classification,Logistic Regression L2,0.0,0.6289
Fold_13,worldcup_2019_ang_phi_84_81,worldcup_2019,2019,classification,Logistic Regression L2,1.0,0.452
Fold_13,worldcup_2019_ang_srb_59_105,worldcup_2019,2019,classification,Logistic Regression L2,0.0,0.1181
Fold_13,worldcup_2019_arg_esp_75_95,worldcup_2019,2019,classification,Logistic Regression L2,0.0,0.2119
Fold_13,worldcup_2019_arg_fra_80_66,worldcup_2019,2019,classification,Logistic Regression L2,1.0,0.3695
Fold_13,worldcup_2019_arg_kor_95_69,worldcup_2019,2019,classification,Logistic Regression L2,1.0,0.9269
Fold_13,worldcup_2019_arg_srb_97_87,worldcup_2019,2019,classification,Logistic Regression L2,1.0,0.4608
Fold_13,worldcup_2019_arg_ven_87_67,worldcup_2019,2019,classification,Logistic Regression L2,1.0,0.916
Fold_13,worldcup_2019_aus_cze_82_70,worldcup_2019,2019,classification,Logistic Regression L2,1.0,0.7501
Fold_13,worldcup_2019_aus_dom_82_76,worldcup_2019,2019,classification,Logistic Regression L2,1.0,0.7893
Fold_13,worldcup_2019_aus_sen_81_68,worldcup_2019,2019,classification,Logistic Regression L2,1.0,0.8546
Fold_13,worldcup_2019_bra_cze_71_93,worldcup_2019,2019,classification,Logistic Regression L2,0.0,0.6807
Fold_13,worldcup_2019_bra_gre_79_78,worldcup_2019,2019,classification,Logistic Regression L2,1.0,0.2693
Fold_13,worldcup_2019_bra_mne_84_73,worldcup_2019,2019,classification,Logistic Regression L2,1.0,0.6873
Fold_13,worldcup_2019_can_aus_92_108,worldcup_2019,2019,classification,Logistic Regression L2,0.0,0.1847
Fold_13,worldcup_2019_can_jor_126_71,worldcup_2019,2019,classification,Logistic Regression L2,1.0,0.5767
Fold_13,worldcup_2019_can_sen_82_60,worldcup_2019,2019,classification,Logistic Regression L2,1.0,0.5718
Fold_13,worldcup_2019_chn_kor_77_73,worldcup_2019,2019,classification,Logistic Regression L2,1.0,0.6938
Fold_13,worldcup_2019_chn_ngr_73_86,worldcup_2019,2019,classification,Logistic Regression L2,0.0,0.458
Fold_13,worldcup_2019_chn_pol_76_79,worldcup_2019,2019,classification,Logistic Regression L2,0.0,0.3212
Fold_13,worldcup_2019_civ_chn_55_70,worldcup_2019,2019,classification,Logistic Regression L2,0.0,0.3769
Fold_13,worldcup_2019_civ_kor_71_80,worldcup_2019,2019,classification,Logistic Regression L2,0.0,0.5788
Fold_13,worldcup_2019_civ_pol_63_80,worldcup_2019,2019,classification,Logistic Regression L2,0.0,0.223
Fold_13,worldcup_2019_cze_gre_77_84,worldcup_2019,2019,classification,Logistic Regression L2,0.0,0.147
Fold_13,worldcup_2019_cze_usa_67_88,worldcup_2019,2019,classification,Logistic Regression L2,0.0,0.0973
Fold_13,worldcup_2019_dom_fra_56_90,worldcup_2019,2019,classification,Logistic Regression L2,0.0,0.0817
Fold_13,worldcup_2019_dom_jor_80_76,worldcup_2019,2019,classification,Logistic Regression L2,1.0,0.6149
Fold_13,worldcup_2019_dom_ltu_55_74,worldcup_2019,2019,classification,Logistic Regression L2,0.0,0.0747
Fold_13,worldcup_2019_esp_aus_95_88,worldcup_2019,2019,classification,Logistic Regression L2,1.0,0.8965
Fold_13,worldcup_2019_esp_iri_73_65,worldcup_2019,2019,classification,Logistic Regression L2,1.0,0.9757
Fold_13,worldcup_2019_esp_ita_67_60,worldcup_2019,2019,classification,Logistic Regression L2,1.0,0.8646
Fold_13,worldcup_2019_esp_pol_90_78,worldcup_2019,2019,classification,Logistic Regression L2,1.0,0.9459
Fold_13,worldcup_2019_esp_srb_81_69,worldcup_2019,2019,classification,Logistic Regression L2,1.0,0.7602
Fold_13,worldcup_2019_esp_tun_101_62,worldcup_2019,2019,classification,Logistic Regression L2,1.0,0.9799
Fold_13,worldcup_2019_fra_aus_67_59,worldcup_2019,2019,classification,Logistic Regression L2,1.0,0.7989
Fold_13,worldcup_2019_fra_aus_98_100,worldcup_2019,2019,classification,Logistic Regression L2,0.0,0.7486
Fold_13,worldcup_2019_fra_ger_78_74,worldcup_2019,2019,classification,Logistic Regression L2,1.0,0.719
Fold_13,worldcup_2019_fra_ltu_78_75,worldcup_2019,2019,classification,Logistic Regression L2,1.0,0.4753
Fold_13,worldcup_2019_ger_can_82_76,worldcup_2019,2019,classification,Logistic Regression L2,1.0,0.8363
Fold_13,worldcup_2019_ger_dom_68_70,worldcup_2019,2019,classification,Logistic Regression L2,0.0,0.8134
Fold_13,worldcup_2019_ger_jor_96_62,worldcup_2019,2019,classification,Logistic Regression L2,1.0,0.8746
Fold_13,worldcup_2019_ger_sen_89_78,worldcup_2019,2019,classification,Logistic Regression L2,1.0,0.8724
Fold_13,worldcup_2019_gre_mne_85_60,worldcup_2019,2019,classification,Logistic Regression L2,1.0,0.8561
Fold_13,worldcup_2019_gre_nzl_103_97,worldcup_2019,2019,classification,Logistic Regression L2,1.0,0.8682
Fold_13,worldcup_2019_iri_phi_95_75,worldcup_2019,2019,classification,Logistic Regression L2,1.0,0.3267
Fold_13,worldcup_2019_iri_pur_81_83,worldcup_2019,2019,classification,Logistic Regression L2,0.0,0.2935
Fold_13,worldcup_2019_ita_ang_92_61,worldcup_2019,2019,classification,Logistic Regression L2,1.0,0.7866
Fold_13,worldcup_2019_ita_srb_77_92,worldcup_2019,2019,classification,Logistic Regression L2,0.0,0.3311
Fold_13,worldcup_2019_jor_fra_64_103,worldcup_2019,2019,classification,Logistic Regression L2,0.0,0.0526
Fold_13,worldcup_2019_jor_sen_79_77,worldcup_2019,2019,classification,Logistic Regression L2,1.0,0.4944
Fold_13,worldcup_2019_jpn_cze_76_89,worldcup_2019,2019,classification,Logistic Regression L2,0.0,0.2927
Fold_13,worldcup_2019_jpn_mne_65_80,worldcup_2019,2019,classification,Logistic Regression L2,0.0,0.2991
Fold_13,worldcup_2019_kor_ngr_66_108,worldcup_2019,2019,classification,Logistic Regression L2,0.0,0.2711
Fold_13,worldcup_2019_kor_rus_73_87,worldcup_2019,2019,classification,Logistic Regression L2,0.0,0.0512
Fold_13,worldcup_2019_ltu_aus_82_87,worldcup_2019,2019,classification,Logistic Regression L2,0.0,0.7663
Fold_13,worldcup_2019_ltu_can_92_69,worldcup_2019,2019,classification,Logistic Regression L2,1.0,0.9352
Fold_13,worldcup_2019_mne_nzl_83_93,worldcup_2019,2019,classification,Logistic Regression L2,0.0,0.5248
Fold_13,worldcup_2019_ngr_arg_81_94,worldcup_2019,2019,classification,Logistic Regression L2,0.0,0.1738
Fold_13,worldcup_2019_ngr_civ_83_66,worldcup_2019,2019,classification,Logistic Regression L2,1.0,0.6601
Fold_13,worldcup_2019_nzl_bra_94_102,worldcup_2019,2019,classification,Logistic Regression L2,0.0,0.2901
Fold_13,worldcup_2019_nzl_jpn_111_81,worldcup_2019,2019,classification,Logistic Regression L2,1.0,0.6779
Fold_13,worldcup_2019_phi_ita_62_108,worldcup_2019,2019,classification,Logistic Regression L2,0.0,0.246
Fold_13,worldcup_2019_pol_arg_65_91,worldcup_2019,2019,classification,Logistic Regression L2,0.0,0.273
Fold_13,worldcup_2019_pol_cze_84_94,worldcup_2019,2019,classification,Logistic Regression L2,0.0,0.598
Fold_13,worldcup_2019_pol_rus_79_74,worldcup_2019,2019,classification,Logistic Regression L2,1.0,0.2053
Fold_13,worldcup_2019_pol_ven_80_69,worldcup_2019,2019,classification,Logistic Regression L2,1.0,0.8042
Fold_13,worldcup_2019_pur_esp_63_73,worldcup_2019,2019,classification,Logistic Regression L2,0.0,0.0562
Fold_13,worldcup_2019_pur_ita_89_94,worldcup_2019,2019,classification,Logistic Regression L2,0.0,0.276
Fold_13,worldcup_2019_pur_tun_67_64,worldcup_2019,2019,classification,Logistic Regression L2,1.0,0.7441
Fold_13,worldcup_2019_rus_arg_61_69,worldcup_2019,2019,classification,Logistic Regression L2,0.0,0.5919
Fold_13,worldcup_2019_rus_ngr_82_77,worldcup_2019,2019,classification,Logistic Regression L2,1.0,0.873
Fold_13,worldcup_2019_sen_ltu_47_101,worldcup_2019,2019,classification,Logistic Regression L2,0.0,0.049
Fold_13,worldcup_2019_srb_cze_90_81,worldcup_2019,2019,classification,Logistic Regression L2,1.0,0.8601
Fold_13,worldcup_2019_srb_phi_126_67,worldcup_2019,2019,classification,Logistic Regression L2,1.0,0.86
Fold_13,worldcup_2019_srb_pur_90_47,worldcup_2019,2019,classification,Logistic Regression L2,1.0,0.8402
Fold_13,worldcup_2019_srb_usa_94_89,worldcup_2019,2019,classification,Logistic Regression L2,1.0,0.3991
Fold_13,worldcup_2019_tun_ang_86_84,worldcup_2019,2019,classification,Logistic Regression L2,1.0,0.3259
Fold_13,worldcup_2019_tun_iri_79_67,worldcup_2019,2019,classification,Logistic Regression L2,1.0,0.451
Fold_13,worldcup_2019_tun_phi_86_67,worldcup_2019,2019,classification,Logistic Regression L2,1.0,0.2855
Fold_13,worldcup_2019_tur_cze_76_91,worldcup_2019,2019,classification,Logistic Regression L2,0.0,0.7446
Fold_13,worldcup_2019_tur_jpn_86_67,worldcup_2019,2019,classification,Logistic Regression L2,1.0,0.8754
Fold_13,worldcup_2019_tur_mne_79_74,worldcup_2019,2019,classification,Logistic Regression L2,1.0,0.7504
Fold_13,worldcup_2019_tur_nzl_101_102,worldcup_2019,2019,classification,Logistic Regression L2,0.0,0.769
Fold_13,worldcup_2019_usa_bra_89_73,worldcup_2019,2019,classification,Logistic Regression L2,1.0,0.812
Fold_13,worldcup_2019_usa_fra_79_89,worldcup_2019,2019,classification,Logistic Regression L2,0.0,0.6463
Fold_13,worldcup_2019_usa_gre_69_53,worldcup_2019,2019,classification,Logistic Regression L2,1.0,0.6148
Fold_13,worldcup_2019_usa_jpn_98_45,worldcup_2019,2019,classification,Logistic Regression L2,1.0,0.957
Fold_13,worldcup_2019_usa_pol_87_74,worldcup_2019,2019,classification,Logistic Regression L2,1.0,0.9167
Fold_13,worldcup_2019_usa_tur_93_92,worldcup_2019,2019,classification,Logistic Regression L2,1.0,0.7595
Fold_13,worldcup_2019_ven_chn_72_59,worldcup_2019,2019,classification,Logistic Regression L2,1.0,0.3379
Fold_13,worldcup_2019_ven_civ_87_71,worldcup_2019,2019,classification,Logistic Regression L2,1.0,0.457
Fold_13,worldcup_2019_ven_rus_60_69,worldcup_2019,2019,classification,Logistic Regression L2,0.0,0.059
Fold_13,worldcup_2019_ang_iri_62_71,worldcup_2019,2019,classification,ElasticNet Classifier,0.0,0.6471
Fold_13,worldcup_2019_ang_phi_84_81,worldcup_2019,2019,classification,ElasticNet Classifier,1.0,0.4724
Fold_13,worldcup_2019_ang_srb_59_105,worldcup_2019,2019,classification,ElasticNet Classifier,0.0,0.1222
Fold_13,worldcup_2019_arg_esp_75_95,worldcup_2019,2019,classification,ElasticNet Classifier,0.0,0.1856
Fold_13,worldcup_2019_arg_fra_80_66,worldcup_2019,2019,classification,ElasticNet Classifier,1.0,0.332
Fold_13,worldcup_2019_arg_kor_95_69,worldcup_2019,2019,classification,ElasticNet Classifier,1.0,0.9326
Fold_13,worldcup_2019_arg_srb_97_87,worldcup_2019,2019,classification,ElasticNet Classifier,1.0,0.4249
Fold_13,worldcup_2019_arg_ven_87_67,worldcup_2019,2019,classification,ElasticNet Classifier,1.0,0.9214
Fold_13,worldcup_2019_aus_cze_82_70,worldcup_2019,2019,classification,ElasticNet Classifier,1.0,0.7291
Fold_13,worldcup_2019_aus_dom_82_76,worldcup_2019,2019,classification,ElasticNet Classifier,1.0,0.8034
Fold_13,worldcup_2019_aus_sen_81_68,worldcup_2019,2019,classification,ElasticNet Classifier,1.0,0.8641
Fold_13,worldcup_2019_bra_cze_71_93,worldcup_2019,2019,classification,ElasticNet Classifier,0.0,0.6963
Fold_13,worldcup_2019_bra_gre_79_78,worldcup_2019,2019,classification,ElasticNet Classifier,1.0,0.2746
Fold_13,worldcup_2019_bra_mne_84_73,worldcup_2019,2019,classification,ElasticNet Classifier,1.0,0.7025
Fold_13,worldcup_2019_can_aus_92_108,worldcup_2019,2019,classification,ElasticNet Classifier,0.0,0.1937
Fold_13,worldcup_2019_can_jor_126_71,worldcup_2019,2019,classification,ElasticNet Classifier,1.0,0.5964
Fold_13,worldcup_2019_can_sen_82_60,worldcup_2019,2019,classification,ElasticNet Classifier,1.0,0.5878
Fold_13,worldcup_2019_chn_kor_77_73,worldcup_2019,2019,classification,ElasticNet Classifier,1.0,0.7134
Fold_13,worldcup_2019_chn_ngr_73_86,worldcup_2019,2019,classification,ElasticNet Classifier,0.0,0.4802
Fold_13,worldcup_2019_chn_pol_76_79,worldcup_2019,2019,classification,ElasticNet Classifier,0.0,0.3387
Fold_13,worldcup_2019_civ_chn_55_70,worldcup_2019,2019,classification,ElasticNet Classifier,0.0,0.3883
Fold_13,worldcup_2019_civ_kor_71_80,worldcup_2019,2019,classification,ElasticNet Classifier,0.0,0.5959
Fold_13,worldcup_2019_civ_pol_63_80,worldcup_2019,2019,classification,ElasticNet Classifier,0.0,0.2328
Fold_13,worldcup_2019_cze_gre_77_84,worldcup_2019,2019,classification,ElasticNet Classifier,0.0,0.1503
Fold_13,worldcup_2019_cze_usa_67_88,worldcup_2019,2019,classification,ElasticNet Classifier,0.0,0.1034
Fold_13,worldcup_2019_dom_fra_56_90,worldcup_2019,2019,classification,ElasticNet Classifier,0.0,0.0822
Fold_13,worldcup_2019_dom_jor_80_76,worldcup_2019,2019,classification,ElasticNet Classifier,1.0,0.6334
Fold_13,worldcup_2019_dom_ltu_55_74,worldcup_2019,2019,classification,ElasticNet Classifier,0.0,0.075
Fold_13,worldcup_2019_esp_aus_95_88,worldcup_2019,2019,classification,ElasticNet Classifier,1.0,0.8899
Fold_13,worldcup_2019_esp_iri_73_65,worldcup_2019,2019,classification,ElasticNet Classifier,1.0,0.9786
Fold_13,worldcup_2019_esp_ita_67_60,worldcup_2019,2019,classification,ElasticNet Classifier,1.0,0.8771
Fold_13,worldcup_2019_esp_pol_90_78,worldcup_2019,2019,classification,ElasticNet Classifier,1.0,0.9423
Fold_13,worldcup_2019_esp_srb_81_69,worldcup_2019,2019,classification,ElasticNet Classifier,1.0,0.7765
Fold_13,worldcup_2019_esp_tun_101_62,worldcup_2019,2019,classification,ElasticNet Classifier,1.0,0.9822
Fold_13,worldcup_2019_fra_aus_67_59,worldcup_2019,2019,classification,ElasticNet Classifier,1.0,0.7875
Fold_13,worldcup_2019_fra_aus_98_100,worldcup_2019,2019,classification,ElasticNet Classifier,0.0,0.7705
Fold_13,worldcup_2019_fra_ger_78_74,worldcup_2019,2019,classification,ElasticNet Classifier,1.0,0.738
Fold_13,worldcup_2019_fra_ltu_78_75,worldcup_2019,2019,classification,ElasticNet Classifier,1.0,0.4923
Fold_13,worldcup_2019_ger_can_82_76,worldcup_2019,2019,classification,ElasticNet Classifier,1.0,0.8506
Fold_13,worldcup_2019_ger_dom_68_70,worldcup_2019,2019,classification,ElasticNet Classifier,0.0,0.8296
Fold_13,worldcup_2019_ger_jor_96_62,worldcup_2019,2019,classification,ElasticNet Classifier,1.0,0.887
Fold_13,worldcup_2019_ger_sen_89_78,worldcup_2019,2019,classification,ElasticNet Classifier,1.0,0.8834
Fold_13,worldcup_2019_gre_mne_85_60,worldcup_2019,2019,classification,ElasticNet Classifier,1.0,0.8698
Fold_13,worldcup_2019_gre_nzl_103_97,worldcup_2019,2019,classification,ElasticNet Classifier,1.0,0.8812
Fold_13,worldcup_2019_iri_phi_95_75,worldcup_2019,2019,classification,ElasticNet Classifier,1.0,0.3434
Fold_13,worldcup_2019_iri_pur_81_83,worldcup_2019,2019,classification,ElasticNet Classifier,0.0,0.3108
Fold_13,worldcup_2019_ita_ang_92_61,worldcup_2019,2019,classification,ElasticNet Classifier,1.0,0.8005
Fold_13,worldcup_2019_ita_srb_77_92,worldcup_2019,2019,classification,ElasticNet Classifier,0.0,0.3427
Fold_13,worldcup_2019_jor_fra_64_103,worldcup_2019,2019,classification,ElasticNet Classifier,0.0,0.0526
Fold_13,worldcup_2019_jor_sen_79_77,worldcup_2019,2019,classification,ElasticNet Classifier,1.0,0.5083
Fold_13,worldcup_2019_jpn_cze_76_89,worldcup_2019,2019,classification,ElasticNet Classifier,0.0,0.3047
Fold_13,worldcup_2019_jpn_mne_65_80,worldcup_2019,2019,classification,ElasticNet Classifier,0.0,0.311
Fold_13,worldcup_2019_kor_ngr_66_108,worldcup_2019,2019,classification,ElasticNet Classifier,0.0,0.2845
Fold_13,worldcup_2019_kor_rus_73_87,worldcup_2019,2019,classification,ElasticNet Classifier,0.0,0.0524
Fold_13,worldcup_2019_ltu_aus_82_87,worldcup_2019,2019,classification,ElasticNet Classifier,0.0,0.7876
Fold_13,worldcup_2019_ltu_can_92_69,worldcup_2019,2019,classification,ElasticNet Classifier,1.0,0.943
Fold_13,worldcup_2019_mne_nzl_83_93,worldcup_2019,2019,classification,ElasticNet Classifier,0.0,0.5432
Fold_13,worldcup_2019_ngr_arg_81_94,worldcup_2019,2019,classification,ElasticNet Classifier,0.0,0.1825
Fold_13,worldcup_2019_ngr_civ_83_66,worldcup_2019,2019,classification,ElasticNet Classifier,1.0,0.677
Fold_13,worldcup_2019_nzl_bra_94_102,worldcup_2019,2019,classification,ElasticNet Classifier,0.0,0.3044
Fold_13,worldcup_2019_nzl_jpn_111_81,worldcup_2019,2019,classification,ElasticNet Classifier,1.0,0.696
Fold_13,worldcup_2019_phi_ita_62_108,worldcup_2019,2019,classification,ElasticNet Classifier,0.0,0.2548
Fold_13,worldcup_2019_pol_arg_65_91,worldcup_2019,2019,classification,ElasticNet Classifier,0.0,0.2871
Fold_13,worldcup_2019_pol_cze_84_94,worldcup_2019,2019,classification,ElasticNet Classifier,0.0,0.5714
Fold_13,worldcup_2019_pol_rus_79_74,worldcup_2019,2019,classification,ElasticNet Classifier,1.0,0.2118
Fold_13,worldcup_2019_pol_ven_80_69,worldcup_2019,2019,classification,ElasticNet Classifier,1.0,0.815
Fold_13,worldcup_2019_pur_esp_63_73,worldcup_2019,2019,classification,ElasticNet Classifier,0.0,0.0562
Fold_13,worldcup_2019_pur_ita_89_94,worldcup_2019,2019,classification,ElasticNet Classifier,0.0,0.2841
Fold_13,worldcup_2019_pur_tun_67_64,worldcup_2019,2019,classification,ElasticNet Classifier,1.0,0.754
Fold_13,worldcup_2019_rus_arg_61_69,worldcup_2019,2019,classification,ElasticNet Classifier,0.0,0.6162
Fold_13,worldcup_2019_rus_ngr_82_77,worldcup_2019,2019,classification,ElasticNet Classifier,1.0,0.8851
Fold_13,worldcup_2019_sen_ltu_47_101,worldcup_2019,2019,classification,ElasticNet Classifier,0.0,0.0495
Fold_13,worldcup_2019_srb_cze_90_81,worldcup_2019,2019,classification,ElasticNet Classifier,1.0,0.8501
Fold_13,worldcup_2019_srb_phi_126_67,worldcup_2019,2019,classification,ElasticNet Classifier,1.0,0.8733
Fold_13,worldcup_2019_srb_pur_90_47,worldcup_2019,2019,classification,ElasticNet Classifier,1.0,0.8559
Fold_13,worldcup_2019_srb_usa_94_89,worldcup_2019,2019,classification,ElasticNet Classifier,1.0,0.3792
Fold_13,worldcup_2019_tun_ang_86_84,worldcup_2019,2019,classification,ElasticNet Classifier,1.0,0.3419
Fold_13,worldcup_2019_tun_iri_79_67,worldcup_2019,2019,classification,ElasticNet Classifier,1.0,0.4707
Fold_13,worldcup_2019_tun_phi_86_67,worldcup_2019,2019,classification,ElasticNet Classifier,1.0,0.3028
Fold_13,worldcup_2019_tur_cze_76_91,worldcup_2019,2019,classification,ElasticNet Classifier,0.0,0.7647
Fold_13,worldcup_2019_tur_jpn_86_67,worldcup_2019,2019,classification,ElasticNet Classifier,1.0,0.8882
Fold_13,worldcup_2019_tur_mne_79_74,worldcup_2019,2019,classification,ElasticNet Classifier,1.0,0.77
Fold_13,worldcup_2019_tur_nzl_101_102,worldcup_2019,2019,classification,ElasticNet Classifier,0.0,0.788
Fold_13,worldcup_2019_usa_bra_89_73,worldcup_2019,2019,classification,ElasticNet Classifier,1.0,0.823
Fold_13,worldcup_2019_usa_fra_79_89,worldcup_2019,2019,classification,ElasticNet Classifier,0.0,0.6062
Fold_13,worldcup_2019_usa_gre_69_53,worldcup_2019,2019,classification,ElasticNet Classifier,1.0,0.6216
Fold_13,worldcup_2019_usa_jpn_98_45,worldcup_2019,2019,classification,ElasticNet Classifier,1.0,0.9605
Fold_13,worldcup_2019_usa_pol_87_74,worldcup_2019,2019,classification,ElasticNet Classifier,1.0,0.9069
Fold_13,worldcup_2019_usa_tur_93_92,worldcup_2019,2019,classification,ElasticNet Classifier,1.0,0.7663
Fold_13,worldcup_2019_ven_chn_72_59,worldcup_2019,2019,classification,ElasticNet Classifier,1.0,0.3526
Fold_13,worldcup_2019_ven_civ_87_71,worldcup_2019,2019,classification,ElasticNet Classifier,1.0,0.4789
Fold_13,worldcup_2019_ven_rus_60_69,worldcup_2019,2019,classification,ElasticNet Classifier,0.0,0.0613
Fold_13,worldcup_2019_ang_iri_62_71,worldcup_2019,2019,classification,LightGBM Classifier,0.0,0.7059
Fold_13,worldcup_2019_ang_phi_84_81,worldcup_2019,2019,classification,LightGBM Classifier,1.0,0.4325
Fold_13,worldcup_2019_ang_srb_59_105,worldcup_2019,2019,classification,LightGBM Classifier,0.0,0.0977
Fold_13,worldcup_2019_arg_esp_75_95,worldcup_2019,2019,classification,LightGBM Classifier,0.0,0.1584
Fold_13,worldcup_2019_arg_fra_80_66,worldcup_2019,2019,classification,LightGBM Classifier,1.0,0.5343
Fold_13,worldcup_2019_arg_kor_95_69,worldcup_2019,2019,classification,LightGBM Classifier,1.0,0.9216
Fold_13,worldcup_2019_arg_srb_97_87,worldcup_2019,2019,classification,LightGBM Classifier,1.0,0.5268
Fold_13,worldcup_2019_arg_ven_87_67,worldcup_2019,2019,classification,LightGBM Classifier,1.0,0.917
Fold_13,worldcup_2019_aus_cze_82_70,worldcup_2019,2019,classification,LightGBM Classifier,1.0,0.7292
Fold_13,worldcup_2019_aus_dom_82_76,worldcup_2019,2019,classification,LightGBM Classifier,1.0,0.6429
Fold_13,worldcup_2019_aus_sen_81_68,worldcup_2019,2019,classification,LightGBM Classifier,1.0,0.9216
Fold_13,worldcup_2019_bra_cze_71_93,worldcup_2019,2019,classification,LightGBM Classifier,0.0,0.6784
Fold_13,worldcup_2019_bra_gre_79_78,worldcup_2019,2019,classification,LightGBM Classifier,1.0,0.3341
Fold_13,worldcup_2019_bra_mne_84_73,worldcup_2019,2019,classification,LightGBM Classifier,1.0,0.6819
Fold_13,worldcup_2019_can_aus_92_108,worldcup_2019,2019,classification,LightGBM Classifier,0.0,0.3892
Fold_13,worldcup_2019_can_jor_126_71,worldcup_2019,2019,classification,LightGBM Classifier,1.0,0.6683
Fold_13,worldcup_2019_can_sen_82_60,worldcup_2019,2019,classification,LightGBM Classifier,1.0,0.6327
Fold_13,worldcup_2019_chn_kor_77_73,worldcup_2019,2019,classification,LightGBM Classifier,1.0,0.5331
Fold_13,worldcup_2019_chn_ngr_73_86,worldcup_2019,2019,classification,LightGBM Classifier,0.0,0.4192
Fold_13,worldcup_2019_chn_pol_76_79,worldcup_2019,2019,classification,LightGBM Classifier,0.0,0.3077
Fold_13,worldcup_2019_civ_chn_55_70,worldcup_2019,2019,classification,LightGBM Classifier,0.0,0.4012
Fold_13,worldcup_2019_civ_kor_71_80,worldcup_2019,2019,classification,LightGBM Classifier,0.0,0.4735
Fold_13,worldcup_2019_civ_pol_63_80,worldcup_2019,2019,classification,LightGBM Classifier,0.0,0.2051
Fold_13,worldcup_2019_cze_gre_77_84,worldcup_2019,2019,classification,LightGBM Classifier,0.0,0.1535
Fold_13,worldcup_2019_cze_usa_67_88,worldcup_2019,2019,classification,LightGBM Classifier,0.0,0.1495
Fold_13,worldcup_2019_dom_fra_56_90,worldcup_2019,2019,classification,LightGBM Classifier,0.0,0.1131
Fold_13,worldcup_2019_dom_jor_80_76,worldcup_2019,2019,classification,LightGBM Classifier,1.0,0.6168
Fold_13,worldcup_2019_dom_ltu_55_74,worldcup_2019,2019,classification,LightGBM Classifier,0.0,0.124
Fold_13,worldcup_2019_esp_aus_95_88,worldcup_2019,2019,classification,LightGBM Classifier,1.0,0.7356
Fold_13,worldcup_2019_esp_iri_73_65,worldcup_2019,2019,classification,LightGBM Classifier,1.0,0.9252
Fold_13,worldcup_2019_esp_ita_67_60,worldcup_2019,2019,classification,LightGBM Classifier,1.0,0.7279
Fold_13,worldcup_2019_esp_pol_90_78,worldcup_2019,2019,classification,LightGBM Classifier,1.0,0.9175
Fold_13,worldcup_2019_esp_srb_81_69,worldcup_2019,2019,classification,LightGBM Classifier,1.0,0.6933
Fold_13,worldcup_2019_esp_tun_101_62,worldcup_2019,2019,classification,LightGBM Classifier,1.0,0.917
Fold_13,worldcup_2019_fra_aus_67_59,worldcup_2019,2019,classification,LightGBM Classifier,1.0,0.5174
Fold_13,worldcup_2019_fra_aus_98_100,worldcup_2019,2019,classification,LightGBM Classifier,0.0,0.4752
Fold_13,worldcup_2019_fra_ger_78_74,worldcup_2019,2019,classification,LightGBM Classifier,1.0,0.6891
Fold_13,worldcup_2019_fra_ltu_78_75,worldcup_2019,2019,classification,LightGBM Classifier,1.0,0.4643
Fold_13,worldcup_2019_ger_can_82_76,worldcup_2019,2019,classification,LightGBM Classifier,1.0,0.6859
Fold_13,worldcup_2019_ger_dom_68_70,worldcup_2019,2019,classification,LightGBM Classifier,0.0,0.5983
Fold_13,worldcup_2019_ger_jor_96_62,worldcup_2019,2019,classification,LightGBM Classifier,1.0,0.5769
Fold_13,worldcup_2019_ger_sen_89_78,worldcup_2019,2019,classification,LightGBM Classifier,1.0,0.6817
Fold_13,worldcup_2019_gre_mne_85_60,worldcup_2019,2019,classification,LightGBM Classifier,1.0,0.73
Fold_13,worldcup_2019_gre_nzl_103_97,worldcup_2019,2019,classification,LightGBM Classifier,1.0,0.7607
Fold_13,worldcup_2019_iri_phi_95_75,worldcup_2019,2019,classification,LightGBM Classifier,1.0,0.4378
Fold_13,worldcup_2019_iri_pur_81_83,worldcup_2019,2019,classification,LightGBM Classifier,0.0,0.2978
Fold_13,worldcup_2019_ita_ang_92_61,worldcup_2019,2019,classification,LightGBM Classifier,1.0,0.7121
Fold_13,worldcup_2019_ita_srb_77_92,worldcup_2019,2019,classification,LightGBM Classifier,0.0,0.4749
Fold_13,worldcup_2019_jor_fra_64_103,worldcup_2019,2019,classification,LightGBM Classifier,0.0,0.069
Fold_13,worldcup_2019_jor_sen_79_77,worldcup_2019,2019,classification,LightGBM Classifier,1.0,0.6396
Fold_13,worldcup_2019_jpn_cze_76_89,worldcup_2019,2019,classification,LightGBM Classifier,0.0,0.4384
Fold_13,worldcup_2019_jpn_mne_65_80,worldcup_2019,2019,classification,LightGBM Classifier,0.0,0.439
Fold_13,worldcup_2019_kor_ngr_66_108,worldcup_2019,2019,classification,LightGBM Classifier,0.0,0.3782
Fold_13,worldcup_2019_kor_rus_73_87,worldcup_2019,2019,classification,LightGBM Classifier,0.0,0.0639
Fold_13,worldcup_2019_ltu_aus_82_87,worldcup_2019,2019,classification,LightGBM Classifier,0.0,0.4887
Fold_13,worldcup_2019_ltu_can_92_69,worldcup_2019,2019,classification,LightGBM Classifier,1.0,0.6494
Fold_13,worldcup_2019_mne_nzl_83_93,worldcup_2019,2019,classification,LightGBM Classifier,0.0,0.5559
Fold_13,worldcup_2019_ngr_arg_81_94,worldcup_2019,2019,classification,LightGBM Classifier,0.0,0.2519
Fold_13,worldcup_2019_ngr_civ_83_66,worldcup_2019,2019,classification,LightGBM Classifier,1.0,0.7871
Fold_13,worldcup_2019_nzl_bra_94_102,worldcup_2019,2019,classification,LightGBM Classifier,0.0,0.3743
Fold_13,worldcup_2019_nzl_jpn_111_81,worldcup_2019,2019,classification,LightGBM Classifier,1.0,0.6851
Fold_13,worldcup_2019_phi_ita_62_108,worldcup_2019,2019,classification,LightGBM Classifier,0.0,0.3625
Fold_13,worldcup_2019_pol_arg_65_91,worldcup_2019,2019,classification,LightGBM Classifier,0.0,0.3774
Fold_13,worldcup_2019_pol_cze_84_94,worldcup_2019,2019,classification,LightGBM Classifier,0.0,0.4846
Fold_13,worldcup_2019_pol_rus_79_74,worldcup_2019,2019,classification,LightGBM Classifier,1.0,0.2801
Fold_13,worldcup_2019_pol_ven_80_69,worldcup_2019,2019,classification,LightGBM Classifier,1.0,0.8756
Fold_13,worldcup_2019_pur_esp_63_73,worldcup_2019,2019,classification,LightGBM Classifier,0.0,0.079
Fold_13,worldcup_2019_pur_ita_89_94,worldcup_2019,2019,classification,LightGBM Classifier,0.0,0.3779
Fold_13,worldcup_2019_pur_tun_67_64,worldcup_2019,2019,classification,LightGBM Classifier,1.0,0.7457
Fold_13,worldcup_2019_rus_arg_61_69,worldcup_2019,2019,classification,LightGBM Classifier,0.0,0.6217
Fold_13,worldcup_2019_rus_ngr_82_77,worldcup_2019,2019,classification,LightGBM Classifier,1.0,0.7646
Fold_13,worldcup_2019_sen_ltu_47_101,worldcup_2019,2019,classification,LightGBM Classifier,0.0,0.061
Fold_13,worldcup_2019_srb_cze_90_81,worldcup_2019,2019,classification,LightGBM Classifier,1.0,0.7433
Fold_13,worldcup_2019_srb_phi_126_67,worldcup_2019,2019,classification,LightGBM Classifier,1.0,0.6824
Fold_13,worldcup_2019_srb_pur_90_47,worldcup_2019,2019,classification,LightGBM Classifier,1.0,0.7202
Fold_13,worldcup_2019_srb_usa_94_89,worldcup_2019,2019,classification,LightGBM Classifier,1.0,0.2106
Fold_13,worldcup_2019_tun_ang_86_84,worldcup_2019,2019,classification,LightGBM Classifier,1.0,0.6556
Fold_13,worldcup_2019_tun_iri_79_67,worldcup_2019,2019,classification,LightGBM Classifier,1.0,0.6255
Fold_13,worldcup_2019_tun_phi_86_67,worldcup_2019,2019,classification,LightGBM Classifier,1.0,0.4074
Fold_13,worldcup_2019_tur_cze_76_91,worldcup_2019,2019,classification,LightGBM Classifier,0.0,0.5778
Fold_13,worldcup_2019_tur_jpn_86_67,worldcup_2019,2019,classification,LightGBM Classifier,1.0,0.7122
Fold_13,worldcup_2019_tur_mne_79_74,worldcup_2019,2019,classification,LightGBM Classifier,1.0,0.593
Fold_13,worldcup_2019_tur_nzl_101_102,worldcup_2019,2019,classification,LightGBM Classifier,0.0,0.6831
Fold_13,worldcup_2019_usa_bra_89_73,worldcup_2019,2019,classification,LightGBM Classifier,1.0,0.9014
Fold_13,worldcup_2019_usa_fra_79_89,worldcup_2019,2019,classification,LightGBM Classifier,0.0,0.8901
Fold_13,worldcup_2019_usa_gre_69_53,worldcup_2019,2019,classification,LightGBM Classifier,1.0,0.8916
Fold_13,worldcup_2019_usa_jpn_98_45,worldcup_2019,2019,classification,LightGBM Classifier,1.0,0.92
Fold_13,worldcup_2019_usa_pol_87_74,worldcup_2019,2019,classification,LightGBM Classifier,1.0,0.9362
Fold_13,worldcup_2019_usa_tur_93_92,worldcup_2019,2019,classification,LightGBM Classifier,1.0,0.9007
Fold_13,worldcup_2019_ven_chn_72_59,worldcup_2019,2019,classification,LightGBM Classifier,1.0,0.5893
Fold_13,worldcup_2019_ven_civ_87_71,worldcup_2019,2019,classification,LightGBM Classifier,1.0,0.6494
Fold_13,worldcup_2019_ven_rus_60_69,worldcup_2019,2019,classification,LightGBM Classifier,0.0,0.0741
Fold_13,worldcup_2019_ang_iri_62_71,worldcup_2019,2019,regression,Naive Margin (0.0 pts),-9.0,0.0
Fold_13,worldcup_2019_ang_phi_84_81,worldcup_2019,2019,regression,Naive Margin (0.0 pts),3.0,0.0
Fold_13,worldcup_2019_ang_srb_59_105,worldcup_2019,2019,regression,Naive Margin (0.0 pts),-46.0,0.0
Fold_13,worldcup_2019_arg_esp_75_95,worldcup_2019,2019,regression,Naive Margin (0.0 pts),-20.0,0.0
Fold_13,worldcup_2019_arg_fra_80_66,worldcup_2019,2019,regression,Naive Margin (0.0 pts),14.0,0.0
Fold_13,worldcup_2019_arg_kor_95_69,worldcup_2019,2019,regression,Naive Margin (0.0 pts),26.0,0.0
Fold_13,worldcup_2019_arg_srb_97_87,worldcup_2019,2019,regression,Naive Margin (0.0 pts),10.0,0.0
Fold_13,worldcup_2019_arg_ven_87_67,worldcup_2019,2019,regression,Naive Margin (0.0 pts),20.0,0.0
Fold_13,worldcup_2019_aus_cze_82_70,worldcup_2019,2019,regression,Naive Margin (0.0 pts),12.0,0.0
Fold_13,worldcup_2019_aus_dom_82_76,worldcup_2019,2019,regression,Naive Margin (0.0 pts),6.0,0.0
Fold_13,worldcup_2019_aus_sen_81_68,worldcup_2019,2019,regression,Naive Margin (0.0 pts),13.0,0.0
Fold_13,worldcup_2019_bra_cze_71_93,worldcup_2019,2019,regression,Naive Margin (0.0 pts),-22.0,0.0
Fold_13,worldcup_2019_bra_gre_79_78,worldcup_2019,2019,regression,Naive Margin (0.0 pts),1.0,0.0
Fold_13,worldcup_2019_bra_mne_84_73,worldcup_2019,2019,regression,Naive Margin (0.0 pts),11.0,0.0
Fold_13,worldcup_2019_can_aus_92_108,worldcup_2019,2019,regression,Naive Margin (0.0 pts),-16.0,0.0
Fold_13,worldcup_2019_can_jor_126_71,worldcup_2019,2019,regression,Naive Margin (0.0 pts),55.0,0.0
Fold_13,worldcup_2019_can_sen_82_60,worldcup_2019,2019,regression,Naive Margin (0.0 pts),22.0,0.0
Fold_13,worldcup_2019_chn_kor_77_73,worldcup_2019,2019,regression,Naive Margin (0.0 pts),4.0,0.0
Fold_13,worldcup_2019_chn_ngr_73_86,worldcup_2019,2019,regression,Naive Margin (0.0 pts),-13.0,0.0
Fold_13,worldcup_2019_chn_pol_76_79,worldcup_2019,2019,regression,Naive Margin (0.0 pts),-3.0,0.0
Fold_13,worldcup_2019_civ_chn_55_70,worldcup_2019,2019,regression,Naive Margin (0.0 pts),-15.0,0.0
Fold_13,worldcup_2019_civ_kor_71_80,worldcup_2019,2019,regression,Naive Margin (0.0 pts),-9.0,0.0
Fold_13,worldcup_2019_civ_pol_63_80,worldcup_2019,2019,regression,Naive Margin (0.0 pts),-17.0,0.0
Fold_13,worldcup_2019_cze_gre_77_84,worldcup_2019,2019,regression,Naive Margin (0.0 pts),-7.0,0.0
Fold_13,worldcup_2019_cze_usa_67_88,worldcup_2019,2019,regression,Naive Margin (0.0 pts),-21.0,0.0
Fold_13,worldcup_2019_dom_fra_56_90,worldcup_2019,2019,regression,Naive Margin (0.0 pts),-34.0,0.0
Fold_13,worldcup_2019_dom_jor_80_76,worldcup_2019,2019,regression,Naive Margin (0.0 pts),4.0,0.0
Fold_13,worldcup_2019_dom_ltu_55_74,worldcup_2019,2019,regression,Naive Margin (0.0 pts),-19.0,0.0
Fold_13,worldcup_2019_esp_aus_95_88,worldcup_2019,2019,regression,Naive Margin (0.0 pts),7.0,0.0
Fold_13,worldcup_2019_esp_iri_73_65,worldcup_2019,2019,regression,Naive Margin (0.0 pts),8.0,0.0
Fold_13,worldcup_2019_esp_ita_67_60,worldcup_2019,2019,regression,Naive Margin (0.0 pts),7.0,0.0
Fold_13,worldcup_2019_esp_pol_90_78,worldcup_2019,2019,regression,Naive Margin (0.0 pts),12.0,0.0
Fold_13,worldcup_2019_esp_srb_81_69,worldcup_2019,2019,regression,Naive Margin (0.0 pts),12.0,0.0
Fold_13,worldcup_2019_esp_tun_101_62,worldcup_2019,2019,regression,Naive Margin (0.0 pts),39.0,0.0
Fold_13,worldcup_2019_fra_aus_67_59,worldcup_2019,2019,regression,Naive Margin (0.0 pts),8.0,0.0
Fold_13,worldcup_2019_fra_aus_98_100,worldcup_2019,2019,regression,Naive Margin (0.0 pts),-2.0,0.0
Fold_13,worldcup_2019_fra_ger_78_74,worldcup_2019,2019,regression,Naive Margin (0.0 pts),4.0,0.0
Fold_13,worldcup_2019_fra_ltu_78_75,worldcup_2019,2019,regression,Naive Margin (0.0 pts),3.0,0.0
Fold_13,worldcup_2019_ger_can_82_76,worldcup_2019,2019,regression,Naive Margin (0.0 pts),6.0,0.0
Fold_13,worldcup_2019_ger_dom_68_70,worldcup_2019,2019,regression,Naive Margin (0.0 pts),-2.0,0.0
Fold_13,worldcup_2019_ger_jor_96_62,worldcup_2019,2019,regression,Naive Margin (0.0 pts),34.0,0.0
Fold_13,worldcup_2019_ger_sen_89_78,worldcup_2019,2019,regression,Naive Margin (0.0 pts),11.0,0.0
Fold_13,worldcup_2019_gre_mne_85_60,worldcup_2019,2019,regression,Naive Margin (0.0 pts),25.0,0.0
Fold_13,worldcup_2019_gre_nzl_103_97,worldcup_2019,2019,regression,Naive Margin (0.0 pts),6.0,0.0
Fold_13,worldcup_2019_iri_phi_95_75,worldcup_2019,2019,regression,Naive Margin (0.0 pts),20.0,0.0
Fold_13,worldcup_2019_iri_pur_81_83,worldcup_2019,2019,regression,Naive Margin (0.0 pts),-2.0,0.0
Fold_13,worldcup_2019_ita_ang_92_61,worldcup_2019,2019,regression,Naive Margin (0.0 pts),31.0,0.0
Fold_13,worldcup_2019_ita_srb_77_92,worldcup_2019,2019,regression,Naive Margin (0.0 pts),-15.0,0.0
Fold_13,worldcup_2019_jor_fra_64_103,worldcup_2019,2019,regression,Naive Margin (0.0 pts),-39.0,0.0
Fold_13,worldcup_2019_jor_sen_79_77,worldcup_2019,2019,regression,Naive Margin (0.0 pts),2.0,0.0
Fold_13,worldcup_2019_jpn_cze_76_89,worldcup_2019,2019,regression,Naive Margin (0.0 pts),-13.0,0.0
Fold_13,worldcup_2019_jpn_mne_65_80,worldcup_2019,2019,regression,Naive Margin (0.0 pts),-15.0,0.0
Fold_13,worldcup_2019_kor_ngr_66_108,worldcup_2019,2019,regression,Naive Margin (0.0 pts),-42.0,0.0
Fold_13,worldcup_2019_kor_rus_73_87,worldcup_2019,2019,regression,Naive Margin (0.0 pts),-14.0,0.0
Fold_13,worldcup_2019_ltu_aus_82_87,worldcup_2019,2019,regression,Naive Margin (0.0 pts),-5.0,0.0
Fold_13,worldcup_2019_ltu_can_92_69,worldcup_2019,2019,regression,Naive Margin (0.0 pts),23.0,0.0
Fold_13,worldcup_2019_mne_nzl_83_93,worldcup_2019,2019,regression,Naive Margin (0.0 pts),-10.0,0.0
Fold_13,worldcup_2019_ngr_arg_81_94,worldcup_2019,2019,regression,Naive Margin (0.0 pts),-13.0,0.0
Fold_13,worldcup_2019_ngr_civ_83_66,worldcup_2019,2019,regression,Naive Margin (0.0 pts),17.0,0.0
Fold_13,worldcup_2019_nzl_bra_94_102,worldcup_2019,2019,regression,Naive Margin (0.0 pts),-8.0,0.0
Fold_13,worldcup_2019_nzl_jpn_111_81,worldcup_2019,2019,regression,Naive Margin (0.0 pts),30.0,0.0
Fold_13,worldcup_2019_phi_ita_62_108,worldcup_2019,2019,regression,Naive Margin (0.0 pts),-46.0,0.0
Fold_13,worldcup_2019_pol_arg_65_91,worldcup_2019,2019,regression,Naive Margin (0.0 pts),-26.0,0.0
Fold_13,worldcup_2019_pol_cze_84_94,worldcup_2019,2019,regression,Naive Margin (0.0 pts),-10.0,0.0
Fold_13,worldcup_2019_pol_rus_79_74,worldcup_2019,2019,regression,Naive Margin (0.0 pts),5.0,0.0
Fold_13,worldcup_2019_pol_ven_80_69,worldcup_2019,2019,regression,Naive Margin (0.0 pts),11.0,0.0
Fold_13,worldcup_2019_pur_esp_63_73,worldcup_2019,2019,regression,Naive Margin (0.0 pts),-10.0,0.0
Fold_13,worldcup_2019_pur_ita_89_94,worldcup_2019,2019,regression,Naive Margin (0.0 pts),-5.0,0.0
Fold_13,worldcup_2019_pur_tun_67_64,worldcup_2019,2019,regression,Naive Margin (0.0 pts),3.0,0.0
Fold_13,worldcup_2019_rus_arg_61_69,worldcup_2019,2019,regression,Naive Margin (0.0 pts),-8.0,0.0
Fold_13,worldcup_2019_rus_ngr_82_77,worldcup_2019,2019,regression,Naive Margin (0.0 pts),5.0,0.0
Fold_13,worldcup_2019_sen_ltu_47_101,worldcup_2019,2019,regression,Naive Margin (0.0 pts),-54.0,0.0
Fold_13,worldcup_2019_srb_cze_90_81,worldcup_2019,2019,regression,Naive Margin (0.0 pts),9.0,0.0
Fold_13,worldcup_2019_srb_phi_126_67,worldcup_2019,2019,regression,Naive Margin (0.0 pts),59.0,0.0
Fold_13,worldcup_2019_srb_pur_90_47,worldcup_2019,2019,regression,Naive Margin (0.0 pts),43.0,0.0
Fold_13,worldcup_2019_srb_usa_94_89,worldcup_2019,2019,regression,Naive Margin (0.0 pts),5.0,0.0
Fold_13,worldcup_2019_tun_ang_86_84,worldcup_2019,2019,regression,Naive Margin (0.0 pts),2.0,0.0
Fold_13,worldcup_2019_tun_iri_79_67,worldcup_2019,2019,regression,Naive Margin (0.0 pts),12.0,0.0
Fold_13,worldcup_2019_tun_phi_86_67,worldcup_2019,2019,regression,Naive Margin (0.0 pts),19.0,0.0
Fold_13,worldcup_2019_tur_cze_76_91,worldcup_2019,2019,regression,Naive Margin (0.0 pts),-15.0,0.0
Fold_13,worldcup_2019_tur_jpn_86_67,worldcup_2019,2019,regression,Naive Margin (0.0 pts),19.0,0.0
Fold_13,worldcup_2019_tur_mne_79_74,worldcup_2019,2019,regression,Naive Margin (0.0 pts),5.0,0.0
Fold_13,worldcup_2019_tur_nzl_101_102,worldcup_2019,2019,regression,Naive Margin (0.0 pts),-1.0,0.0
Fold_13,worldcup_2019_usa_bra_89_73,worldcup_2019,2019,regression,Naive Margin (0.0 pts),16.0,0.0
Fold_13,worldcup_2019_usa_fra_79_89,worldcup_2019,2019,regression,Naive Margin (0.0 pts),-10.0,0.0
Fold_13,worldcup_2019_usa_gre_69_53,worldcup_2019,2019,regression,Naive Margin (0.0 pts),16.0,0.0
Fold_13,worldcup_2019_usa_jpn_98_45,worldcup_2019,2019,regression,Naive Margin (0.0 pts),53.0,0.0
Fold_13,worldcup_2019_usa_pol_87_74,worldcup_2019,2019,regression,Naive Margin (0.0 pts),13.0,0.0
Fold_13,worldcup_2019_usa_tur_93_92,worldcup_2019,2019,regression,Naive Margin (0.0 pts),1.0,0.0
Fold_13,worldcup_2019_ven_chn_72_59,worldcup_2019,2019,regression,Naive Margin (0.0 pts),13.0,0.0
Fold_13,worldcup_2019_ven_civ_87_71,worldcup_2019,2019,regression,Naive Margin (0.0 pts),16.0,0.0
Fold_13,worldcup_2019_ven_rus_60_69,worldcup_2019,2019,regression,Naive Margin (0.0 pts),-9.0,0.0
Fold_13,worldcup_2019_ang_iri_62_71,worldcup_2019,2019,regression,Ridge Regressor,-9.0,5.186
Fold_13,worldcup_2019_ang_phi_84_81,worldcup_2019,2019,regression,Ridge Regressor,3.0,-3.802
Fold_13,worldcup_2019_ang_srb_59_105,worldcup_2019,2019,regression,Ridge Regressor,-46.0,-15.554
Fold_13,worldcup_2019_arg_esp_75_95,worldcup_2019,2019,regression,Ridge Regressor,-20.0,-7.737
Fold_13,worldcup_2019_arg_fra_80_66,worldcup_2019,2019,regression,Ridge Regressor,14.0,-0.689
Fold_13,worldcup_2019_arg_kor_95_69,worldcup_2019,2019,regression,Ridge Regressor,26.0,23.694
Fold_13,worldcup_2019_arg_srb_97_87,worldcup_2019,2019,regression,Ridge Regressor,10.0,1.038
Fold_13,worldcup_2019_arg_ven_87_67,worldcup_2019,2019,regression,Ridge Regressor,20.0,22.875
Fold_13,worldcup_2019_aus_cze_82_70,worldcup_2019,2019,regression,Ridge Regressor,12.0,9.291
Fold_13,worldcup_2019_aus_dom_82_76,worldcup_2019,2019,regression,Ridge Regressor,6.0,11.224
Fold_13,worldcup_2019_aus_sen_81_68,worldcup_2019,2019,regression,Ridge Regressor,13.0,16.845
Fold_13,worldcup_2019_bra_cze_71_93,worldcup_2019,2019,regression,Ridge Regressor,-22.0,7.826
Fold_13,worldcup_2019_bra_gre_79_78,worldcup_2019,2019,regression,Ridge Regressor,1.0,-4.098
Fold_13,worldcup_2019_bra_mne_84_73,worldcup_2019,2019,regression,Ridge Regressor,11.0,7.592
Fold_13,worldcup_2019_can_aus_92_108,worldcup_2019,2019,regression,Ridge Regressor,-16.0,-12.504
Fold_13,worldcup_2019_can_jor_126_71,worldcup_2019,2019,regression,Ridge Regressor,55.0,3.411
Fold_13,worldcup_2019_can_sen_82_60,worldcup_2019,2019,regression,Ridge Regressor,22.0,4.125
Fold_13,worldcup_2019_chn_kor_77_73,worldcup_2019,2019,regression,Ridge Regressor,4.0,6.447
Fold_13,worldcup_2019_chn_ngr_73_86,worldcup_2019,2019,regression,Ridge Regressor,-13.0,-3.186
Fold_13,worldcup_2019_chn_pol_76_79,worldcup_2019,2019,regression,Ridge Regressor,-3.0,-7.935
Fold_13,worldcup_2019_civ_chn_55_70,worldcup_2019,2019,regression,Ridge Regressor,-15.0,-2.492
Fold_13,worldcup_2019_civ_kor_71_80,worldcup_2019,2019,regression,Ridge Regressor,-9.0,3.741
Fold_13,worldcup_2019_civ_pol_63_80,worldcup_2019,2019,regression,Ridge Regressor,-17.0,-10.642
Fold_13,worldcup_2019_cze_gre_77_84,worldcup_2019,2019,regression,Ridge Regressor,-7.0,-11.709
Fold_13,worldcup_2019_cze_usa_67_88,worldcup_2019,2019,regression,Ridge Regressor,-21.0,-21.266
Fold_13,worldcup_2019_dom_fra_56_90,worldcup_2019,2019,regression,Ridge Regressor,-34.0,-15.796
Fold_13,worldcup_2019_dom_jor_80_76,worldcup_2019,2019,regression,Ridge Regressor,4.0,5.12
Fold_13,worldcup_2019_dom_ltu_55_74,worldcup_2019,2019,regression,Ridge Regressor,-19.0,-16.091
Fold_13,worldcup_2019_esp_aus_95_88,worldcup_2019,2019,regression,Ridge Regressor,7.0,14.178
Fold_13,worldcup_2019_esp_iri_73_65,worldcup_2019,2019,regression,Ridge Regressor,8.0,29.732
Fold_13,worldcup_2019_esp_ita_67_60,worldcup_2019,2019,regression,Ridge Regressor,7.0,13.189
Fold_13,worldcup_2019_esp_pol_90_78,worldcup_2019,2019,regression,Ridge Regressor,12.0,21.088
Fold_13,worldcup_2019_esp_srb_81_69,worldcup_2019,2019,regression,Ridge Regressor,12.0,8.99
Fold_13,worldcup_2019_esp_tun_101_62,worldcup_2019,2019,regression,Ridge Regressor,39.0,31.529
Fold_13,worldcup_2019_fra_aus_67_59,worldcup_2019,2019,regression,Ridge Regressor,8.0,7.132
Fold_13,worldcup_2019_fra_aus_98_100,worldcup_2019,2019,regression,Ridge Regressor,-2.0,5.219
Fold_13,worldcup_2019_fra_ger_78_74,worldcup_2019,2019,regression,Ridge Regressor,4.0,6.853
Fold_13,worldcup_2019_fra_ltu_78_75,worldcup_2019,2019,regression,Ridge Regressor,3.0,-0.08
Fold_13,worldcup_2019_ger_can_82_76,worldcup_2019,2019,regression,Ridge Regressor,6.0,11.297
Fold_13,worldcup_2019_ger_dom_68_70,worldcup_2019,2019,regression,Ridge Regressor,-2.0,9.588
Fold_13,worldcup_2019_ger_jor_96_62,worldcup_2019,2019,regression,Ridge Regressor,34.0,14.492
Fold_13,worldcup_2019_ger_sen_89_78,worldcup_2019,2019,regression,Ridge Regressor,11.0,15.209
Fold_13,worldcup_2019_gre_mne_85_60,worldcup_2019,2019,regression,Ridge Regressor,25.0,11.906
Fold_13,worldcup_2019_gre_nzl_103_97,worldcup_2019,2019,regression,Ridge Regressor,6.0,13.174
Fold_13,worldcup_2019_iri_phi_95_75,worldcup_2019,2019,regression,Ridge Regressor,20.0,-8.773
Fold_13,worldcup_2019_iri_pur_81_83,worldcup_2019,2019,regression,Ridge Regressor,-2.0,-9.633
Fold_13,worldcup_2019_ita_ang_92_61,worldcup_2019,2019,regression,Ridge Regressor,31.0,11.785
Fold_13,worldcup_2019_ita_srb_77_92,worldcup_2019,2019,regression,Ridge Regressor,-15.0,-3.985
Fold_13,worldcup_2019_jor_fra_64_103,worldcup_2019,2019,regression,Ridge Regressor,-39.0,-20.702
Fold_13,worldcup_2019_jor_sen_79_77,worldcup_2019,2019,regression,Ridge Regressor,2.0,0.931
Fold_13,worldcup_2019_jpn_cze_76_89,worldcup_2019,2019,regression,Ridge Regressor,-13.0,-7.458
Fold_13,worldcup_2019_jpn_mne_65_80,worldcup_2019,2019,regression,Ridge Regressor,-15.0,-7.692
Fold_13,worldcup_2019_kor_ngr_66_108,worldcup_2019,2019,regression,Ridge Regressor,-42.0,-9.418
Fold_13,worldcup_2019_kor_rus_73_87,worldcup_2019,2019,regression,Ridge Regressor,-14.0,-23.74
Fold_13,worldcup_2019_ltu_aus_82_87,worldcup_2019,2019,regression,Ridge Regressor,-5.0,5.512
Fold_13,worldcup_2019_ltu_can_92_69,worldcup_2019,2019,regression,Ridge Regressor,23.0,18.231
Fold_13,worldcup_2019_mne_nzl_83_93,worldcup_2019,2019,regression,Ridge Regressor,-10.0,1.484
Fold_13,worldcup_2019_ngr_arg_81_94,worldcup_2019,2019,regression,Ridge Regressor,-13.0,-13.632
Fold_13,worldcup_2019_ngr_civ_83_66,worldcup_2019,2019,regression,Ridge Regressor,17.0,6.322
Fold_13,worldcup_2019_nzl_bra_94_102,worldcup_2019,2019,regression,Ridge Regressor,-8.0,-8.432
Fold_13,worldcup_2019_nzl_jpn_111_81,worldcup_2019,2019,regression,Ridge Regressor,30.0,6.852
Fold_13,worldcup_2019_phi_ita_62_108,worldcup_2019,2019,regression,Ridge Regressor,-46.0,-7.339
Fold_13,worldcup_2019_pol_arg_65_91,worldcup_2019,2019,regression,Ridge Regressor,-26.0,-8.882
Fold_13,worldcup_2019_pol_cze_84_94,worldcup_2019,2019,regression,Ridge Regressor,-10.0,2.381
Fold_13,worldcup_2019_pol_rus_79_74,worldcup_2019,2019,regression,Ridge Regressor,5.0,-9.357
Fold_13,worldcup_2019_pol_ven_80_69,worldcup_2019,2019,regression,Ridge Regressor,11.0,13.778
Fold_13,worldcup_2019_pur_esp_63_73,worldcup_2019,2019,regression,Ridge Regressor,-10.0,-19.453
Fold_13,worldcup_2019_pur_ita_89_94,worldcup_2019,2019,regression,Ridge Regressor,-5.0,-6.479
Fold_13,worldcup_2019_pur_tun_67_64,worldcup_2019,2019,regression,Ridge Regressor,3.0,11.862
Fold_13,worldcup_2019_rus_arg_61_69,worldcup_2019,2019,regression,Ridge Regressor,-8.0,0.689
Fold_13,worldcup_2019_rus_ngr_82_77,worldcup_2019,2019,regression,Ridge Regressor,5.0,14.538
Fold_13,worldcup_2019_sen_ltu_47_101,worldcup_2019,2019,regression,Ridge Regressor,-54.0,-21.712
Fold_13,worldcup_2019_srb_cze_90_81,worldcup_2019,2019,regression,Ridge Regressor,9.0,12.568
Fold_13,worldcup_2019_srb_phi_126_67,worldcup_2019,2019,regression,Ridge Regressor,59.0,11.967
Fold_13,worldcup_2019_srb_pur_90_47,worldcup_2019,2019,regression,Ridge Regressor,43.0,11.109
Fold_13,worldcup_2019_srb_usa_94_89,worldcup_2019,2019,regression,Ridge Regressor,5.0,-8.915
Fold_13,worldcup_2019_tun_ang_86_84,worldcup_2019,2019,regression,Ridge Regressor,2.0,-6.555
Fold_13,worldcup_2019_tun_iri_79_67,worldcup_2019,2019,regression,Ridge Regressor,12.0,-1.583
Fold_13,worldcup_2019_tun_phi_86_67,worldcup_2019,2019,regression,Ridge Regressor,19.0,-10.571
Fold_13,worldcup_2019_tur_cze_76_91,worldcup_2019,2019,regression,Ridge Regressor,-15.0,6.518
Fold_13,worldcup_2019_tur_jpn_86_67,worldcup_2019,2019,regression,Ridge Regressor,19.0,14.193
Fold_13,worldcup_2019_tur_mne_79_74,worldcup_2019,2019,regression,Ridge Regressor,5.0,6.286
Fold_13,worldcup_2019_tur_nzl_101_102,worldcup_2019,2019,regression,Ridge Regressor,-1.0,7.554
Fold_13,worldcup_2019_usa_bra_89_73,worldcup_2019,2019,regression,Ridge Regressor,16.0,14.085
Fold_13,worldcup_2019_usa_fra_79_89,worldcup_2019,2019,regression,Ridge Regressor,-10.0,11.443
Fold_13,worldcup_2019_usa_gre_69_53,worldcup_2019,2019,regression,Ridge Regressor,16.0,9.772
Fold_13,worldcup_2019_usa_jpn_98_45,worldcup_2019,2019,regression,Ridge Regressor,53.0,29.369
Fold_13,worldcup_2019_usa_pol_87_74,worldcup_2019,2019,regression,Ridge Regressor,13.0,23.355
Fold_13,worldcup_2019_usa_tur_93_92,worldcup_2019,2019,regression,Ridge Regressor,1.0,15.392
Fold_13,worldcup_2019_ven_chn_72_59,worldcup_2019,2019,regression,Ridge Regressor,13.0,-5.198
Fold_13,worldcup_2019_ven_civ_87_71,worldcup_2019,2019,regression,Ridge Regressor,16.0,-2.491
Fold_13,worldcup_2019_ven_rus_60_69,worldcup_2019,2019,regression,Ridge Regressor,-9.0,-22.92
Fold_13,worldcup_2019_ang_iri_62_71,worldcup_2019,2019,regression,ElasticNet Regressor,-9.0,5.594
Fold_13,worldcup_2019_ang_phi_84_81,worldcup_2019,2019,regression,ElasticNet Regressor,3.0,-3.319
Fold_13,worldcup_2019_ang_srb_59_105,worldcup_2019,2019,regression,ElasticNet Regressor,-46.0,-15.893
Fold_13,worldcup_2019_arg_esp_75_95,worldcup_2019,2019,regression,ElasticNet Regressor,-20.0,-9.307
Fold_13,worldcup_2019_arg_fra_80_66,worldcup_2019,2019,regression,ElasticNet Regressor,14.0,-2.308
Fold_13,worldcup_2019_arg_kor_95_69,worldcup_2019,2019,regression,ElasticNet Regressor,26.0,24.176
Fold_13,worldcup_2019_arg_srb_97_87,worldcup_2019,2019,regression,ElasticNet Regressor,10.0,-0.162
Fold_13,worldcup_2019_arg_ven_87_67,worldcup_2019,2019,regression,ElasticNet Regressor,20.0,22.974
Fold_13,worldcup_2019_aus_cze_82_70,worldcup_2019,2019,regression,ElasticNet Regressor,12.0,8.806
Fold_13,worldcup_2019_aus_dom_82_76,worldcup_2019,2019,regression,ElasticNet Regressor,6.0,11.738
Fold_13,worldcup_2019_aus_sen_81_68,worldcup_2019,2019,regression,ElasticNet Regressor,13.0,17.154
Fold_13,worldcup_2019_bra_cze_71_93,worldcup_2019,2019,regression,ElasticNet Regressor,-22.0,8.077
Fold_13,worldcup_2019_bra_gre_79_78,worldcup_2019,2019,regression,ElasticNet Regressor,1.0,-4.747
Fold_13,worldcup_2019_bra_mne_84_73,worldcup_2019,2019,regression,ElasticNet Regressor,11.0,7.791
Fold_13,worldcup_2019_can_aus_92_108,worldcup_2019,2019,regression,ElasticNet Regressor,-16.0,-12.422
Fold_13,worldcup_2019_can_jor_126_71,worldcup_2019,2019,regression,ElasticNet Regressor,55.0,3.923
Fold_13,worldcup_2019_can_sen_82_60,worldcup_2019,2019,regression,ElasticNet Regressor,22.0,4.26
Fold_13,worldcup_2019_chn_kor_77_73,worldcup_2019,2019,regression,ElasticNet Regressor,4.0,7.186
Fold_13,worldcup_2019_chn_ngr_73_86,worldcup_2019,2019,regression,ElasticNet Regressor,-13.0,-2.509
Fold_13,worldcup_2019_chn_pol_76_79,worldcup_2019,2019,regression,ElasticNet Regressor,-3.0,-7.457
Fold_13,worldcup_2019_civ_chn_55_70,worldcup_2019,2019,regression,ElasticNet Regressor,-15.0,-2.732
Fold_13,worldcup_2019_civ_kor_71_80,worldcup_2019,2019,regression,ElasticNet Regressor,-9.0,3.982
Fold_13,worldcup_2019_civ_pol_63_80,worldcup_2019,2019,regression,ElasticNet Regressor,-17.0,-10.661
Fold_13,worldcup_2019_cze_gre_77_84,worldcup_2019,2019,regression,ElasticNet Regressor,-7.0,-12.352
Fold_13,worldcup_2019_cze_usa_67_88,worldcup_2019,2019,regression,ElasticNet Regressor,-21.0,-20.938
Fold_13,worldcup_2019_dom_fra_56_90,worldcup_2019,2019,regression,ElasticNet Regressor,-34.0,-16.794
Fold_13,worldcup_2019_dom_jor_80_76,worldcup_2019,2019,regression,ElasticNet Regressor,4.0,5.552
Fold_13,worldcup_2019_dom_ltu_55_74,worldcup_2019,2019,regression,ElasticNet Regressor,-19.0,-17.142
Fold_13,worldcup_2019_esp_aus_95_88,worldcup_2019,2019,regression,ElasticNet Regressor,7.0,14.502
Fold_13,worldcup_2019_esp_iri_73_65,worldcup_2019,2019,regression,ElasticNet Regressor,8.0,31.105
Fold_13,worldcup_2019_esp_ita_67_60,worldcup_2019,2019,regression,ElasticNet Regressor,7.0,14.183
Fold_13,worldcup_2019_esp_pol_90_78,worldcup_2019,2019,regression,ElasticNet Regressor,12.0,21.373
Fold_13,worldcup_2019_esp_srb_81_69,worldcup_2019,2019,regression,ElasticNet Regressor,12.0,9.618
Fold_13,worldcup_2019_esp_tun_101_62,worldcup_2019,2019,regression,ElasticNet Regressor,39.0,32.686
Fold_13,worldcup_2019_fra_aus_67_59,worldcup_2019,2019,regression,ElasticNet Regressor,8.0,7.504
Fold_13,worldcup_2019_fra_aus_98_100,worldcup_2019,2019,regression,ElasticNet Regressor,-2.0,6.473
Fold_13,worldcup_2019_fra_ger_78_74,worldcup_2019,2019,regression,ElasticNet Regressor,4.0,7.6
Fold_13,worldcup_2019_fra_ltu_78_75,worldcup_2019,2019,regression,ElasticNet Regressor,3.0,0.124
Fold_13,worldcup_2019_ger_can_82_76,worldcup_2019,2019,regression,ElasticNet Regressor,6.0,12.239
Fold_13,worldcup_2019_ger_dom_68_70,worldcup_2019,2019,regression,ElasticNet Regressor,-2.0,10.61
Fold_13,worldcup_2019_ger_jor_96_62,worldcup_2019,2019,regression,ElasticNet Regressor,34.0,15.69
Fold_13,worldcup_2019_ger_sen_89_78,worldcup_2019,2019,regression,ElasticNet Regressor,11.0,16.027
Fold_13,worldcup_2019_gre_mne_85_60,worldcup_2019,2019,regression,ElasticNet Regressor,25.0,13.011
Fold_13,worldcup_2019_gre_nzl_103_97,worldcup_2019,2019,regression,ElasticNet Regressor,6.0,14.346
Fold_13,worldcup_2019_iri_phi_95_75,worldcup_2019,2019,regression,ElasticNet Regressor,20.0,-8.441
Fold_13,worldcup_2019_iri_pur_81_83,worldcup_2019,2019,regression,ElasticNet Regressor,-2.0,-9.084
Fold_13,worldcup_2019_ita_ang_92_61,worldcup_2019,2019,regression,ElasticNet Regressor,31.0,12.273
Fold_13,worldcup_2019_ita_srb_77_92,worldcup_2019,2019,regression,ElasticNet Regressor,-15.0,-4.093
Fold_13,worldcup_2019_jor_fra_64_103,worldcup_2019,2019,regression,ElasticNet Regressor,-39.0,-21.874
Fold_13,worldcup_2019_jor_sen_79_77,worldcup_2019,2019,regression,ElasticNet Regressor,2.0,0.809
Fold_13,worldcup_2019_jpn_cze_76_89,worldcup_2019,2019,regression,ElasticNet Regressor,-13.0,-7.476
Fold_13,worldcup_2019_jpn_mne_65_80,worldcup_2019,2019,regression,ElasticNet Regressor,-15.0,-7.762
Fold_13,worldcup_2019_kor_ngr_66_108,worldcup_2019,2019,regression,ElasticNet Regressor,-42.0,-9.223
Fold_13,worldcup_2019_kor_rus_73_87,worldcup_2019,2019,regression,ElasticNet Regressor,-14.0,-24.365
Fold_13,worldcup_2019_ltu_aus_82_87,worldcup_2019,2019,regression,ElasticNet Regressor,-5.0,6.821
Fold_13,worldcup_2019_ltu_can_92_69,worldcup_2019,2019,regression,ElasticNet Regressor,23.0,19.716
Fold_13,worldcup_2019_mne_nzl_83_93,worldcup_2019,2019,regression,ElasticNet Regressor,-10.0,1.808
Fold_13,worldcup_2019_ngr_arg_81_94,worldcup_2019,2019,regression,ElasticNet Regressor,-13.0,-13.537
Fold_13,worldcup_2019_ngr_civ_83_66,worldcup_2019,2019,regression,ElasticNet Regressor,17.0,6.657
Fold_13,worldcup_2019_nzl_bra_94_102,worldcup_2019,2019,regression,ElasticNet Regressor,-8.0,-8.182
Fold_13,worldcup_2019_nzl_jpn_111_81,worldcup_2019,2019,regression,ElasticNet Regressor,30.0,7.37
Fold_13,worldcup_2019_phi_ita_62_108,worldcup_2019,2019,regression,ElasticNet Regressor,-46.0,-7.536
Fold_13,worldcup_2019_pol_arg_65_91,worldcup_2019,2019,regression,ElasticNet Regressor,-26.0,-8.588
Fold_13,worldcup_2019_pol_cze_84_94,worldcup_2019,2019,regression,ElasticNet Regressor,-10.0,1.936
Fold_13,worldcup_2019_pol_rus_79_74,worldcup_2019,2019,regression,ElasticNet Regressor,5.0,-9.722
Fold_13,worldcup_2019_pol_ven_80_69,worldcup_2019,2019,regression,ElasticNet Regressor,11.0,13.914
Fold_13,worldcup_2019_pur_esp_63_73,worldcup_2019,2019,regression,ElasticNet Regressor,-10.0,-20.604
Fold_13,worldcup_2019_pur_ita_89_94,worldcup_2019,2019,regression,ElasticNet Regressor,-5.0,-6.894
Fold_13,worldcup_2019_pur_tun_67_64,worldcup_2019,2019,regression,ElasticNet Regressor,3.0,11.61
Fold_13,worldcup_2019_rus_arg_61_69,worldcup_2019,2019,regression,ElasticNet Regressor,-8.0,1.606
Fold_13,worldcup_2019_rus_ngr_82_77,worldcup_2019,2019,regression,ElasticNet Regressor,5.0,15.615
Fold_13,worldcup_2019_sen_ltu_47_101,worldcup_2019,2019,regression,ElasticNet Regressor,-54.0,-22.559
Fold_13,worldcup_2019_srb_cze_90_81,worldcup_2019,2019,regression,ElasticNet Regressor,9.0,12.661
Fold_13,worldcup_2019_srb_phi_126_67,worldcup_2019,2019,regression,ElasticNet Regressor,59.0,13.046
Fold_13,worldcup_2019_srb_pur_90_47,worldcup_2019,2019,regression,ElasticNet Regressor,43.0,12.403
Fold_13,worldcup_2019_srb_usa_94_89,worldcup_2019,2019,regression,ElasticNet Regressor,5.0,-8.75
Fold_13,worldcup_2019_tun_ang_86_84,worldcup_2019,2019,regression,ElasticNet Regressor,2.0,-6.231
Fold_13,worldcup_2019_tun_iri_79_67,worldcup_2019,2019,regression,ElasticNet Regressor,12.0,-1.109
Fold_13,worldcup_2019_tun_phi_86_67,worldcup_2019,2019,regression,ElasticNet Regressor,19.0,-10.023
Fold_13,worldcup_2019_tur_cze_76_91,worldcup_2019,2019,regression,ElasticNet Regressor,-15.0,7.535
Fold_13,worldcup_2019_tur_jpn_86_67,worldcup_2019,2019,regression,ElasticNet Regressor,19.0,15.483
Fold_13,worldcup_2019_tur_mne_79_74,worldcup_2019,2019,regression,ElasticNet Regressor,5.0,7.25
Fold_13,worldcup_2019_tur_nzl_101_102,worldcup_2019,2019,regression,ElasticNet Regressor,-1.0,8.585
Fold_13,worldcup_2019_usa_bra_89_73,worldcup_2019,2019,regression,ElasticNet Regressor,16.0,14.278
Fold_13,worldcup_2019_usa_fra_79_89,worldcup_2019,2019,regression,ElasticNet Regressor,-10.0,9.608
Fold_13,worldcup_2019_usa_gre_69_53,worldcup_2019,2019,regression,ElasticNet Regressor,16.0,9.058
Fold_13,worldcup_2019_usa_jpn_98_45,worldcup_2019,2019,regression,ElasticNet Regressor,53.0,29.831
Fold_13,worldcup_2019_usa_pol_87_74,worldcup_2019,2019,regression,ElasticNet Regressor,13.0,22.479
Fold_13,worldcup_2019_usa_tur_93_92,worldcup_2019,2019,regression,ElasticNet Regressor,1.0,14.82
Fold_13,worldcup_2019_ven_chn_72_59,worldcup_2019,2019,regression,ElasticNet Regressor,13.0,-5.04
Fold_13,worldcup_2019_ven_civ_87_71,worldcup_2019,2019,regression,ElasticNet Regressor,16.0,-1.836
Fold_13,worldcup_2019_ven_rus_60_69,worldcup_2019,2019,regression,ElasticNet Regressor,-9.0,-23.163
Fold_13,worldcup_2019_ang_iri_62_71,worldcup_2019,2019,regression,LightGBM Regressor,-9.0,3.426
Fold_13,worldcup_2019_ang_phi_84_81,worldcup_2019,2019,regression,LightGBM Regressor,3.0,-1.232
Fold_13,worldcup_2019_ang_srb_59_105,worldcup_2019,2019,regression,LightGBM Regressor,-46.0,-12.741
Fold_13,worldcup_2019_arg_esp_75_95,worldcup_2019,2019,regression,LightGBM Regressor,-20.0,-6.088
Fold_13,worldcup_2019_arg_fra_80_66,worldcup_2019,2019,regression,LightGBM Regressor,14.0,5.116
Fold_13,worldcup_2019_arg_kor_95_69,worldcup_2019,2019,regression,LightGBM Regressor,26.0,25.279
Fold_13,worldcup_2019_arg_srb_97_87,worldcup_2019,2019,regression,LightGBM Regressor,10.0,1.274
Fold_13,worldcup_2019_arg_ven_87_67,worldcup_2019,2019,regression,LightGBM Regressor,20.0,25.863
Fold_13,worldcup_2019_aus_cze_82_70,worldcup_2019,2019,regression,LightGBM Regressor,12.0,7.114
Fold_13,worldcup_2019_aus_dom_82_76,worldcup_2019,2019,regression,LightGBM Regressor,6.0,5.914
Fold_13,worldcup_2019_aus_sen_81_68,worldcup_2019,2019,regression,LightGBM Regressor,13.0,16.892
Fold_13,worldcup_2019_bra_cze_71_93,worldcup_2019,2019,regression,LightGBM Regressor,-22.0,6.776
Fold_13,worldcup_2019_bra_gre_79_78,worldcup_2019,2019,regression,LightGBM Regressor,1.0,-1.369
Fold_13,worldcup_2019_bra_mne_84_73,worldcup_2019,2019,regression,LightGBM Regressor,11.0,7.189
Fold_13,worldcup_2019_can_aus_92_108,worldcup_2019,2019,regression,LightGBM Regressor,-16.0,-8.098
Fold_13,worldcup_2019_can_jor_126_71,worldcup_2019,2019,regression,LightGBM Regressor,55.0,3.668
Fold_13,worldcup_2019_can_sen_82_60,worldcup_2019,2019,regression,LightGBM Regressor,22.0,4.008
Fold_13,worldcup_2019_chn_kor_77_73,worldcup_2019,2019,regression,LightGBM Regressor,4.0,3.089
Fold_13,worldcup_2019_chn_ngr_73_86,worldcup_2019,2019,regression,LightGBM Regressor,-13.0,-3.33
Fold_13,worldcup_2019_chn_pol_76_79,worldcup_2019,2019,regression,LightGBM Regressor,-3.0,-9.851
Fold_13,worldcup_2019_civ_chn_55_70,worldcup_2019,2019,regression,LightGBM Regressor,-15.0,-0.942
Fold_13,worldcup_2019_civ_kor_71_80,worldcup_2019,2019,regression,LightGBM Regressor,-9.0,0.754
Fold_13,worldcup_2019_civ_pol_63_80,worldcup_2019,2019,regression,LightGBM Regressor,-17.0,-9.392
Fold_13,worldcup_2019_cze_gre_77_84,worldcup_2019,2019,regression,LightGBM Regressor,-7.0,-10.918
Fold_13,worldcup_2019_cze_usa_67_88,worldcup_2019,2019,regression,LightGBM Regressor,-21.0,-17.519
Fold_13,worldcup_2019_dom_fra_56_90,worldcup_2019,2019,regression,LightGBM Regressor,-34.0,-11.002
Fold_13,worldcup_2019_dom_jor_80_76,worldcup_2019,2019,regression,LightGBM Regressor,4.0,2.57
Fold_13,worldcup_2019_dom_ltu_55_74,worldcup_2019,2019,regression,LightGBM Regressor,-19.0,-11.39
Fold_13,worldcup_2019_esp_aus_95_88,worldcup_2019,2019,regression,LightGBM Regressor,7.0,9.691
Fold_13,worldcup_2019_esp_iri_73_65,worldcup_2019,2019,regression,LightGBM Regressor,8.0,28.576
Fold_13,worldcup_2019_esp_ita_67_60,worldcup_2019,2019,regression,LightGBM Regressor,7.0,9.272
Fold_13,worldcup_2019_esp_pol_90_78,worldcup_2019,2019,regression,LightGBM Regressor,12.0,19.969
Fold_13,worldcup_2019_esp_srb_81_69,worldcup_2019,2019,regression,LightGBM Regressor,12.0,6.928
Fold_13,worldcup_2019_esp_tun_101_62,worldcup_2019,2019,regression,LightGBM Regressor,39.0,28.019
Fold_13,worldcup_2019_fra_aus_67_59,worldcup_2019,2019,regression,LightGBM Regressor,8.0,3.987
Fold_13,worldcup_2019_fra_aus_98_100,worldcup_2019,2019,regression,LightGBM Regressor,-2.0,3.987
Fold_13,worldcup_2019_fra_ger_78_74,worldcup_2019,2019,regression,LightGBM Regressor,4.0,3.897
Fold_13,worldcup_2019_fra_ltu_78_75,worldcup_2019,2019,regression,LightGBM Regressor,3.0,1.475
Fold_13,worldcup_2019_ger_can_82_76,worldcup_2019,2019,regression,LightGBM Regressor,6.0,9.086
Fold_13,worldcup_2019_ger_dom_68_70,worldcup_2019,2019,regression,LightGBM Regressor,-2.0,5.342
Fold_13,worldcup_2019_ger_jor_96_62,worldcup_2019,2019,regression,LightGBM Regressor,34.0,3.977
Fold_13,worldcup_2019_ger_sen_89_78,worldcup_2019,2019,regression,LightGBM Regressor,11.0,6.517
Fold_13,worldcup_2019_gre_mne_85_60,worldcup_2019,2019,regression,LightGBM Regressor,25.0,9.907
Fold_13,worldcup_2019_gre_nzl_103_97,worldcup_2019,2019,regression,LightGBM Regressor,6.0,9.907
Fold_13,worldcup_2019_iri_phi_95_75,worldcup_2019,2019,regression,LightGBM Regressor,20.0,-7.275
Fold_13,worldcup_2019_iri_pur_81_83,worldcup_2019,2019,regression,LightGBM Regressor,-2.0,-11.298
Fold_13,worldcup_2019_ita_ang_92_61,worldcup_2019,2019,regression,LightGBM Regressor,31.0,6.871
Fold_13,worldcup_2019_ita_srb_77_92,worldcup_2019,2019,regression,LightGBM Regressor,-15.0,-2.379
Fold_13,worldcup_2019_jor_fra_64_103,worldcup_2019,2019,regression,LightGBM Regressor,-39.0,-18.364
Fold_13,worldcup_2019_jor_sen_79_77,worldcup_2019,2019,regression,LightGBM Regressor,2.0,5.99
Fold_13,worldcup_2019_jpn_cze_76_89,worldcup_2019,2019,regression,LightGBM Regressor,-13.0,-2.91
Fold_13,worldcup_2019_jpn_mne_65_80,worldcup_2019,2019,regression,LightGBM Regressor,-15.0,-6.635
Fold_13,worldcup_2019_kor_ngr_66_108,worldcup_2019,2019,regression,LightGBM Regressor,-42.0,-8.187
Fold_13,worldcup_2019_kor_rus_73_87,worldcup_2019,2019,regression,LightGBM Regressor,-14.0,-18.814
Fold_13,worldcup_2019_ltu_aus_82_87,worldcup_2019,2019,regression,LightGBM Regressor,-5.0,3.266
Fold_13,worldcup_2019_ltu_can_92_69,worldcup_2019,2019,regression,LightGBM Regressor,23.0,8.502
Fold_13,worldcup_2019_mne_nzl_83_93,worldcup_2019,2019,regression,LightGBM Regressor,-10.0,1.479
Fold_13,worldcup_2019_ngr_arg_81_94,worldcup_2019,2019,regression,LightGBM Regressor,-13.0,-8.258
Fold_13,worldcup_2019_ngr_civ_83_66,worldcup_2019,2019,regression,LightGBM Regressor,17.0,7.838
Fold_13,worldcup_2019_nzl_bra_94_102,worldcup_2019,2019,regression,LightGBM Regressor,-8.0,-8.043
Fold_13,worldcup_2019_nzl_jpn_111_81,worldcup_2019,2019,regression,LightGBM Regressor,30.0,3.426
Fold_13,worldcup_2019_phi_ita_62_108,worldcup_2019,2019,regression,LightGBM Regressor,-46.0,-5.533
Fold_13,worldcup_2019_pol_arg_65_91,worldcup_2019,2019,regression,LightGBM Regressor,-26.0,-7.982
Fold_13,worldcup_2019_pol_cze_84_94,worldcup_2019,2019,regression,LightGBM Regressor,-10.0,0.272
Fold_13,worldcup_2019_pol_rus_79_74,worldcup_2019,2019,regression,LightGBM Regressor,5.0,-5.783
Fold_13,worldcup_2019_pol_ven_80_69,worldcup_2019,2019,regression,LightGBM Regressor,11.0,10.175
Fold_13,worldcup_2019_pur_esp_63_73,worldcup_2019,2019,regression,LightGBM Regressor,-10.0,-17.62
Fold_13,worldcup_2019_pur_ita_89_94,worldcup_2019,2019,regression,LightGBM Regressor,-5.0,-3.606
Fold_13,worldcup_2019_pur_tun_67_64,worldcup_2019,2019,regression,LightGBM Regressor,3.0,10.564
Fold_13,worldcup_2019_rus_arg_61_69,worldcup_2019,2019,regression,LightGBM Regressor,-8.0,4.431
Fold_13,worldcup_2019_rus_ngr_82_77,worldcup_2019,2019,regression,LightGBM Regressor,5.0,9.761
Fold_13,worldcup_2019_sen_ltu_47_101,worldcup_2019,2019,regression,LightGBM Regressor,-54.0,-17.17
Fold_13,worldcup_2019_srb_cze_90_81,worldcup_2019,2019,regression,LightGBM Regressor,9.0,6.678
Fold_13,worldcup_2019_srb_phi_126_67,worldcup_2019,2019,regression,LightGBM Regressor,59.0,9.396
Fold_13,worldcup_2019_srb_pur_90_47,worldcup_2019,2019,regression,LightGBM Regressor,43.0,4.315
Fold_13,worldcup_2019_srb_usa_94_89,worldcup_2019,2019,regression,LightGBM Regressor,5.0,-17.028
Fold_13,worldcup_2019_tun_ang_86_84,worldcup_2019,2019,regression,LightGBM Regressor,2.0,1.583
Fold_13,worldcup_2019_tun_iri_79_67,worldcup_2019,2019,regression,LightGBM Regressor,12.0,1.693
Fold_13,worldcup_2019_tun_phi_86_67,worldcup_2019,2019,regression,LightGBM Regressor,19.0,-10.609
Fold_13,worldcup_2019_tur_cze_76_91,worldcup_2019,2019,regression,LightGBM Regressor,-15.0,4.539
Fold_13,worldcup_2019_tur_jpn_86_67,worldcup_2019,2019,regression,LightGBM Regressor,19.0,8.84
Fold_13,worldcup_2019_tur_mne_79_74,worldcup_2019,2019,regression,LightGBM Regressor,5.0,3.559
Fold_13,worldcup_2019_tur_nzl_101_102,worldcup_2019,2019,regression,LightGBM Regressor,-1.0,3.897
Fold_13,worldcup_2019_usa_bra_89_73,worldcup_2019,2019,regression,LightGBM Regressor,16.0,16.899
Fold_13,worldcup_2019_usa_fra_79_89,worldcup_2019,2019,regression,LightGBM Regressor,-10.0,19.75
Fold_13,worldcup_2019_usa_gre_69_53,worldcup_2019,2019,regression,LightGBM Regressor,16.0,16.543
Fold_13,worldcup_2019_usa_jpn_98_45,worldcup_2019,2019,regression,LightGBM Regressor,53.0,27.361
Fold_13,worldcup_2019_usa_pol_87_74,worldcup_2019,2019,regression,LightGBM Regressor,13.0,30.527
Fold_13,worldcup_2019_usa_tur_93_92,worldcup_2019,2019,regression,LightGBM Regressor,1.0,29.583
Fold_13,worldcup_2019_ven_chn_72_59,worldcup_2019,2019,regression,LightGBM Regressor,13.0,-0.649
Fold_13,worldcup_2019_ven_civ_87_71,worldcup_2019,2019,regression,LightGBM Regressor,16.0,-0.911
Fold_13,worldcup_2019_ven_rus_60_69,worldcup_2019,2019,regression,LightGBM Regressor,-9.0,-18.628
Fold_14,olympics_2020_arg_jpn_97_77,olympics_2020,2021,classification,Naive Baseline (50%),1.0,0.5
Fold_14,olympics_2020_arg_slo_100_118,olympics_2020,2021,classification,Naive Baseline (50%),0.0,0.5
Fold_14,olympics_2020_aus_arg_97_59,olympics_2020,2021,classification,Naive Baseline (50%),1.0,0.5
Fold_14,olympics_2020_aus_ger_89_76,olympics_2020,2021,classification,Naive Baseline (50%),1.0,0.5
Fold_14,olympics_2020_aus_ngr_84_67,olympics_2020,2021,classification,Naive Baseline (50%),1.0,0.5
Fold_14,olympics_2020_cze_fra_77_97,olympics_2020,2021,classification,Naive Baseline (50%),0.0,0.5
Fold_14,olympics_2020_esp_arg_81_71,olympics_2020,2021,classification,Naive Baseline (50%),1.0,0.5
Fold_14,olympics_2020_esp_slo_87_95,olympics_2020,2021,classification,Naive Baseline (50%),0.0,0.5
Fold_14,olympics_2020_esp_usa_81_95,olympics_2020,2021,classification,Naive Baseline (50%),0.0,0.5
Fold_14,olympics_2020_fra_slo_90_89,olympics_2020,2021,classification,Naive Baseline (50%),1.0,0.5
Fold_14,olympics_2020_fra_usa_82_87,olympics_2020,2021,classification,Naive Baseline (50%),0.0,0.5
Fold_14,olympics_2020_fra_usa_83_76,olympics_2020,2021,classification,Naive Baseline (50%),1.0,0.5
Fold_14,olympics_2020_ger_ita_82_92,olympics_2020,2021,classification,Naive Baseline (50%),0.0,0.5
Fold_14,olympics_2020_iri_cze_78_84,olympics_2020,2021,classification,Naive Baseline (50%),0.0,0.5
Fold_14,olympics_2020_iri_fra_62_79,olympics_2020,2021,classification,Naive Baseline (50%),0.0,0.5
Fold_14,olympics_2020_ita_aus_83_86,olympics_2020,2021,classification,Naive Baseline (50%),0.0,0.5
Fold_14,olympics_2020_ita_fra_75_84,olympics_2020,2021,classification,Naive Baseline (50%),0.0,0.5
Fold_14,olympics_2020_ita_ngr_80_71,olympics_2020,2021,classification,Naive Baseline (50%),1.0,0.5
Fold_14,olympics_2020_jpn_esp_77_88,olympics_2020,2021,classification,Naive Baseline (50%),0.0,0.5
Fold_14,olympics_2020_ngr_ger_92_99,olympics_2020,2021,classification,Naive Baseline (50%),0.0,0.5
Fold_14,olympics_2020_slo_aus_93_107,olympics_2020,2021,classification,Naive Baseline (50%),0.0,0.5
Fold_14,olympics_2020_slo_ger_94_70,olympics_2020,2021,classification,Naive Baseline (50%),1.0,0.5
Fold_14,olympics_2020_slo_jpn_116_81,olympics_2020,2021,classification,Naive Baseline (50%),1.0,0.5
Fold_14,olympics_2020_usa_aus_97_78,olympics_2020,2021,classification,Naive Baseline (50%),1.0,0.5
Fold_14,olympics_2020_usa_cze_119_84,olympics_2020,2021,classification,Naive Baseline (50%),1.0,0.5
Fold_14,olympics_2020_usa_iri_120_66,olympics_2020,2021,classification,Naive Baseline (50%),1.0,0.5
Fold_14,olympics_2020_arg_jpn_97_77,olympics_2020,2021,classification,Logistic Regression L2,1.0,0.9276
Fold_14,olympics_2020_arg_slo_100_118,olympics_2020,2021,classification,Logistic Regression L2,0.0,0.4323
Fold_14,olympics_2020_aus_arg_97_59,olympics_2020,2021,classification,Logistic Regression L2,1.0,0.4222
Fold_14,olympics_2020_aus_ger_89_76,olympics_2020,2021,classification,Logistic Regression L2,1.0,0.479
Fold_14,olympics_2020_aus_ngr_84_67,olympics_2020,2021,classification,Logistic Regression L2,1.0,0.7461
Fold_14,olympics_2020_cze_fra_77_97,olympics_2020,2021,classification,Logistic Regression L2,0.0,0.1402
Fold_14,olympics_2020_esp_arg_81_71,olympics_2020,2021,classification,Logistic Regression L2,1.0,0.825
Fold_14,olympics_2020_esp_slo_87_95,olympics_2020,2021,classification,Logistic Regression L2,0.0,0.7788
Fold_14,olympics_2020_esp_usa_81_95,olympics_2020,2021,classification,Logistic Regression L2,0.0,0.6188
Fold_14,olympics_2020_fra_slo_90_89,olympics_2020,2021,classification,Logistic Regression L2,1.0,0.6172
Fold_14,olympics_2020_fra_usa_82_87,olympics_2020,2021,classification,Logistic Regression L2,0.0,0.4264
Fold_14,olympics_2020_fra_usa_83_76,olympics_2020,2021,classification,Logistic Regression L2,1.0,0.4264
Fold_14,olympics_2020_ger_ita_82_92,olympics_2020,2021,classification,Logistic Regression L2,0.0,0.5293
Fold_14,olympics_2020_iri_cze_78_84,olympics_2020,2021,classification,Logistic Regression L2,0.0,0.2968
Fold_14,olympics_2020_iri_fra_62_79,olympics_2020,2021,classification,Logistic Regression L2,0.0,0.0633
Fold_14,olympics_2020_ita_aus_83_86,olympics_2020,2021,classification,Logistic Regression L2,0.0,0.5058
Fold_14,olympics_2020_ita_fra_75_84,olympics_2020,2021,classification,Logistic Regression L2,0.0,0.2574
Fold_14,olympics_2020_ita_ngr_80_71,olympics_2020,2021,classification,Logistic Regression L2,1.0,0.7469
Fold_14,olympics_2020_jpn_esp_77_88,olympics_2020,2021,classification,Logistic Regression L2,0.0,0.0172
Fold_14,olympics_2020_ngr_ger_92_99,olympics_2020,2021,classification,Logistic Regression L2,0.0,0.2418
Fold_14,olympics_2020_slo_aus_93_107,olympics_2020,2021,classification,Logistic Regression L2,0.0,0.6554
Fold_14,olympics_2020_slo_ger_94_70,olympics_2020,2021,classification,Logistic Regression L2,1.0,0.6318
Fold_14,olympics_2020_slo_jpn_116_81,olympics_2020,2021,classification,Logistic Regression L2,1.0,0.9449
Fold_14,olympics_2020_usa_aus_97_78,olympics_2020,2021,classification,Logistic Regression L2,1.0,0.8049
Fold_14,olympics_2020_usa_cze_119_84,olympics_2020,2021,classification,Logistic Regression L2,1.0,0.8972
Fold_14,olympics_2020_usa_iri_120_66,olympics_2020,2021,classification,Logistic Regression L2,1.0,0.9547
Fold_14,olympics_2020_arg_jpn_97_77,olympics_2020,2021,classification,ElasticNet Classifier,1.0,0.9324
Fold_14,olympics_2020_arg_slo_100_118,olympics_2020,2021,classification,ElasticNet Classifier,0.0,0.4423
Fold_14,olympics_2020_aus_arg_97_59,olympics_2020,2021,classification,ElasticNet Classifier,1.0,0.4381
Fold_14,olympics_2020_aus_ger_89_76,olympics_2020,2021,classification,ElasticNet Classifier,1.0,0.4911
Fold_14,olympics_2020_aus_ngr_84_67,olympics_2020,2021,classification,ElasticNet Classifier,1.0,0.7602
Fold_14,olympics_2020_cze_fra_77_97,olympics_2020,2021,classification,ElasticNet Classifier,0.0,0.1428
Fold_14,olympics_2020_esp_arg_81_71,olympics_2020,2021,classification,ElasticNet Classifier,1.0,0.839
Fold_14,olympics_2020_esp_slo_87_95,olympics_2020,2021,classification,ElasticNet Classifier,0.0,0.792
Fold_14,olympics_2020_esp_usa_81_95,olympics_2020,2021,classification,ElasticNet Classifier,0.0,0.6431
Fold_14,olympics_2020_fra_slo_90_89,olympics_2020,2021,classification,ElasticNet Classifier,1.0,0.6356
Fold_14,olympics_2020_fra_usa_82_87,olympics_2020,2021,classification,ElasticNet Classifier,0.0,0.4522
Fold_14,olympics_2020_fra_usa_83_76,olympics_2020,2021,classification,ElasticNet Classifier,1.0,0.4522
Fold_14,olympics_2020_ger_ita_82_92,olympics_2020,2021,classification,ElasticNet Classifier,0.0,0.5477
Fold_14,olympics_2020_iri_cze_78_84,olympics_2020,2021,classification,ElasticNet Classifier,0.0,0.3088
Fold_14,olympics_2020_iri_fra_62_79,olympics_2020,2021,classification,ElasticNet Classifier,0.0,0.0641
Fold_14,olympics_2020_ita_aus_83_86,olympics_2020,2021,classification,ElasticNet Classifier,0.0,0.5229
Fold_14,olympics_2020_ita_fra_75_84,olympics_2020,2021,classification,ElasticNet Classifier,0.0,0.2635
Fold_14,olympics_2020_ita_ngr_80_71,olympics_2020,2021,classification,ElasticNet Classifier,1.0,0.7619
Fold_14,olympics_2020_jpn_esp_77_88,olympics_2020,2021,classification,ElasticNet Classifier,0.0,0.0175
Fold_14,olympics_2020_ngr_ger_92_99,olympics_2020,2021,classification,ElasticNet Classifier,0.0,0.2484
Fold_14,olympics_2020_slo_aus_93_107,olympics_2020,2021,classification,ElasticNet Classifier,0.0,0.6744
Fold_14,olympics_2020_slo_ger_94_70,olympics_2020,2021,classification,ElasticNet Classifier,1.0,0.648
Fold_14,olympics_2020_slo_jpn_116_81,olympics_2020,2021,classification,ElasticNet Classifier,1.0,0.9497
Fold_14,olympics_2020_usa_aus_97_78,olympics_2020,2021,classification,ElasticNet Classifier,1.0,0.814
Fold_14,olympics_2020_usa_cze_119_84,olympics_2020,2021,classification,ElasticNet Classifier,1.0,0.903
Fold_14,olympics_2020_usa_iri_120_66,olympics_2020,2021,classification,ElasticNet Classifier,1.0,0.9577
Fold_14,olympics_2020_arg_jpn_97_77,olympics_2020,2021,classification,LightGBM Classifier,1.0,0.924
Fold_14,olympics_2020_arg_slo_100_118,olympics_2020,2021,classification,LightGBM Classifier,0.0,0.6267
Fold_14,olympics_2020_aus_arg_97_59,olympics_2020,2021,classification,LightGBM Classifier,1.0,0.4544
Fold_14,olympics_2020_aus_ger_89_76,olympics_2020,2021,classification,LightGBM Classifier,1.0,0.5805
Fold_14,olympics_2020_aus_ngr_84_67,olympics_2020,2021,classification,LightGBM Classifier,1.0,0.7891
Fold_14,olympics_2020_cze_fra_77_97,olympics_2020,2021,classification,LightGBM Classifier,0.0,0.1728
Fold_14,olympics_2020_esp_arg_81_71,olympics_2020,2021,classification,LightGBM Classifier,1.0,0.5937
Fold_14,olympics_2020_esp_slo_87_95,olympics_2020,2021,classification,LightGBM Classifier,0.0,0.7345
Fold_14,olympics_2020_esp_usa_81_95,olympics_2020,2021,classification,LightGBM Classifier,0.0,0.3694
Fold_14,olympics_2020_fra_slo_90_89,olympics_2020,2021,classification,LightGBM Classifier,1.0,0.5131
Fold_14,olympics_2020_fra_usa_82_87,olympics_2020,2021,classification,LightGBM Classifier,0.0,0.3364
Fold_14,olympics_2020_fra_usa_83_76,olympics_2020,2021,classification,LightGBM Classifier,1.0,0.3364
Fold_14,olympics_2020_ger_ita_82_92,olympics_2020,2021,classification,LightGBM Classifier,0.0,0.4706
Fold_14,olympics_2020_iri_cze_78_84,olympics_2020,2021,classification,LightGBM Classifier,0.0,0.3139
Fold_14,olympics_2020_iri_fra_62_79,olympics_2020,2021,classification,LightGBM Classifier,0.0,0.0568
Fold_14,olympics_2020_ita_aus_83_86,olympics_2020,2021,classification,LightGBM Classifier,0.0,0.4886
Fold_14,olympics_2020_ita_fra_75_84,olympics_2020,2021,classification,LightGBM Classifier,0.0,0.3833
Fold_14,olympics_2020_ita_ngr_80_71,olympics_2020,2021,classification,LightGBM Classifier,1.0,0.6136
Fold_14,olympics_2020_jpn_esp_77_88,olympics_2020,2021,classification,LightGBM Classifier,0.0,0.0463
Fold_14,olympics_2020_ngr_ger_92_99,olympics_2020,2021,classification,LightGBM Classifier,0.0,0.4013
Fold_14,olympics_2020_slo_aus_93_107,olympics_2020,2021,classification,LightGBM Classifier,0.0,0.4989
Fold_14,olympics_2020_slo_ger_94_70,olympics_2020,2021,classification,LightGBM Classifier,1.0,0.6661
Fold_14,olympics_2020_slo_jpn_116_81,olympics_2020,2021,classification,LightGBM Classifier,1.0,0.9336
Fold_14,olympics_2020_usa_aus_97_78,olympics_2020,2021,classification,LightGBM Classifier,1.0,0.8896
Fold_14,olympics_2020_usa_cze_119_84,olympics_2020,2021,classification,LightGBM Classifier,1.0,0.9166
Fold_14,olympics_2020_usa_iri_120_66,olympics_2020,2021,classification,LightGBM Classifier,1.0,0.9303
Fold_14,olympics_2020_arg_jpn_97_77,olympics_2020,2021,regression,Naive Margin (0.0 pts),20.0,0.0
Fold_14,olympics_2020_arg_slo_100_118,olympics_2020,2021,regression,Naive Margin (0.0 pts),-18.0,0.0
Fold_14,olympics_2020_aus_arg_97_59,olympics_2020,2021,regression,Naive Margin (0.0 pts),38.0,0.0
Fold_14,olympics_2020_aus_ger_89_76,olympics_2020,2021,regression,Naive Margin (0.0 pts),13.0,0.0
Fold_14,olympics_2020_aus_ngr_84_67,olympics_2020,2021,regression,Naive Margin (0.0 pts),17.0,0.0
Fold_14,olympics_2020_cze_fra_77_97,olympics_2020,2021,regression,Naive Margin (0.0 pts),-20.0,0.0
Fold_14,olympics_2020_esp_arg_81_71,olympics_2020,2021,regression,Naive Margin (0.0 pts),10.0,0.0
Fold_14,olympics_2020_esp_slo_87_95,olympics_2020,2021,regression,Naive Margin (0.0 pts),-8.0,0.0
Fold_14,olympics_2020_esp_usa_81_95,olympics_2020,2021,regression,Naive Margin (0.0 pts),-14.0,0.0
Fold_14,olympics_2020_fra_slo_90_89,olympics_2020,2021,regression,Naive Margin (0.0 pts),1.0,0.0
Fold_14,olympics_2020_fra_usa_82_87,olympics_2020,2021,regression,Naive Margin (0.0 pts),-5.0,0.0
Fold_14,olympics_2020_fra_usa_83_76,olympics_2020,2021,regression,Naive Margin (0.0 pts),7.0,0.0
Fold_14,olympics_2020_ger_ita_82_92,olympics_2020,2021,regression,Naive Margin (0.0 pts),-10.0,0.0
Fold_14,olympics_2020_iri_cze_78_84,olympics_2020,2021,regression,Naive Margin (0.0 pts),-6.0,0.0
Fold_14,olympics_2020_iri_fra_62_79,olympics_2020,2021,regression,Naive Margin (0.0 pts),-17.0,0.0
Fold_14,olympics_2020_ita_aus_83_86,olympics_2020,2021,regression,Naive Margin (0.0 pts),-3.0,0.0
Fold_14,olympics_2020_ita_fra_75_84,olympics_2020,2021,regression,Naive Margin (0.0 pts),-9.0,0.0
Fold_14,olympics_2020_ita_ngr_80_71,olympics_2020,2021,regression,Naive Margin (0.0 pts),9.0,0.0
Fold_14,olympics_2020_jpn_esp_77_88,olympics_2020,2021,regression,Naive Margin (0.0 pts),-11.0,0.0
Fold_14,olympics_2020_ngr_ger_92_99,olympics_2020,2021,regression,Naive Margin (0.0 pts),-7.0,0.0
Fold_14,olympics_2020_slo_aus_93_107,olympics_2020,2021,regression,Naive Margin (0.0 pts),-14.0,0.0
Fold_14,olympics_2020_slo_ger_94_70,olympics_2020,2021,regression,Naive Margin (0.0 pts),24.0,0.0
Fold_14,olympics_2020_slo_jpn_116_81,olympics_2020,2021,regression,Naive Margin (0.0 pts),35.0,0.0
Fold_14,olympics_2020_usa_aus_97_78,olympics_2020,2021,regression,Naive Margin (0.0 pts),19.0,0.0
Fold_14,olympics_2020_usa_cze_119_84,olympics_2020,2021,regression,Naive Margin (0.0 pts),35.0,0.0
Fold_14,olympics_2020_usa_iri_120_66,olympics_2020,2021,regression,Naive Margin (0.0 pts),54.0,0.0
Fold_14,olympics_2020_arg_jpn_97_77,olympics_2020,2021,regression,Ridge Regressor,20.0,22.547
Fold_14,olympics_2020_arg_slo_100_118,olympics_2020,2021,regression,Ridge Regressor,-18.0,-0.329
Fold_14,olympics_2020_aus_arg_97_59,olympics_2020,2021,regression,Ridge Regressor,38.0,-2.63
Fold_14,olympics_2020_aus_ger_89_76,olympics_2020,2021,regression,Ridge Regressor,13.0,1.15
Fold_14,olympics_2020_aus_ngr_84_67,olympics_2020,2021,regression,Ridge Regressor,17.0,8.951
Fold_14,olympics_2020_cze_fra_77_97,olympics_2020,2021,regression,Ridge Regressor,-20.0,-12.312
Fold_14,olympics_2020_esp_arg_81_71,olympics_2020,2021,regression,Ridge Regressor,10.0,10.413
Fold_14,olympics_2020_esp_slo_87_95,olympics_2020,2021,regression,Ridge Regressor,-8.0,9.875
Fold_14,olympics_2020_esp_usa_81_95,olympics_2020,2021,regression,Ridge Regressor,-14.0,-0.058
Fold_14,olympics_2020_fra_slo_90_89,olympics_2020,2021,regression,Ridge Regressor,1.0,2.993
Fold_14,olympics_2020_fra_usa_82_87,olympics_2020,2021,regression,Ridge Regressor,-5.0,-6.94
Fold_14,olympics_2020_fra_usa_83_76,olympics_2020,2021,regression,Ridge Regressor,7.0,-6.94
Fold_14,olympics_2020_ger_ita_82_92,olympics_2020,2021,regression,Ridge Regressor,-10.0,-0.282
Fold_14,olympics_2020_iri_cze_78_84,olympics_2020,2021,regression,Ridge Regressor,-6.0,-7.851
Fold_14,olympics_2020_iri_fra_62_79,olympics_2020,2021,regression,Ridge Regressor,-17.0,-20.371
Fold_14,olympics_2020_ita_aus_83_86,olympics_2020,2021,regression,Ridge Regressor,-3.0,-0.242
Fold_14,olympics_2020_ita_fra_75_84,olympics_2020,2021,regression,Ridge Regressor,-9.0,-6.403
Fold_14,olympics_2020_ita_ngr_80_71,olympics_2020,2021,regression,Ridge Regressor,9.0,8.5
Fold_14,olympics_2020_jpn_esp_77_88,olympics_2020,2021,regression,Ridge Regressor,-11.0,-32.333
Fold_14,olympics_2020_ngr_ger_92_99,olympics_2020,2021,regression,Ridge Regressor,-7.0,-7.592
Fold_14,olympics_2020_slo_aus_93_107,olympics_2020,2021,regression,Ridge Regressor,-14.0,3.585
Fold_14,olympics_2020_slo_ger_94_70,olympics_2020,2021,regression,Ridge Regressor,24.0,4.528
Fold_14,olympics_2020_slo_jpn_116_81,olympics_2020,2021,regression,Ridge Regressor,35.0,23.085
Fold_14,olympics_2020_usa_aus_97_78,olympics_2020,2021,regression,Ridge Regressor,19.0,13.519
Fold_14,olympics_2020_usa_cze_119_84,olympics_2020,2021,regression,Ridge Regressor,35.0,19.877
Fold_14,olympics_2020_usa_iri_120_66,olympics_2020,2021,regression,Ridge Regressor,54.0,27.938
Fold_14,olympics_2020_arg_jpn_97_77,olympics_2020,2021,regression,ElasticNet Regressor,20.0,22.866
Fold_14,olympics_2020_arg_slo_100_118,olympics_2020,2021,regression,ElasticNet Regressor,-18.0,-0.602
Fold_14,olympics_2020_aus_arg_97_59,olympics_2020,2021,regression,ElasticNet Regressor,38.0,-2.351
Fold_14,olympics_2020_aus_ger_89_76,olympics_2020,2021,regression,ElasticNet Regressor,13.0,1.048
Fold_14,olympics_2020_aus_ngr_84_67,olympics_2020,2021,regression,ElasticNet Regressor,17.0,9.401
Fold_14,olympics_2020_cze_fra_77_97,olympics_2020,2021,regression,ElasticNet Regressor,-20.0,-12.926
Fold_14,olympics_2020_esp_arg_81_71,olympics_2020,2021,regression,ElasticNet Regressor,10.0,11.373
Fold_14,olympics_2020_esp_slo_87_95,olympics_2020,2021,regression,ElasticNet Regressor,-8.0,10.337
Fold_14,olympics_2020_esp_usa_81_95,olympics_2020,2021,regression,ElasticNet Regressor,-14.0,1.037
Fold_14,olympics_2020_fra_slo_90_89,olympics_2020,2021,regression,ElasticNet Regressor,1.0,3.528
Fold_14,olympics_2020_fra_usa_82_87,olympics_2020,2021,regression,ElasticNet Regressor,-5.0,-5.772
Fold_14,olympics_2020_fra_usa_83_76,olympics_2020,2021,regression,ElasticNet Regressor,7.0,-5.772
Fold_14,olympics_2020_ger_ita_82_92,olympics_2020,2021,regression,ElasticNet Regressor,-10.0,0.167
Fold_14,olympics_2020_iri_cze_78_84,olympics_2020,2021,regression,ElasticNet Regressor,-6.0,-7.755
Fold_14,olympics_2020_iri_fra_62_79,olympics_2020,2021,regression,ElasticNet Regressor,-17.0,-21.115
Fold_14,olympics_2020_ita_aus_83_86,olympics_2020,2021,regression,ElasticNet Regressor,-3.0,0.087
Fold_14,olympics_2020_ita_fra_75_84,olympics_2020,2021,regression,ElasticNet Regressor,-9.0,-6.829
Fold_14,olympics_2020_ita_ngr_80_71,olympics_2020,2021,regression,ElasticNet Regressor,9.0,9.054
Fold_14,olympics_2020_jpn_esp_77_88,olympics_2020,2021,regression,ElasticNet Regressor,-11.0,-32.937
Fold_14,olympics_2020_ngr_ger_92_99,olympics_2020,2021,regression,ElasticNet Regressor,-7.0,-7.918
Fold_14,olympics_2020_slo_aus_93_107,olympics_2020,2021,regression,ElasticNet Regressor,-14.0,4.255
Fold_14,olympics_2020_slo_ger_94_70,olympics_2020,2021,regression,ElasticNet Regressor,24.0,4.87
Fold_14,olympics_2020_slo_jpn_116_81,olympics_2020,2021,regression,ElasticNet Regressor,35.0,23.902
Fold_14,olympics_2020_usa_aus_97_78,olympics_2020,2021,regression,ElasticNet Regressor,19.0,13.556
Fold_14,olympics_2020_usa_cze_119_84,olympics_2020,2021,regression,ElasticNet Regressor,35.0,20.0
Fold_14,olympics_2020_usa_iri_120_66,olympics_2020,2021,regression,ElasticNet Regressor,54.0,28.189
Fold_14,olympics_2020_arg_jpn_97_77,olympics_2020,2021,regression,LightGBM Regressor,20.0,25.865
Fold_14,olympics_2020_arg_slo_100_118,olympics_2020,2021,regression,LightGBM Regressor,-18.0,4.842
Fold_14,olympics_2020_aus_arg_97_59,olympics_2020,2021,regression,LightGBM Regressor,38.0,-2.258
Fold_14,olympics_2020_aus_ger_89_76,olympics_2020,2021,regression,LightGBM Regressor,13.0,3.824
Fold_14,olympics_2020_aus_ngr_84_67,olympics_2020,2021,regression,LightGBM Regressor,17.0,7.913
Fold_14,olympics_2020_cze_fra_77_97,olympics_2020,2021,regression,LightGBM Regressor,-20.0,-8.773
Fold_14,olympics_2020_esp_arg_81_71,olympics_2020,2021,regression,LightGBM Regressor,10.0,9.302
Fold_14,olympics_2020_esp_slo_87_95,olympics_2020,2021,regression,LightGBM Regressor,-8.0,7.403
Fold_14,olympics_2020_esp_usa_81_95,olympics_2020,2021,regression,LightGBM Regressor,-14.0,-2.65
Fold_14,olympics_2020_fra_slo_90_89,olympics_2020,2021,regression,LightGBM Regressor,1.0,1.41
Fold_14,olympics_2020_fra_usa_82_87,olympics_2020,2021,regression,LightGBM Regressor,-5.0,-7.808
Fold_14,olympics_2020_fra_usa_83_76,olympics_2020,2021,regression,LightGBM Regressor,7.0,-7.808
Fold_14,olympics_2020_ger_ita_82_92,olympics_2020,2021,regression,LightGBM Regressor,-10.0,-1.415
Fold_14,olympics_2020_iri_cze_78_84,olympics_2020,2021,regression,LightGBM Regressor,-6.0,-10.328
Fold_14,olympics_2020_iri_fra_62_79,olympics_2020,2021,regression,LightGBM Regressor,-17.0,-22.283
Fold_14,olympics_2020_ita_aus_83_86,olympics_2020,2021,regression,LightGBM Regressor,-3.0,-1.007
Fold_14,olympics_2020_ita_fra_75_84,olympics_2020,2021,regression,LightGBM Regressor,-9.0,-3.593
Fold_14,olympics_2020_ita_ngr_80_71,olympics_2020,2021,regression,LightGBM Regressor,9.0,5.538
Fold_14,olympics_2020_jpn_esp_77_88,olympics_2020,2021,regression,LightGBM Regressor,-11.0,-21.748
Fold_14,olympics_2020_ngr_ger_92_99,olympics_2020,2021,regression,LightGBM Regressor,-7.0,-3.824
Fold_14,olympics_2020_slo_aus_93_107,olympics_2020,2021,regression,LightGBM Regressor,-14.0,1.101
Fold_14,olympics_2020_slo_ger_94_70,olympics_2020,2021,regression,LightGBM Regressor,24.0,5.468
Fold_14,olympics_2020_slo_jpn_116_81,olympics_2020,2021,regression,LightGBM Regressor,35.0,25.578
Fold_14,olympics_2020_usa_aus_97_78,olympics_2020,2021,regression,LightGBM Regressor,19.0,15.785
Fold_14,olympics_2020_usa_cze_119_84,olympics_2020,2021,regression,LightGBM Regressor,35.0,25.64
Fold_14,olympics_2020_usa_iri_120_66,olympics_2020,2021,regression,LightGBM Regressor,54.0,26.235
Fold_15,eurobasket_2022_bel_geo_79_76,eurobasket_2022,2022,classification,Naive Baseline (50%),1.0,0.5
Fold_15,eurobasket_2022_bih_hun_95_85,eurobasket_2022,2022,classification,Naive Baseline (50%),1.0,0.5
Fold_15,eurobasket_2022_esp_bul_114_87,eurobasket_2022,2022,classification,Naive Baseline (50%),1.0,0.5
Fold_15,eurobasket_2022_fra_ger_63_76,eurobasket_2022,2022,classification,Naive Baseline (50%),0.0,0.5
Fold_15,eurobasket_2022_slo_ltu_92_85,eurobasket_2022,2022,classification,Naive Baseline (50%),1.0,0.5
Fold_15,eurobasket_2022_tur_mne_72_68,eurobasket_2022,2022,classification,Naive Baseline (50%),1.0,0.5
Fold_15,eurobasket_2022_cro_gre_85_89,eurobasket_2022,2022,classification,Naive Baseline (50%),0.0,0.5
Fold_15,eurobasket_2022_isr_fin_89_87,eurobasket_2022,2022,classification,Naive Baseline (50%),1.0,0.5
Fold_15,eurobasket_2022_ita_est_83_62,eurobasket_2022,2022,classification,Naive Baseline (50%),1.0,0.5
Fold_15,eurobasket_2022_pol_cze_99_84,eurobasket_2022,2022,classification,Naive Baseline (50%),1.0,0.5
Fold_15,eurobasket_2022_srb_ned_100_76,eurobasket_2022,2022,classification,Naive Baseline (50%),1.0,0.5
Fold_15,eurobasket_2022_ukr_gbr_90_61,eurobasket_2022,2022,classification,Naive Baseline (50%),1.0,0.5
Fold_15,eurobasket_2022_bul_tur_87_101,eurobasket_2022,2022,classification,Naive Baseline (50%),0.0,0.5
Fold_15,eurobasket_2022_cze_srb_68_81,eurobasket_2022,2022,classification,Naive Baseline (50%),0.0,0.5
Fold_15,eurobasket_2022_est_ukr_73_74,eurobasket_2022,2022,classification,Naive Baseline (50%),0.0,0.5
Fold_15,eurobasket_2022_fin_pol_89_59,eurobasket_2022,2022,classification,Naive Baseline (50%),1.0,0.5
Fold_15,eurobasket_2022_gbr_cro_65_86,eurobasket_2022,2022,classification,Naive Baseline (50%),0.0,0.5
Fold_15,eurobasket_2022_geo_esp_64_90,eurobasket_2022,2022,classification,Naive Baseline (50%),0.0,0.5
Fold_15,eurobasket_2022_ger_bih_92_82,eurobasket_2022,2022,classification,Naive Baseline (50%),1.0,0.5
Fold_15,eurobasket_2022_gre_ita_85_81,eurobasket_2022,2022,classification,Naive Baseline (50%),1.0,0.5
Fold_15,eurobasket_2022_hun_slo_88_103,eurobasket_2022,2022,classification,Naive Baseline (50%),0.0,0.5
Fold_15,eurobasket_2022_ltu_fra_73_77,eurobasket_2022,2022,classification,Naive Baseline (50%),0.0,0.5
Fold_15,eurobasket_2022_mne_bel_76_70,eurobasket_2022,2022,classification,Naive Baseline (50%),1.0,0.5
Fold_15,eurobasket_2022_ned_isr_67_74,eurobasket_2022,2022,classification,Naive Baseline (50%),0.0,0.5
Fold_15,eurobasket_2022_bul_mne_81_91,eurobasket_2022,2022,classification,Naive Baseline (50%),0.0,0.5
Fold_15,eurobasket_2022_esp_bel_73_83,eurobasket_2022,2022,classification,Naive Baseline (50%),0.0,0.5
Fold_15,eurobasket_2022_fra_hun_78_74,eurobasket_2022,2022,classification,Naive Baseline (50%),1.0,0.5
Fold_15,eurobasket_2022_ltu_ger_107_109,eurobasket_2022,2022,classification,Naive Baseline (50%),0.0,0.5
Fold_15,eurobasket_2022_slo_bih_93_97,eurobasket_2022,2022,classification,Naive Baseline (50%),0.0,0.5
Fold_15,eurobasket_2022_tur_geo_83_88,eurobasket_2022,2022,classification,Naive Baseline (50%),0.0,0.5
Fold_15,eurobasket_2022_cro_est_73_70,eurobasket_2022,2022,classification,Naive Baseline (50%),1.0,0.5
Fold_15,eurobasket_2022_cze_ned_88_80,eurobasket_2022,2022,classification,Naive Baseline (50%),1.0,0.5
Fold_15,eurobasket_2022_gbr_gre_77_93,eurobasket_2022,2022,classification,Naive Baseline (50%),0.0,0.5
Fold_15,eurobasket_2022_pol_isr_85_76,eurobasket_2022,2022,classification,Naive Baseline (50%),1.0,0.5
Fold_15,eurobasket_2022_srb_fin_100_70,eurobasket_2022,2022,classification,Naive Baseline (50%),1.0,0.5
Fold_15,eurobasket_2022_ukr_ita_84_73,eurobasket_2022,2022,classification,Naive Baseline (50%),1.0,0.5
Fold_15,eurobasket_2022_bel_tur_63_78,eurobasket_2022,2022,classification,Naive Baseline (50%),0.0,0.5
Fold_15,eurobasket_2022_bih_fra_68_81,eurobasket_2022,2022,classification,Naive Baseline (50%),0.0,0.5
Fold_15,eurobasket_2022_est_gbr_94_62,eurobasket_2022,2022,classification,Naive Baseline (50%),1.0,0.5
Fold_15,eurobasket_2022_fin_cze_98_88,eurobasket_2022,2022,classification,Naive Baseline (50%),1.0,0.5
Fold_15,eurobasket_2022_geo_bul_80_92,eurobasket_2022,2022,classification,Naive Baseline (50%),0.0,0.5
Fold_15,eurobasket_2022_ger_slo_80_88,eurobasket_2022,2022,classification,Naive Baseline (50%),0.0,0.5
Fold_15,eurobasket_2022_gre_ukr_99_79,eurobasket_2022,2022,classification,Naive Baseline (50%),1.0,0.5
Fold_15,eurobasket_2022_hun_ltu_64_87,eurobasket_2022,2022,classification,Naive Baseline (50%),0.0,0.5
Fold_15,eurobasket_2022_isr_srb_78_89,eurobasket_2022,2022,classification,Naive Baseline (50%),0.0,0.5
Fold_15,eurobasket_2022_ita_cro_81_76,eurobasket_2022,2022,classification,Naive Baseline (50%),1.0,0.5
Fold_15,eurobasket_2022_mne_esp_65_82,eurobasket_2022,2022,classification,Naive Baseline (50%),0.0,0.5
Fold_15,eurobasket_2022_ned_pol_69_75,eurobasket_2022,2022,classification,Naive Baseline (50%),0.0,0.5
Fold_15,eurobasket_2022_bul_bel_80_89,eurobasket_2022,2022,classification,Naive Baseline (50%),0.0,0.5
Fold_15,eurobasket_2022_fra_slo_82_88,eurobasket_2022,2022,classification,Naive Baseline (50%),0.0,0.5
Fold_15,eurobasket_2022_geo_mne_73_81,eurobasket_2022,2022,classification,Naive Baseline (50%),0.0,0.5
Fold_15,eurobasket_2022_hun_ger_71_106,eurobasket_2022,2022,classification,Naive Baseline (50%),0.0,0.5
Fold_15,eurobasket_2022_ltu_bih_87_70,eurobasket_2022,2022,classification,Naive Baseline (50%),1.0,0.5
Fold_15,eurobasket_2022_tur_esp_69_72,eurobasket_2022,2022,classification,Naive Baseline (50%),0.0,0.5
Fold_15,eurobasket_2022_cro_ukr_90_85,eurobasket_2022,2022,classification,Naive Baseline (50%),1.0,0.5
Fold_15,eurobasket_2022_cze_isr_88_77,eurobasket_2022,2022,classification,Naive Baseline (50%),1.0,0.5
Fold_15,eurobasket_2022_est_gre_69_90,eurobasket_2022,2022,classification,Naive Baseline (50%),0.0,0.5
Fold_15,eurobasket_2022_fin_ned_88_67,eurobasket_2022,2022,classification,Naive Baseline (50%),1.0,0.5
Fold_15,eurobasket_2022_gbr_ita_56_90,eurobasket_2022,2022,classification,Naive Baseline (50%),0.0,0.5
Fold_15,eurobasket_2022_srb_pol_96_69,eurobasket_2022,2022,classification,Naive Baseline (50%),1.0,0.5
Fold_15,eurobasket_2022_esp_ltu_102_94,eurobasket_2022,2022,classification,Naive Baseline (50%),1.0,0.5
Fold_15,eurobasket_2022_ger_mne_85_79,eurobasket_2022,2022,classification,Naive Baseline (50%),1.0,0.5
Fold_15,eurobasket_2022_slo_bel_88_72,eurobasket_2022,2022,classification,Naive Baseline (50%),1.0,0.5
Fold_15,eurobasket_2022_tur_fra_86_87,eurobasket_2022,2022,classification,Naive Baseline (50%),0.0,0.5
Fold_15,eurobasket_2022_fin_cro_94_86,eurobasket_2022,2022,classification,Naive Baseline (50%),1.0,0.5
Fold_15,eurobasket_2022_gre_cze_94_88,eurobasket_2022,2022,classification,Naive Baseline (50%),1.0,0.5
Fold_15,eurobasket_2022_srb_ita_86_94,eurobasket_2022,2022,classification,Naive Baseline (50%),0.0,0.5
Fold_15,eurobasket_2022_ukr_pol_86_94,eurobasket_2022,2022,classification,Naive Baseline (50%),0.0,0.5
Fold_15,eurobasket_2022_esp_fin_100_90,eurobasket_2022,2022,classification,Naive Baseline (50%),1.0,0.5
Fold_15,eurobasket_2022_ger_gre_107_96,eurobasket_2022,2022,classification,Naive Baseline (50%),1.0,0.5
Fold_15,eurobasket_2022_fra_ita_93_85,eurobasket_2022,2022,classification,Naive Baseline (50%),1.0,0.5
Fold_15,eurobasket_2022_slo_pol_87_90,eurobasket_2022,2022,classification,Naive Baseline (50%),0.0,0.5
Fold_15,eurobasket_2022_ger_esp_91_96,eurobasket_2022,2022,classification,Naive Baseline (50%),0.0,0.5
Fold_15,eurobasket_2022_pol_fra_54_95,eurobasket_2022,2022,classification,Naive Baseline (50%),0.0,0.5
Fold_15,eurobasket_2022_esp_fra_88_76,eurobasket_2022,2022,classification,Naive Baseline (50%),1.0,0.5
Fold_15,eurobasket_2022_ger_pol_82_69,eurobasket_2022,2022,classification,Naive Baseline (50%),1.0,0.5
Fold_15,eurobasket_2022_bel_geo_79_76,eurobasket_2022,2022,classification,Logistic Regression L2,1.0,0.4063
Fold_15,eurobasket_2022_bih_hun_95_85,eurobasket_2022,2022,classification,Logistic Regression L2,1.0,0.5403
Fold_15,eurobasket_2022_esp_bul_114_87,eurobasket_2022,2022,classification,Logistic Regression L2,1.0,0.9664
Fold_15,eurobasket_2022_fra_ger_63_76,eurobasket_2022,2022,classification,Logistic Regression L2,0.0,0.7437
Fold_15,eurobasket_2022_slo_ltu_92_85,eurobasket_2022,2022,classification,Logistic Regression L2,1.0,0.4081
Fold_15,eurobasket_2022_tur_mne_72_68,eurobasket_2022,2022,classification,Logistic Regression L2,1.0,0.7596
Fold_15,eurobasket_2022_cro_gre_85_89,eurobasket_2022,2022,classification,Logistic Regression L2,0.0,0.3588
Fold_15,eurobasket_2022_isr_fin_89_87,eurobasket_2022,2022,classification,Logistic Regression L2,1.0,0.42
Fold_15,eurobasket_2022_ita_est_83_62,eurobasket_2022,2022,classification,Logistic Regression L2,1.0,0.8737
Fold_15,eurobasket_2022_pol_cze_99_84,eurobasket_2022,2022,classification,Logistic Regression L2,1.0,0.514
Fold_15,eurobasket_2022_srb_ned_100_76,eurobasket_2022,2022,classification,Logistic Regression L2,1.0,0.8865
Fold_15,eurobasket_2022_ukr_gbr_90_61,eurobasket_2022,2022,classification,Logistic Regression L2,1.0,0.5898
Fold_15,eurobasket_2022_bul_tur_87_101,eurobasket_2022,2022,classification,Logistic Regression L2,0.0,0.0184
Fold_15,eurobasket_2022_cze_srb_68_81,eurobasket_2022,2022,classification,Logistic Regression L2,0.0,0.0074
Fold_15,eurobasket_2022_est_ukr_73_74,eurobasket_2022,2022,classification,Logistic Regression L2,0.0,0.0007
Fold_15,eurobasket_2022_fin_pol_89_59,eurobasket_2022,2022,classification,Logistic Regression L2,1.0,0.1063
Fold_15,eurobasket_2022_gbr_cro_65_86,eurobasket_2022,2022,classification,Logistic Regression L2,0.0,0.0196
Fold_15,eurobasket_2022_geo_esp_64_90,eurobasket_2022,2022,classification,Logistic Regression L2,0.0,0.0195
Fold_15,eurobasket_2022_ger_bih_92_82,eurobasket_2022,2022,classification,Logistic Regression L2,1.0,0.7715
Fold_15,eurobasket_2022_gre_ita_85_81,eurobasket_2022,2022,classification,Logistic Regression L2,1.0,0.099
Fold_15,eurobasket_2022_hun_slo_88_103,eurobasket_2022,2022,classification,Logistic Regression L2,0.0,0.0749
Fold_15,eurobasket_2022_ltu_fra_73_77,eurobasket_2022,2022,classification,Logistic Regression L2,0.0,0.761
Fold_15,eurobasket_2022_mne_bel_76_70,eurobasket_2022,2022,classification,Logistic Regression L2,1.0,0.2163
Fold_15,eurobasket_2022_ned_isr_67_74,eurobasket_2022,2022,classification,Logistic Regression L2,0.0,0.0198
Fold_15,eurobasket_2022_bul_mne_81_91,eurobasket_2022,2022,classification,Logistic Regression L2,0.0,0.0979
Fold_15,eurobasket_2022_esp_bel_73_83,eurobasket_2022,2022,classification,Logistic Regression L2,0.0,0.9779
Fold_15,eurobasket_2022_fra_hun_78_74,eurobasket_2022,2022,classification,Logistic Regression L2,1.0,0.8238
Fold_15,eurobasket_2022_ltu_ger_107_109,eurobasket_2022,2022,classification,Logistic Regression L2,0.0,0.1044
Fold_15,eurobasket_2022_slo_bih_93_97,eurobasket_2022,2022,classification,Logistic Regression L2,0.0,0.8216
Fold_15,eurobasket_2022_tur_geo_83_88,eurobasket_2022,2022,classification,Logistic Regression L2,0.0,0.9785
Fold_15,eurobasket_2022_cro_est_73_70,eurobasket_2022,2022,classification,Logistic Regression L2,1.0,0.9587
Fold_15,eurobasket_2022_cze_ned_88_80,eurobasket_2022,2022,classification,Logistic Regression L2,1.0,0.65
Fold_15,eurobasket_2022_gbr_gre_77_93,eurobasket_2022,2022,classification,Logistic Regression L2,0.0,0.0146
Fold_15,eurobasket_2022_pol_isr_85_76,eurobasket_2022,2022,classification,Logistic Regression L2,1.0,0.1048
Fold_15,eurobasket_2022_srb_fin_100_70,eurobasket_2022,2022,classification,Logistic Regression L2,1.0,0.6502
Fold_15,eurobasket_2022_ukr_ita_84_73,eurobasket_2022,2022,classification,Logistic Regression L2,1.0,0.7482
Fold_15,eurobasket_2022_bel_tur_63_78,eurobasket_2022,2022,classification,Logistic Regression L2,0.0,0.3548
Fold_15,eurobasket_2022_bih_fra_68_81,eurobasket_2022,2022,classification,Logistic Regression L2,0.0,0.466
Fold_15,eurobasket_2022_est_gbr_94_62,eurobasket_2022,2022,classification,Logistic Regression L2,1.0,0.862
Fold_15,eurobasket_2022_fin_cze_98_88,eurobasket_2022,2022,classification,Logistic Regression L2,1.0,0.7202
Fold_15,eurobasket_2022_geo_bul_80_92,eurobasket_2022,2022,classification,Logistic Regression L2,0.0,0.6306
Fold_15,eurobasket_2022_ger_slo_80_88,eurobasket_2022,2022,classification,Logistic Regression L2,0.0,0.6476
Fold_15,eurobasket_2022_gre_ukr_99_79,eurobasket_2022,2022,classification,Logistic Regression L2,1.0,0.3186
Fold_15,eurobasket_2022_hun_ltu_64_87,eurobasket_2022,2022,classification,Logistic Regression L2,0.0,0.1941
Fold_15,eurobasket_2022_isr_srb_78_89,eurobasket_2022,2022,classification,Logistic Regression L2,0.0,0.0621
Fold_15,eurobasket_2022_ita_cro_81_76,eurobasket_2022,2022,classification,Logistic Regression L2,1.0,0.2448
Fold_15,eurobasket_2022_mne_esp_65_82,eurobasket_2022,2022,classification,Logistic Regression L2,0.0,0.1423
Fold_15,eurobasket_2022_ned_pol_69_75,eurobasket_2022,2022,classification,Logistic Regression L2,0.0,0.1479
Fold_15,eurobasket_2022_bul_bel_80_89,eurobasket_2022,2022,classification,Logistic Regression L2,0.0,0.2958
Fold_15,eurobasket_2022_fra_slo_82_88,eurobasket_2022,2022,classification,Logistic Regression L2,0.0,0.4535
Fold_15,eurobasket_2022_geo_mne_73_81,eurobasket_2022,2022,classification,Logistic Regression L2,0.0,0.2551
Fold_15,eurobasket_2022_hun_ger_71_106,eurobasket_2022,2022,classification,Logistic Regression L2,0.0,0.0517
Fold_15,eurobasket_2022_ltu_bih_87_70,eurobasket_2022,2022,classification,Logistic Regression L2,1.0,0.7949
Fold_15,eurobasket_2022_tur_esp_69_72,eurobasket_2022,2022,classification,Logistic Regression L2,0.0,0.2974
Fold_15,eurobasket_2022_cro_ukr_90_85,eurobasket_2022,2022,classification,Logistic Regression L2,1.0,0.5004
Fold_15,eurobasket_2022_cze_isr_88_77,eurobasket_2022,2022,classification,Logistic Regression L2,1.0,0.2807
Fold_15,eurobasket_2022_est_gre_69_90,eurobasket_2022,2022,classification,Logistic Regression L2,0.0,0.2098
Fold_15,eurobasket_2022_fin_ned_88_67,eurobasket_2022,2022,classification,Logistic Regression L2,1.0,0.904
Fold_15,eurobasket_2022_gbr_ita_56_90,eurobasket_2022,2022,classification,Logistic Regression L2,0.0,0.0269
Fold_15,eurobasket_2022_srb_pol_96_69,eurobasket_2022,2022,classification,Logistic Regression L2,1.0,0.9393
Fold_15,eurobasket_2022_esp_ltu_102_94,eurobasket_2022,2022,classification,Logistic Regression L2,1.0,0.701
Fold_15,eurobasket_2022_ger_mne_85_79,eurobasket_2022,2022,classification,Logistic Regression L2,1.0,0.9119
Fold_15,eurobasket_2022_slo_bel_88_72,eurobasket_2022,2022,classification,Logistic Regression L2,1.0,0.8013
Fold_15,eurobasket_2022_tur_fra_86_87,eurobasket_2022,2022,classification,Logistic Regression L2,0.0,0.6752
Fold_15,eurobasket_2022_fin_cro_94_86,eurobasket_2022,2022,classification,Logistic Regression L2,1.0,0.5353
Fold_15,eurobasket_2022_gre_cze_94_88,eurobasket_2022,2022,classification,Logistic Regression L2,1.0,0.9406
Fold_15,eurobasket_2022_srb_ita_86_94,eurobasket_2022,2022,classification,Logistic Regression L2,0.0,0.8783
Fold_15,eurobasket_2022_ukr_pol_86_94,eurobasket_2022,2022,classification,Logistic Regression L2,0.0,0.8493
Fold_15,eurobasket_2022_esp_fin_100_90,eurobasket_2022,2022,classification,Logistic Regression L2,1.0,0.7953
Fold_15,eurobasket_2022_ger_gre_107_96,eurobasket_2022,2022,classification,Logistic Regression L2,1.0,0.5662
Fold_15,eurobasket_2022_fra_ita_93_85,eurobasket_2022,2022,classification,Logistic Regression L2,1.0,0.466
Fold_15,eurobasket_2022_slo_pol_87_90,eurobasket_2022,2022,classification,Logistic Regression L2,0.0,0.8881
Fold_15,eurobasket_2022_ger_esp_91_96,eurobasket_2022,2022,classification,Logistic Regression L2,0.0,0.5597
Fold_15,eurobasket_2022_pol_fra_54_95,eurobasket_2022,2022,classification,Logistic Regression L2,0.0,0.3089
Fold_15,eurobasket_2022_esp_fra_88_76,eurobasket_2022,2022,classification,Logistic Regression L2,1.0,0.6147
Fold_15,eurobasket_2022_ger_pol_82_69,eurobasket_2022,2022,classification,Logistic Regression L2,1.0,0.9425
Fold_15,eurobasket_2022_bel_geo_79_76,eurobasket_2022,2022,classification,ElasticNet Classifier,1.0,0.4222
Fold_15,eurobasket_2022_bih_hun_95_85,eurobasket_2022,2022,classification,ElasticNet Classifier,1.0,0.5572
Fold_15,eurobasket_2022_esp_bul_114_87,eurobasket_2022,2022,classification,ElasticNet Classifier,1.0,0.9696
Fold_15,eurobasket_2022_fra_ger_63_76,eurobasket_2022,2022,classification,ElasticNet Classifier,0.0,0.7587
Fold_15,eurobasket_2022_slo_ltu_92_85,eurobasket_2022,2022,classification,ElasticNet Classifier,1.0,0.4203
Fold_15,eurobasket_2022_tur_mne_72_68,eurobasket_2022,2022,classification,ElasticNet Classifier,1.0,0.7745
Fold_15,eurobasket_2022_cro_gre_85_89,eurobasket_2022,2022,classification,ElasticNet Classifier,0.0,0.3717
Fold_15,eurobasket_2022_isr_fin_89_87,eurobasket_2022,2022,classification,ElasticNet Classifier,1.0,0.4345
Fold_15,eurobasket_2022_ita_est_83_62,eurobasket_2022,2022,classification,ElasticNet Classifier,1.0,0.8823
Fold_15,eurobasket_2022_pol_cze_99_84,eurobasket_2022,2022,classification,ElasticNet Classifier,1.0,0.5298
Fold_15,eurobasket_2022_srb_ned_100_76,eurobasket_2022,2022,classification,ElasticNet Classifier,1.0,0.8956
Fold_15,eurobasket_2022_ukr_gbr_90_61,eurobasket_2022,2022,classification,ElasticNet Classifier,1.0,0.6071
Fold_15,eurobasket_2022_bul_tur_87_101,eurobasket_2022,2022,classification,ElasticNet Classifier,0.0,0.061
Fold_15,eurobasket_2022_cze_srb_68_81,eurobasket_2022,2022,classification,ElasticNet Classifier,0.0,0.0415
Fold_15,eurobasket_2022_est_ukr_73_74,eurobasket_2022,2022,classification,ElasticNet Classifier,0.0,0.0183
Fold_15,eurobasket_2022_fin_pol_89_59,eurobasket_2022,2022,classification,ElasticNet Classifier,1.0,0.2717
Fold_15,eurobasket_2022_gbr_cro_65_86,eurobasket_2022,2022,classification,ElasticNet Classifier,0.0,0.0665
Fold_15,eurobasket_2022_geo_esp_64_90,eurobasket_2022,2022,classification,ElasticNet Classifier,0.0,0.0364
Fold_15,eurobasket_2022_ger_bih_92_82,eurobasket_2022,2022,classification,ElasticNet Classifier,1.0,0.8107
Fold_15,eurobasket_2022_gre_ita_85_81,eurobasket_2022,2022,classification,ElasticNet Classifier,1.0,0.354
Fold_15,eurobasket_2022_hun_slo_88_103,eurobasket_2022,2022,classification,ElasticNet Classifier,0.0,0.0854
Fold_15,eurobasket_2022_ltu_fra_73_77,eurobasket_2022,2022,classification,ElasticNet Classifier,0.0,0.6451
Fold_15,eurobasket_2022_mne_bel_76_70,eurobasket_2022,2022,classification,ElasticNet Classifier,1.0,0.3858
Fold_15,eurobasket_2022_ned_isr_67_74,eurobasket_2022,2022,classification,ElasticNet Classifier,0.0,0.1221
Fold_15,eurobasket_2022_bul_mne_81_91,eurobasket_2022,2022,classification,ElasticNet Classifier,0.0,0.22
Fold_15,eurobasket_2022_esp_bel_73_83,eurobasket_2022,2022,classification,ElasticNet Classifier,0.0,0.9716
Fold_15,eurobasket_2022_fra_hun_78_74,eurobasket_2022,2022,classification,ElasticNet Classifier,1.0,0.9055
Fold_15,eurobasket_2022_ltu_ger_107_109,eurobasket_2022,2022,classification,ElasticNet Classifier,0.0,0.3864
Fold_15,eurobasket_2022_slo_bih_93_97,eurobasket_2022,2022,classification,ElasticNet Classifier,0.0,0.8731
Fold_15,eurobasket_2022_tur_geo_83_88,eurobasket_2022,2022,classification,ElasticNet Classifier,0.0,0.9206
Fold_15,eurobasket_2022_cro_est_73_70,eurobasket_2022,2022,classification,ElasticNet Classifier,1.0,0.9382
Fold_15,eurobasket_2022_cze_ned_88_80,eurobasket_2022,2022,classification,ElasticNet Classifier,1.0,0.6551
Fold_15,eurobasket_2022_gbr_gre_77_93,eurobasket_2022,2022,classification,ElasticNet Classifier,0.0,0.0433
Fold_15,eurobasket_2022_pol_isr_85_76,eurobasket_2022,2022,classification,ElasticNet Classifier,1.0,0.308
Fold_15,eurobasket_2022_srb_fin_100_70,eurobasket_2022,2022,classification,ElasticNet Classifier,1.0,0.7597
Fold_15,eurobasket_2022_ukr_ita_84_73,eurobasket_2022,2022,classification,ElasticNet Classifier,1.0,0.5279
Fold_15,eurobasket_2022_bel_tur_63_78,eurobasket_2022,2022,classification,ElasticNet Classifier,0.0,0.2817
Fold_15,eurobasket_2022_bih_fra_68_81,eurobasket_2022,2022,classification,ElasticNet Classifier,0.0,0.2048
Fold_15,eurobasket_2022_est_gbr_94_62,eurobasket_2022,2022,classification,ElasticNet Classifier,1.0,0.654
Fold_15,eurobasket_2022_fin_cze_98_88,eurobasket_2022,2022,classification,ElasticNet Classifier,1.0,0.6336
Fold_15,eurobasket_2022_geo_bul_80_92,eurobasket_2022,2022,classification,ElasticNet Classifier,0.0,0.6591
Fold_15,eurobasket_2022_ger_slo_80_88,eurobasket_2022,2022,classification,ElasticNet Classifier,0.0,0.51
Fold_15,eurobasket_2022_gre_ukr_99_79,eurobasket_2022,2022,classification,ElasticNet Classifier,1.0,0.6443
Fold_15,eurobasket_2022_hun_ltu_64_87,eurobasket_2022,2022,classification,ElasticNet Classifier,0.0,0.115
Fold_15,eurobasket_2022_isr_srb_78_89,eurobasket_2022,2022,classification,ElasticNet Classifier,0.0,0.0981
Fold_15,eurobasket_2022_ita_cro_81_76,eurobasket_2022,2022,classification,ElasticNet Classifier,1.0,0.3545
Fold_15,eurobasket_2022_mne_esp_65_82,eurobasket_2022,2022,classification,ElasticNet Classifier,0.0,0.0889
Fold_15,eurobasket_2022_ned_pol_69_75,eurobasket_2022,2022,classification,ElasticNet Classifier,0.0,0.2506
Fold_15,eurobasket_2022_bul_bel_80_89,eurobasket_2022,2022,classification,ElasticNet Classifier,0.0,0.3771
Fold_15,eurobasket_2022_fra_slo_82_88,eurobasket_2022,2022,classification,ElasticNet Classifier,0.0,0.5523
Fold_15,eurobasket_2022_geo_mne_73_81,eurobasket_2022,2022,classification,ElasticNet Classifier,0.0,0.4085
Fold_15,eurobasket_2022_hun_ger_71_106,eurobasket_2022,2022,classification,ElasticNet Classifier,0.0,0.0961
Fold_15,eurobasket_2022_ltu_bih_87_70,eurobasket_2022,2022,classification,ElasticNet Classifier,1.0,0.8858
Fold_15,eurobasket_2022_tur_esp_69_72,eurobasket_2022,2022,classification,ElasticNet Classifier,0.0,0.2206
Fold_15,eurobasket_2022_cro_ukr_90_85,eurobasket_2022,2022,classification,ElasticNet Classifier,1.0,0.6598
Fold_15,eurobasket_2022_cze_isr_88_77,eurobasket_2022,2022,classification,ElasticNet Classifier,1.0,0.4385
Fold_15,eurobasket_2022_est_gre_69_90,eurobasket_2022,2022,classification,ElasticNet Classifier,0.0,0.1187
Fold_15,eurobasket_2022_fin_ned_88_67,eurobasket_2022,2022,classification,ElasticNet Classifier,1.0,0.8111
Fold_15,eurobasket_2022_gbr_ita_56_90,eurobasket_2022,2022,classification,ElasticNet Classifier,0.0,0.0853
Fold_15,eurobasket_2022_srb_pol_96_69,eurobasket_2022,2022,classification,ElasticNet Classifier,1.0,0.8986
Fold_15,eurobasket_2022_esp_ltu_102_94,eurobasket_2022,2022,classification,ElasticNet Classifier,1.0,0.7048
Fold_15,eurobasket_2022_ger_mne_85_79,eurobasket_2022,2022,classification,ElasticNet Classifier,1.0,0.8561
Fold_15,eurobasket_2022_slo_bel_88_72,eurobasket_2022,2022,classification,ElasticNet Classifier,1.0,0.8513
Fold_15,eurobasket_2022_tur_fra_86_87,eurobasket_2022,2022,classification,ElasticNet Classifier,0.0,0.4681
Fold_15,eurobasket_2022_fin_cro_94_86,eurobasket_2022,2022,classification,ElasticNet Classifier,1.0,0.4008
Fold_15,eurobasket_2022_gre_cze_94_88,eurobasket_2022,2022,classification,ElasticNet Classifier,1.0,0.9051
Fold_15,eurobasket_2022_srb_ita_86_94,eurobasket_2022,2022,classification,ElasticNet Classifier,0.0,0.8009
Fold_15,eurobasket_2022_ukr_pol_86_94,eurobasket_2022,2022,classification,ElasticNet Classifier,0.0,0.6942
Fold_15,eurobasket_2022_esp_fin_100_90,eurobasket_2022,2022,classification,ElasticNet Classifier,1.0,0.8905
Fold_15,eurobasket_2022_ger_gre_107_96,eurobasket_2022,2022,classification,ElasticNet Classifier,1.0,0.4519
Fold_15,eurobasket_2022_fra_ita_93_85,eurobasket_2022,2022,classification,ElasticNet Classifier,1.0,0.6424
Fold_15,eurobasket_2022_slo_pol_87_90,eurobasket_2022,2022,classification,ElasticNet Classifier,0.0,0.8624
Fold_15,eurobasket_2022_ger_esp_91_96,eurobasket_2022,2022,classification,ElasticNet Classifier,0.0,0.3197
Fold_15,eurobasket_2022_pol_fra_54_95,eurobasket_2022,2022,classification,ElasticNet Classifier,0.0,0.2065
Fold_15,eurobasket_2022_esp_fra_88_76,eurobasket_2022,2022,classification,ElasticNet Classifier,1.0,0.6565
Fold_15,eurobasket_2022_ger_pol_82_69,eurobasket_2022,2022,classification,ElasticNet Classifier,1.0,0.8662
Fold_15,eurobasket_2022_bel_geo_79_76,eurobasket_2022,2022,classification,LightGBM Classifier,1.0,0.4611
Fold_15,eurobasket_2022_bih_hun_95_85,eurobasket_2022,2022,classification,LightGBM Classifier,1.0,0.5704
Fold_15,eurobasket_2022_esp_bul_114_87,eurobasket_2022,2022,classification,LightGBM Classifier,1.0,0.9134
Fold_15,eurobasket_2022_fra_ger_63_76,eurobasket_2022,2022,classification,LightGBM Classifier,0.0,0.6624
Fold_15,eurobasket_2022_slo_ltu_92_85,eurobasket_2022,2022,classification,LightGBM Classifier,1.0,0.3795
Fold_15,eurobasket_2022_tur_mne_72_68,eurobasket_2022,2022,classification,LightGBM Classifier,1.0,0.6914
Fold_15,eurobasket_2022_cro_gre_85_89,eurobasket_2022,2022,classification,LightGBM Classifier,0.0,0.3708
Fold_15,eurobasket_2022_isr_fin_89_87,eurobasket_2022,2022,classification,LightGBM Classifier,1.0,0.4344
Fold_15,eurobasket_2022_ita_est_83_62,eurobasket_2022,2022,classification,LightGBM Classifier,1.0,0.8271
Fold_15,eurobasket_2022_pol_cze_99_84,eurobasket_2022,2022,classification,LightGBM Classifier,1.0,0.4716
Fold_15,eurobasket_2022_srb_ned_100_76,eurobasket_2022,2022,classification,LightGBM Classifier,1.0,0.6963
Fold_15,eurobasket_2022_ukr_gbr_90_61,eurobasket_2022,2022,classification,LightGBM Classifier,1.0,0.4969
Fold_15,eurobasket_2022_bul_tur_87_101,eurobasket_2022,2022,classification,LightGBM Classifier,0.0,0.1525
Fold_15,eurobasket_2022_cze_srb_68_81,eurobasket_2022,2022,classification,LightGBM Classifier,0.0,0.1621
Fold_15,eurobasket_2022_est_ukr_73_74,eurobasket_2022,2022,classification,LightGBM Classifier,0.0,0.3831
Fold_15,eurobasket_2022_fin_pol_89_59,eurobasket_2022,2022,classification,LightGBM Classifier,1.0,0.45
Fold_15,eurobasket_2022_gbr_cro_65_86,eurobasket_2022,2022,classification,LightGBM Classifier,0.0,0.2638
Fold_15,eurobasket_2022_geo_esp_64_90,eurobasket_2022,2022,classification,LightGBM Classifier,0.0,0.0935
Fold_15,eurobasket_2022_ger_bih_92_82,eurobasket_2022,2022,classification,LightGBM Classifier,1.0,0.7455
Fold_15,eurobasket_2022_gre_ita_85_81,eurobasket_2022,2022,classification,LightGBM Classifier,1.0,0.677
Fold_15,eurobasket_2022_hun_slo_88_103,eurobasket_2022,2022,classification,LightGBM Classifier,0.0,0.0831
Fold_15,eurobasket_2022_ltu_fra_73_77,eurobasket_2022,2022,classification,LightGBM Classifier,0.0,0.5118
Fold_15,eurobasket_2022_mne_bel_76_70,eurobasket_2022,2022,classification,LightGBM Classifier,1.0,0.4738
Fold_15,eurobasket_2022_ned_isr_67_74,eurobasket_2022,2022,classification,LightGBM Classifier,0.0,0.6552
Fold_15,eurobasket_2022_bul_mne_81_91,eurobasket_2022,2022,classification,LightGBM Classifier,0.0,0.3923
Fold_15,eurobasket_2022_esp_bel_73_83,eurobasket_2022,2022,classification,LightGBM Classifier,0.0,0.9102
Fold_15,eurobasket_2022_fra_hun_78_74,eurobasket_2022,2022,classification,LightGBM Classifier,1.0,0.7264
Fold_15,eurobasket_2022_ltu_ger_107_109,eurobasket_2022,2022,classification,LightGBM Classifier,0.0,0.7016
Fold_15,eurobasket_2022_slo_bih_93_97,eurobasket_2022,2022,classification,LightGBM Classifier,0.0,0.6963
Fold_15,eurobasket_2022_tur_geo_83_88,eurobasket_2022,2022,classification,LightGBM Classifier,0.0,0.5289
Fold_15,eurobasket_2022_cro_est_73_70,eurobasket_2022,2022,classification,LightGBM Classifier,1.0,0.7784
Fold_15,eurobasket_2022_cze_ned_88_80,eurobasket_2022,2022,classification,LightGBM Classifier,1.0,0.4704
Fold_15,eurobasket_2022_gbr_gre_77_93,eurobasket_2022,2022,classification,LightGBM Classifier,0.0,0.0527
Fold_15,eurobasket_2022_pol_isr_85_76,eurobasket_2022,2022,classification,LightGBM Classifier,1.0,0.5615
Fold_15,eurobasket_2022_srb_fin_100_70,eurobasket_2022,2022,classification,LightGBM Classifier,1.0,0.7455
Fold_15,eurobasket_2022_ukr_ita_84_73,eurobasket_2022,2022,classification,LightGBM Classifier,1.0,0.4143
Fold_15,eurobasket_2022_bel_tur_63_78,eurobasket_2022,2022,classification,LightGBM Classifier,0.0,0.2713
Fold_15,eurobasket_2022_bih_fra_68_81,eurobasket_2022,2022,classification,LightGBM Classifier,0.0,0.094
Fold_15,eurobasket_2022_est_gbr_94_62,eurobasket_2022,2022,classification,LightGBM Classifier,1.0,0.407
Fold_15,eurobasket_2022_fin_cze_98_88,eurobasket_2022,2022,classification,LightGBM Classifier,1.0,0.494
Fold_15,eurobasket_2022_geo_bul_80_92,eurobasket_2022,2022,classification,LightGBM Classifier,0.0,0.6919
Fold_15,eurobasket_2022_ger_slo_80_88,eurobasket_2022,2022,classification,LightGBM Classifier,0.0,0.3717
Fold_15,eurobasket_2022_gre_ukr_99_79,eurobasket_2022,2022,classification,LightGBM Classifier,1.0,0.7779
Fold_15,eurobasket_2022_hun_ltu_64_87,eurobasket_2022,2022,classification,LightGBM Classifier,0.0,0.0638
Fold_15,eurobasket_2022_isr_srb_78_89,eurobasket_2022,2022,classification,LightGBM Classifier,0.0,0.1704
Fold_15,eurobasket_2022_ita_cro_81_76,eurobasket_2022,2022,classification,LightGBM Classifier,1.0,0.3964
Fold_15,eurobasket_2022_mne_esp_65_82,eurobasket_2022,2022,classification,LightGBM Classifier,0.0,0.0751
Fold_15,eurobasket_2022_ned_pol_69_75,eurobasket_2022,2022,classification,LightGBM Classifier,0.0,0.4337
Fold_15,eurobasket_2022_bul_bel_80_89,eurobasket_2022,2022,classification,LightGBM Classifier,0.0,0.3631
Fold_15,eurobasket_2022_fra_slo_82_88,eurobasket_2022,2022,classification,LightGBM Classifier,0.0,0.4827
Fold_15,eurobasket_2022_geo_mne_73_81,eurobasket_2022,2022,classification,LightGBM Classifier,0.0,0.5923
Fold_15,eurobasket_2022_hun_ger_71_106,eurobasket_2022,2022,classification,LightGBM Classifier,0.0,0.1554
Fold_15,eurobasket_2022_ltu_bih_87_70,eurobasket_2022,2022,classification,LightGBM Classifier,1.0,0.7034
Fold_15,eurobasket_2022_tur_esp_69_72,eurobasket_2022,2022,classification,LightGBM Classifier,0.0,0.2205
Fold_15,eurobasket_2022_cro_ukr_90_85,eurobasket_2022,2022,classification,LightGBM Classifier,1.0,0.6658
Fold_15,eurobasket_2022_cze_isr_88_77,eurobasket_2022,2022,classification,LightGBM Classifier,1.0,0.5299
Fold_15,eurobasket_2022_est_gre_69_90,eurobasket_2022,2022,classification,LightGBM Classifier,0.0,0.0889
Fold_15,eurobasket_2022_fin_ned_88_67,eurobasket_2022,2022,classification,LightGBM Classifier,1.0,0.4704
Fold_15,eurobasket_2022_gbr_ita_56_90,eurobasket_2022,2022,classification,LightGBM Classifier,0.0,0.2738
Fold_15,eurobasket_2022_srb_pol_96_69,eurobasket_2022,2022,classification,LightGBM Classifier,1.0,0.7241
Fold_15,eurobasket_2022_esp_ltu_102_94,eurobasket_2022,2022,classification,LightGBM Classifier,1.0,0.7571
Fold_15,eurobasket_2022_ger_mne_85_79,eurobasket_2022,2022,classification,LightGBM Classifier,1.0,0.6123
Fold_15,eurobasket_2022_slo_bel_88_72,eurobasket_2022,2022,classification,LightGBM Classifier,1.0,0.7463
Fold_15,eurobasket_2022_tur_fra_86_87,eurobasket_2022,2022,classification,LightGBM Classifier,0.0,0.3573
Fold_15,eurobasket_2022_fin_cro_94_86,eurobasket_2022,2022,classification,LightGBM Classifier,1.0,0.3476
Fold_15,eurobasket_2022_gre_cze_94_88,eurobasket_2022,2022,classification,LightGBM Classifier,1.0,0.7498
Fold_15,eurobasket_2022_srb_ita_86_94,eurobasket_2022,2022,classification,LightGBM Classifier,0.0,0.5589
Fold_15,eurobasket_2022_ukr_pol_86_94,eurobasket_2022,2022,classification,LightGBM Classifier,0.0,0.5292
Fold_15,eurobasket_2022_esp_fin_100_90,eurobasket_2022,2022,classification,LightGBM Classifier,1.0,0.7607
Fold_15,eurobasket_2022_ger_gre_107_96,eurobasket_2022,2022,classification,LightGBM Classifier,1.0,0.388
Fold_15,eurobasket_2022_fra_ita_93_85,eurobasket_2022,2022,classification,LightGBM Classifier,1.0,0.7344
Fold_15,eurobasket_2022_slo_pol_87_90,eurobasket_2022,2022,classification,LightGBM Classifier,0.0,0.7963
Fold_15,eurobasket_2022_ger_esp_91_96,eurobasket_2022,2022,classification,LightGBM Classifier,0.0,0.1731
Fold_15,eurobasket_2022_pol_fra_54_95,eurobasket_2022,2022,classification,LightGBM Classifier,0.0,0.132
Fold_15,eurobasket_2022_esp_fra_88_76,eurobasket_2022,2022,classification,LightGBM Classifier,1.0,0.7191
Fold_15,eurobasket_2022_ger_pol_82_69,eurobasket_2022,2022,classification,LightGBM Classifier,1.0,0.5624
Fold_15,eurobasket_2022_bel_geo_79_76,eurobasket_2022,2022,regression,Naive Margin (0.0 pts),3.0,0.0
Fold_15,eurobasket_2022_bih_hun_95_85,eurobasket_2022,2022,regression,Naive Margin (0.0 pts),10.0,0.0
Fold_15,eurobasket_2022_esp_bul_114_87,eurobasket_2022,2022,regression,Naive Margin (0.0 pts),27.0,0.0
Fold_15,eurobasket_2022_fra_ger_63_76,eurobasket_2022,2022,regression,Naive Margin (0.0 pts),-13.0,0.0
Fold_15,eurobasket_2022_slo_ltu_92_85,eurobasket_2022,2022,regression,Naive Margin (0.0 pts),7.0,0.0
Fold_15,eurobasket_2022_tur_mne_72_68,eurobasket_2022,2022,regression,Naive Margin (0.0 pts),4.0,0.0
Fold_15,eurobasket_2022_cro_gre_85_89,eurobasket_2022,2022,regression,Naive Margin (0.0 pts),-4.0,0.0
Fold_15,eurobasket_2022_isr_fin_89_87,eurobasket_2022,2022,regression,Naive Margin (0.0 pts),2.0,0.0
Fold_15,eurobasket_2022_ita_est_83_62,eurobasket_2022,2022,regression,Naive Margin (0.0 pts),21.0,0.0
Fold_15,eurobasket_2022_pol_cze_99_84,eurobasket_2022,2022,regression,Naive Margin (0.0 pts),15.0,0.0
Fold_15,eurobasket_2022_srb_ned_100_76,eurobasket_2022,2022,regression,Naive Margin (0.0 pts),24.0,0.0
Fold_15,eurobasket_2022_ukr_gbr_90_61,eurobasket_2022,2022,regression,Naive Margin (0.0 pts),29.0,0.0
Fold_15,eurobasket_2022_bul_tur_87_101,eurobasket_2022,2022,regression,Naive Margin (0.0 pts),-14.0,0.0
Fold_15,eurobasket_2022_cze_srb_68_81,eurobasket_2022,2022,regression,Naive Margin (0.0 pts),-13.0,0.0
Fold_15,eurobasket_2022_est_ukr_73_74,eurobasket_2022,2022,regression,Naive Margin (0.0 pts),-1.0,0.0
Fold_15,eurobasket_2022_fin_pol_89_59,eurobasket_2022,2022,regression,Naive Margin (0.0 pts),30.0,0.0
Fold_15,eurobasket_2022_gbr_cro_65_86,eurobasket_2022,2022,regression,Naive Margin (0.0 pts),-21.0,0.0
Fold_15,eurobasket_2022_geo_esp_64_90,eurobasket_2022,2022,regression,Naive Margin (0.0 pts),-26.0,0.0
Fold_15,eurobasket_2022_ger_bih_92_82,eurobasket_2022,2022,regression,Naive Margin (0.0 pts),10.0,0.0
Fold_15,eurobasket_2022_gre_ita_85_81,eurobasket_2022,2022,regression,Naive Margin (0.0 pts),4.0,0.0
Fold_15,eurobasket_2022_hun_slo_88_103,eurobasket_2022,2022,regression,Naive Margin (0.0 pts),-15.0,0.0
Fold_15,eurobasket_2022_ltu_fra_73_77,eurobasket_2022,2022,regression,Naive Margin (0.0 pts),-4.0,0.0
Fold_15,eurobasket_2022_mne_bel_76_70,eurobasket_2022,2022,regression,Naive Margin (0.0 pts),6.0,0.0
Fold_15,eurobasket_2022_ned_isr_67_74,eurobasket_2022,2022,regression,Naive Margin (0.0 pts),-7.0,0.0
Fold_15,eurobasket_2022_bul_mne_81_91,eurobasket_2022,2022,regression,Naive Margin (0.0 pts),-10.0,0.0
Fold_15,eurobasket_2022_esp_bel_73_83,eurobasket_2022,2022,regression,Naive Margin (0.0 pts),-10.0,0.0
Fold_15,eurobasket_2022_fra_hun_78_74,eurobasket_2022,2022,regression,Naive Margin (0.0 pts),4.0,0.0
Fold_15,eurobasket_2022_ltu_ger_107_109,eurobasket_2022,2022,regression,Naive Margin (0.0 pts),-2.0,0.0
Fold_15,eurobasket_2022_slo_bih_93_97,eurobasket_2022,2022,regression,Naive Margin (0.0 pts),-4.0,0.0
Fold_15,eurobasket_2022_tur_geo_83_88,eurobasket_2022,2022,regression,Naive Margin (0.0 pts),-5.0,0.0
Fold_15,eurobasket_2022_cro_est_73_70,eurobasket_2022,2022,regression,Naive Margin (0.0 pts),3.0,0.0
Fold_15,eurobasket_2022_cze_ned_88_80,eurobasket_2022,2022,regression,Naive Margin (0.0 pts),8.0,0.0
Fold_15,eurobasket_2022_gbr_gre_77_93,eurobasket_2022,2022,regression,Naive Margin (0.0 pts),-16.0,0.0
Fold_15,eurobasket_2022_pol_isr_85_76,eurobasket_2022,2022,regression,Naive Margin (0.0 pts),9.0,0.0
Fold_15,eurobasket_2022_srb_fin_100_70,eurobasket_2022,2022,regression,Naive Margin (0.0 pts),30.0,0.0
Fold_15,eurobasket_2022_ukr_ita_84_73,eurobasket_2022,2022,regression,Naive Margin (0.0 pts),11.0,0.0
Fold_15,eurobasket_2022_bel_tur_63_78,eurobasket_2022,2022,regression,Naive Margin (0.0 pts),-15.0,0.0
Fold_15,eurobasket_2022_bih_fra_68_81,eurobasket_2022,2022,regression,Naive Margin (0.0 pts),-13.0,0.0
Fold_15,eurobasket_2022_est_gbr_94_62,eurobasket_2022,2022,regression,Naive Margin (0.0 pts),32.0,0.0
Fold_15,eurobasket_2022_fin_cze_98_88,eurobasket_2022,2022,regression,Naive Margin (0.0 pts),10.0,0.0
Fold_15,eurobasket_2022_geo_bul_80_92,eurobasket_2022,2022,regression,Naive Margin (0.0 pts),-12.0,0.0
Fold_15,eurobasket_2022_ger_slo_80_88,eurobasket_2022,2022,regression,Naive Margin (0.0 pts),-8.0,0.0
Fold_15,eurobasket_2022_gre_ukr_99_79,eurobasket_2022,2022,regression,Naive Margin (0.0 pts),20.0,0.0
Fold_15,eurobasket_2022_hun_ltu_64_87,eurobasket_2022,2022,regression,Naive Margin (0.0 pts),-23.0,0.0
Fold_15,eurobasket_2022_isr_srb_78_89,eurobasket_2022,2022,regression,Naive Margin (0.0 pts),-11.0,0.0
Fold_15,eurobasket_2022_ita_cro_81_76,eurobasket_2022,2022,regression,Naive Margin (0.0 pts),5.0,0.0
Fold_15,eurobasket_2022_mne_esp_65_82,eurobasket_2022,2022,regression,Naive Margin (0.0 pts),-17.0,0.0
Fold_15,eurobasket_2022_ned_pol_69_75,eurobasket_2022,2022,regression,Naive Margin (0.0 pts),-6.0,0.0
Fold_15,eurobasket_2022_bul_bel_80_89,eurobasket_2022,2022,regression,Naive Margin (0.0 pts),-9.0,0.0
Fold_15,eurobasket_2022_fra_slo_82_88,eurobasket_2022,2022,regression,Naive Margin (0.0 pts),-6.0,0.0
Fold_15,eurobasket_2022_geo_mne_73_81,eurobasket_2022,2022,regression,Naive Margin (0.0 pts),-8.0,0.0
Fold_15,eurobasket_2022_hun_ger_71_106,eurobasket_2022,2022,regression,Naive Margin (0.0 pts),-35.0,0.0
Fold_15,eurobasket_2022_ltu_bih_87_70,eurobasket_2022,2022,regression,Naive Margin (0.0 pts),17.0,0.0
Fold_15,eurobasket_2022_tur_esp_69_72,eurobasket_2022,2022,regression,Naive Margin (0.0 pts),-3.0,0.0
Fold_15,eurobasket_2022_cro_ukr_90_85,eurobasket_2022,2022,regression,Naive Margin (0.0 pts),5.0,0.0
Fold_15,eurobasket_2022_cze_isr_88_77,eurobasket_2022,2022,regression,Naive Margin (0.0 pts),11.0,0.0
Fold_15,eurobasket_2022_est_gre_69_90,eurobasket_2022,2022,regression,Naive Margin (0.0 pts),-21.0,0.0
Fold_15,eurobasket_2022_fin_ned_88_67,eurobasket_2022,2022,regression,Naive Margin (0.0 pts),21.0,0.0
Fold_15,eurobasket_2022_gbr_ita_56_90,eurobasket_2022,2022,regression,Naive Margin (0.0 pts),-34.0,0.0
Fold_15,eurobasket_2022_srb_pol_96_69,eurobasket_2022,2022,regression,Naive Margin (0.0 pts),27.0,0.0
Fold_15,eurobasket_2022_esp_ltu_102_94,eurobasket_2022,2022,regression,Naive Margin (0.0 pts),8.0,0.0
Fold_15,eurobasket_2022_ger_mne_85_79,eurobasket_2022,2022,regression,Naive Margin (0.0 pts),6.0,0.0
Fold_15,eurobasket_2022_slo_bel_88_72,eurobasket_2022,2022,regression,Naive Margin (0.0 pts),16.0,0.0
Fold_15,eurobasket_2022_tur_fra_86_87,eurobasket_2022,2022,regression,Naive Margin (0.0 pts),-1.0,0.0
Fold_15,eurobasket_2022_fin_cro_94_86,eurobasket_2022,2022,regression,Naive Margin (0.0 pts),8.0,0.0
Fold_15,eurobasket_2022_gre_cze_94_88,eurobasket_2022,2022,regression,Naive Margin (0.0 pts),6.0,0.0
Fold_15,eurobasket_2022_srb_ita_86_94,eurobasket_2022,2022,regression,Naive Margin (0.0 pts),-8.0,0.0
Fold_15,eurobasket_2022_ukr_pol_86_94,eurobasket_2022,2022,regression,Naive Margin (0.0 pts),-8.0,0.0
Fold_15,eurobasket_2022_esp_fin_100_90,eurobasket_2022,2022,regression,Naive Margin (0.0 pts),10.0,0.0
Fold_15,eurobasket_2022_ger_gre_107_96,eurobasket_2022,2022,regression,Naive Margin (0.0 pts),11.0,0.0
Fold_15,eurobasket_2022_fra_ita_93_85,eurobasket_2022,2022,regression,Naive Margin (0.0 pts),8.0,0.0
Fold_15,eurobasket_2022_slo_pol_87_90,eurobasket_2022,2022,regression,Naive Margin (0.0 pts),-3.0,0.0
Fold_15,eurobasket_2022_ger_esp_91_96,eurobasket_2022,2022,regression,Naive Margin (0.0 pts),-5.0,0.0
Fold_15,eurobasket_2022_pol_fra_54_95,eurobasket_2022,2022,regression,Naive Margin (0.0 pts),-41.0,0.0
Fold_15,eurobasket_2022_esp_fra_88_76,eurobasket_2022,2022,regression,Naive Margin (0.0 pts),12.0,0.0
Fold_15,eurobasket_2022_ger_pol_82_69,eurobasket_2022,2022,regression,Naive Margin (0.0 pts),13.0,0.0
Fold_15,eurobasket_2022_bel_geo_79_76,eurobasket_2022,2022,regression,Ridge Regressor,3.0,-3.568
Fold_15,eurobasket_2022_bih_hun_95_85,eurobasket_2022,2022,regression,Ridge Regressor,10.0,0.969
Fold_15,eurobasket_2022_esp_bul_114_87,eurobasket_2022,2022,regression,Ridge Regressor,27.0,25.309
Fold_15,eurobasket_2022_fra_ger_63_76,eurobasket_2022,2022,regression,Ridge Regressor,-13.0,8.062
Fold_15,eurobasket_2022_slo_ltu_92_85,eurobasket_2022,2022,regression,Ridge Regressor,7.0,-1.782
Fold_15,eurobasket_2022_tur_mne_72_68,eurobasket_2022,2022,regression,Ridge Regressor,4.0,7.793
Fold_15,eurobasket_2022_cro_gre_85_89,eurobasket_2022,2022,regression,Ridge Regressor,-4.0,-4.438
Fold_15,eurobasket_2022_isr_fin_89_87,eurobasket_2022,2022,regression,Ridge Regressor,2.0,-2.933
Fold_15,eurobasket_2022_ita_est_83_62,eurobasket_2022,2022,regression,Ridge Regressor,21.0,15.759
Fold_15,eurobasket_2022_pol_cze_99_84,eurobasket_2022,2022,regression,Ridge Regressor,15.0,0.487
Fold_15,eurobasket_2022_srb_ned_100_76,eurobasket_2022,2022,regression,Ridge Regressor,24.0,14.741
Fold_15,eurobasket_2022_ukr_gbr_90_61,eurobasket_2022,2022,regression,Ridge Regressor,29.0,2.894
Fold_15,eurobasket_2022_bul_tur_87_101,eurobasket_2022,2022,regression,Ridge Regressor,-14.0,-29.371
Fold_15,eurobasket_2022_cze_srb_68_81,eurobasket_2022,2022,regression,Ridge Regressor,-13.0,-37.12
Fold_15,eurobasket_2022_est_ukr_73_74,eurobasket_2022,2022,regression,Ridge Regressor,-1.0,-55.454
Fold_15,eurobasket_2022_fin_pol_89_59,eurobasket_2022,2022,regression,Ridge Regressor,30.0,-15.803
Fold_15,eurobasket_2022_gbr_cro_65_86,eurobasket_2022,2022,regression,Ridge Regressor,-21.0,-29.118
Fold_15,eurobasket_2022_geo_esp_64_90,eurobasket_2022,2022,regression,Ridge Regressor,-26.0,-28.473
Fold_15,eurobasket_2022_ger_bih_92_82,eurobasket_2022,2022,regression,Ridge Regressor,10.0,8.825
Fold_15,eurobasket_2022_gre_ita_85_81,eurobasket_2022,2022,regression,Ridge Regressor,4.0,-17.806
Fold_15,eurobasket_2022_hun_slo_88_103,eurobasket_2022,2022,regression,Ridge Regressor,-15.0,-17.96
Fold_15,eurobasket_2022_ltu_fra_73_77,eurobasket_2022,2022,regression,Ridge Regressor,-4.0,9.358
Fold_15,eurobasket_2022_mne_bel_76_70,eurobasket_2022,2022,regression,Ridge Regressor,6.0,-8.993
Fold_15,eurobasket_2022_ned_isr_67_74,eurobasket_2022,2022,regression,Ridge Regressor,-7.0,-28.412
Fold_15,eurobasket_2022_bul_mne_81_91,eurobasket_2022,2022,regression,Ridge Regressor,-10.0,-17.181
Fold_15,eurobasket_2022_esp_bel_73_83,eurobasket_2022,2022,regression,Ridge Regressor,-10.0,29.071
Fold_15,eurobasket_2022_fra_hun_78_74,eurobasket_2022,2022,regression,Ridge Regressor,4.0,10.222
Fold_15,eurobasket_2022_ltu_ger_107_109,eurobasket_2022,2022,regression,Ridge Regressor,-2.0,-16.83
Fold_15,eurobasket_2022_slo_bih_93_97,eurobasket_2022,2022,regression,Ridge Regressor,-4.0,11.54
Fold_15,eurobasket_2022_tur_geo_83_88,eurobasket_2022,2022,regression,Ridge Regressor,-5.0,28.241
Fold_15,eurobasket_2022_cro_est_73_70,eurobasket_2022,2022,regression,Ridge Regressor,3.0,23.923
Fold_15,eurobasket_2022_cze_ned_88_80,eurobasket_2022,2022,regression,Ridge Regressor,8.0,4.181
Fold_15,eurobasket_2022_gbr_gre_77_93,eurobasket_2022,2022,regression,Ridge Regressor,-16.0,-31.721
Fold_15,eurobasket_2022_pol_isr_85_76,eurobasket_2022,2022,regression,Ridge Regressor,9.0,-15.979
Fold_15,eurobasket_2022_srb_fin_100_70,eurobasket_2022,2022,regression,Ridge Regressor,30.0,4.411
Fold_15,eurobasket_2022_ukr_ita_84_73,eurobasket_2022,2022,regression,Ridge Regressor,11.0,8.192
Fold_15,eurobasket_2022_bel_tur_63_78,eurobasket_2022,2022,regression,Ridge Regressor,-15.0,-3.544
Fold_15,eurobasket_2022_bih_fra_68_81,eurobasket_2022,2022,regression,Ridge Regressor,-13.0,0.726
Fold_15,eurobasket_2022_est_gbr_94_62,eurobasket_2022,2022,regression,Ridge Regressor,32.0,14.435
Fold_15,eurobasket_2022_fin_cze_98_88,eurobasket_2022,2022,regression,Ridge Regressor,10.0,7.788
Fold_15,eurobasket_2022_geo_bul_80_92,eurobasket_2022,2022,regression,Ridge Regressor,-12.0,5.004
Fold_15,eurobasket_2022_ger_slo_80_88,eurobasket_2022,2022,regression,Ridge Regressor,-8.0,4.733
Fold_15,eurobasket_2022_gre_ukr_99_79,eurobasket_2022,2022,regression,Ridge Regressor,20.0,-5.989
Fold_15,eurobasket_2022_hun_ltu_64_87,eurobasket_2022,2022,regression,Ridge Regressor,-23.0,-8.713
Fold_15,eurobasket_2022_isr_srb_78_89,eurobasket_2022,2022,regression,Ridge Regressor,-11.0,-20.775
Fold_15,eurobasket_2022_ita_cro_81_76,eurobasket_2022,2022,regression,Ridge Regressor,5.0,-7.181
Fold_15,eurobasket_2022_mne_esp_65_82,eurobasket_2022,2022,regression,Ridge Regressor,-17.0,-12.27
Fold_15,eurobasket_2022_ned_pol_69_75,eurobasket_2022,2022,regression,Ridge Regressor,-6.0,-12.059
Fold_15,eurobasket_2022_bul_bel_80_89,eurobasket_2022,2022,regression,Ridge Regressor,-9.0,-6.005
Fold_15,eurobasket_2022_fra_slo_82_88,eurobasket_2022,2022,regression,Ridge Regressor,-6.0,-1.963
Fold_15,eurobasket_2022_geo_mne_73_81,eurobasket_2022,2022,regression,Ridge Regressor,-8.0,-7.732
Fold_15,eurobasket_2022_hun_ger_71_106,eurobasket_2022,2022,regression,Ridge Regressor,-35.0,-20.706
Fold_15,eurobasket_2022_ltu_bih_87_70,eurobasket_2022,2022,regression,Ridge Regressor,17.0,9.421
Fold_15,eurobasket_2022_tur_esp_69_72,eurobasket_2022,2022,regression,Ridge Regressor,-3.0,-6.454
Fold_15,eurobasket_2022_cro_ukr_90_85,eurobasket_2022,2022,regression,Ridge Regressor,5.0,-0.331
Fold_15,eurobasket_2022_cze_isr_88_77,eurobasket_2022,2022,regression,Ridge Regressor,11.0,-6.364
Fold_15,eurobasket_2022_est_gre_69_90,eurobasket_2022,2022,regression,Ridge Regressor,-21.0,-9.418
Fold_15,eurobasket_2022_fin_ned_88_67,eurobasket_2022,2022,regression,Ridge Regressor,21.0,16.913
Fold_15,eurobasket_2022_gbr_ita_56_90,eurobasket_2022,2022,regression,Ridge Regressor,-34.0,-27.866
Fold_15,eurobasket_2022_srb_pol_96_69,eurobasket_2022,2022,regression,Ridge Regressor,27.0,21.25
Fold_15,eurobasket_2022_esp_ltu_102_94,eurobasket_2022,2022,regression,Ridge Regressor,8.0,6.577
Fold_15,eurobasket_2022_ger_mne_85_79,eurobasket_2022,2022,regression,Ridge Regressor,6.0,15.817
Fold_15,eurobasket_2022_slo_bel_88_72,eurobasket_2022,2022,regression,Ridge Regressor,16.0,9.492
Fold_15,eurobasket_2022_tur_fra_86_87,eurobasket_2022,2022,regression,Ridge Regressor,-1.0,5.59
Fold_15,eurobasket_2022_fin_cro_94_86,eurobasket_2022,2022,regression,Ridge Regressor,8.0,1.611
Fold_15,eurobasket_2022_gre_cze_94_88,eurobasket_2022,2022,regression,Ridge Regressor,6.0,19.833
Fold_15,eurobasket_2022_srb_ita_86_94,eurobasket_2022,2022,regression,Ridge Regressor,-8.0,13.889
Fold_15,eurobasket_2022_ukr_pol_86_94,eurobasket_2022,2022,regression,Ridge Regressor,-8.0,12.494
Fold_15,eurobasket_2022_esp_fin_100_90,eurobasket_2022,2022,regression,Ridge Regressor,10.0,8.67
Fold_15,eurobasket_2022_ger_gre_107_96,eurobasket_2022,2022,regression,Ridge Regressor,11.0,0.973
Fold_15,eurobasket_2022_fra_ita_93_85,eurobasket_2022,2022,regression,Ridge Regressor,8.0,-3.661
Fold_15,eurobasket_2022_slo_pol_87_90,eurobasket_2022,2022,regression,Ridge Regressor,-3.0,14.696
Fold_15,eurobasket_2022_ger_esp_91_96,eurobasket_2022,2022,regression,Ridge Regressor,-5.0,0.899
Fold_15,eurobasket_2022_pol_fra_54_95,eurobasket_2022,2022,regression,Ridge Regressor,-41.0,-5.506
Fold_15,eurobasket_2022_esp_fra_88_76,eurobasket_2022,2022,regression,Ridge Regressor,12.0,3.641
Fold_15,eurobasket_2022_ger_pol_82_69,eurobasket_2022,2022,regression,Ridge Regressor,13.0,20.009
Fold_15,eurobasket_2022_bel_geo_79_76,eurobasket_2022,2022,regression,ElasticNet Regressor,3.0,-3.222
Fold_15,eurobasket_2022_bih_hun_95_85,eurobasket_2022,2022,regression,ElasticNet Regressor,10.0,1.338
Fold_15,eurobasket_2022_esp_bul_114_87,eurobasket_2022,2022,regression,ElasticNet Regressor,27.0,26.326
Fold_15,eurobasket_2022_fra_ger_63_76,eurobasket_2022,2022,regression,ElasticNet Regressor,-13.0,8.665
Fold_15,eurobasket_2022_slo_ltu_92_85,eurobasket_2022,2022,regression,ElasticNet Regressor,7.0,-1.811
Fold_15,eurobasket_2022_tur_mne_72_68,eurobasket_2022,2022,regression,ElasticNet Regressor,4.0,8.452
Fold_15,eurobasket_2022_cro_gre_85_89,eurobasket_2022,2022,regression,ElasticNet Regressor,-4.0,-4.319
Fold_15,eurobasket_2022_isr_fin_89_87,eurobasket_2022,2022,regression,ElasticNet Regressor,2.0,-2.757
Fold_15,eurobasket_2022_ita_est_83_62,eurobasket_2022,2022,regression,ElasticNet Regressor,21.0,16.329
Fold_15,eurobasket_2022_pol_cze_99_84,eurobasket_2022,2022,regression,ElasticNet Regressor,15.0,0.742
Fold_15,eurobasket_2022_srb_ned_100_76,eurobasket_2022,2022,regression,ElasticNet Regressor,24.0,15.585
Fold_15,eurobasket_2022_ukr_gbr_90_61,eurobasket_2022,2022,regression,ElasticNet Regressor,29.0,3.352
Fold_15,eurobasket_2022_bul_tur_87_101,eurobasket_2022,2022,regression,ElasticNet Regressor,-14.0,-14.471
Fold_15,eurobasket_2022_cze_srb_68_81,eurobasket_2022,2022,regression,ElasticNet Regressor,-13.0,-15.694
Fold_15,eurobasket_2022_est_ukr_73_74,eurobasket_2022,2022,regression,ElasticNet Regressor,-1.0,-15.614
Fold_15,eurobasket_2022_fin_pol_89_59,eurobasket_2022,2022,regression,ElasticNet Regressor,30.0,-2.036
Fold_15,eurobasket_2022_gbr_cro_65_86,eurobasket_2022,2022,regression,ElasticNet Regressor,-21.0,-13.976
Fold_15,eurobasket_2022_geo_esp_64_90,eurobasket_2022,2022,regression,ElasticNet Regressor,-26.0,-21.248
Fold_15,eurobasket_2022_ger_bih_92_82,eurobasket_2022,2022,regression,ElasticNet Regressor,10.0,11.424
Fold_15,eurobasket_2022_gre_ita_85_81,eurobasket_2022,2022,regression,ElasticNet Regressor,4.0,1.998
Fold_15,eurobasket_2022_hun_slo_88_103,eurobasket_2022,2022,regression,ElasticNet Regressor,-15.0,-16.982
Fold_15,eurobasket_2022_ltu_fra_73_77,eurobasket_2022,2022,regression,ElasticNet Regressor,-4.0,1.727
Fold_15,eurobasket_2022_mne_bel_76_70,eurobasket_2022,2022,regression,ElasticNet Regressor,6.0,0.755
Fold_15,eurobasket_2022_ned_isr_67_74,eurobasket_2022,2022,regression,ElasticNet Regressor,-7.0,-4.754
Fold_15,eurobasket_2022_bul_mne_81_91,eurobasket_2022,2022,regression,ElasticNet Regressor,-10.0,-5.766
Fold_15,eurobasket_2022_esp_bel_73_83,eurobasket_2022,2022,regression,ElasticNet Regressor,-10.0,25.488
Fold_15,eurobasket_2022_fra_hun_78_74,eurobasket_2022,2022,regression,ElasticNet Regressor,4.0,19.081
Fold_15,eurobasket_2022_ltu_ger_107_109,eurobasket_2022,2022,regression,ElasticNet Regressor,-2.0,3.939
Fold_15,eurobasket_2022_slo_bih_93_97,eurobasket_2022,2022,regression,ElasticNet Regressor,-4.0,16.231
Fold_15,eurobasket_2022_tur_geo_83_88,eurobasket_2022,2022,regression,ElasticNet Regressor,-5.0,10.691
Fold_15,eurobasket_2022_cro_est_73_70,eurobasket_2022,2022,regression,ElasticNet Regressor,3.0,18.262
Fold_15,eurobasket_2022_cze_ned_88_80,eurobasket_2022,2022,regression,ElasticNet Regressor,8.0,3.988
Fold_15,eurobasket_2022_gbr_gre_77_93,eurobasket_2022,2022,regression,ElasticNet Regressor,-16.0,-18.488
Fold_15,eurobasket_2022_pol_isr_85_76,eurobasket_2022,2022,regression,ElasticNet Regressor,9.0,0.302
Fold_15,eurobasket_2022_srb_fin_100_70,eurobasket_2022,2022,regression,ElasticNet Regressor,30.0,10.699
Fold_15,eurobasket_2022_ukr_ita_84_73,eurobasket_2022,2022,regression,ElasticNet Regressor,11.0,-4.648
Fold_15,eurobasket_2022_bel_tur_63_78,eurobasket_2022,2022,regression,ElasticNet Regressor,-15.0,-8.498
Fold_15,eurobasket_2022_bih_fra_68_81,eurobasket_2022,2022,regression,ElasticNet Regressor,-13.0,-15.501
Fold_15,eurobasket_2022_est_gbr_94_62,eurobasket_2022,2022,regression,ElasticNet Regressor,32.0,-1.15
Fold_15,eurobasket_2022_fin_cze_98_88,eurobasket_2022,2022,regression,ElasticNet Regressor,10.0,2.204
Fold_15,eurobasket_2022_geo_bul_80_92,eurobasket_2022,2022,regression,ElasticNet Regressor,-12.0,5.984
Fold_15,eurobasket_2022_ger_slo_80_88,eurobasket_2022,2022,regression,ElasticNet Regressor,-8.0,-3.003
Fold_15,eurobasket_2022_gre_ukr_99_79,eurobasket_2022,2022,regression,ElasticNet Regressor,20.0,10.628
Fold_15,eurobasket_2022_hun_ltu_64_87,eurobasket_2022,2022,regression,ElasticNet Regressor,-23.0,-17.39
Fold_15,eurobasket_2022_isr_srb_78_89,eurobasket_2022,2022,regression,ElasticNet Regressor,-11.0,-15.275
Fold_15,eurobasket_2022_ita_cro_81_76,eurobasket_2022,2022,regression,ElasticNet Regressor,5.0,-1.252
Fold_15,eurobasket_2022_mne_esp_65_82,eurobasket_2022,2022,regression,ElasticNet Regressor,-17.0,-19.747
Fold_15,eurobasket_2022_ned_pol_69_75,eurobasket_2022,2022,regression,ElasticNet Regressor,-6.0,-4.479
Fold_15,eurobasket_2022_bul_bel_80_89,eurobasket_2022,2022,regression,ElasticNet Regressor,-9.0,-2.023
Fold_15,eurobasket_2022_fra_slo_82_88,eurobasket_2022,2022,regression,ElasticNet Regressor,-6.0,2.59
Fold_15,eurobasket_2022_geo_mne_73_81,eurobasket_2022,2022,regression,ElasticNet Regressor,-8.0,0.479
Fold_15,eurobasket_2022_hun_ger_71_106,eurobasket_2022,2022,regression,ElasticNet Regressor,-35.0,-13.123
Fold_15,eurobasket_2022_ltu_bih_87_70,eurobasket_2022,2022,regression,ElasticNet Regressor,17.0,17.876
Fold_15,eurobasket_2022_tur_esp_69_72,eurobasket_2022,2022,regression,ElasticNet Regressor,-3.0,-12.148
Fold_15,eurobasket_2022_cro_ukr_90_85,eurobasket_2022,2022,regression,ElasticNet Regressor,5.0,7.55
Fold_15,eurobasket_2022_cze_isr_88_77,eurobasket_2022,2022,regression,ElasticNet Regressor,11.0,1.823
Fold_15,eurobasket_2022_est_gre_69_90,eurobasket_2022,2022,regression,ElasticNet Regressor,-21.0,-18.783
Fold_15,eurobasket_2022_fin_ned_88_67,eurobasket_2022,2022,regression,ElasticNet Regressor,21.0,6.539
Fold_15,eurobasket_2022_gbr_ita_56_90,eurobasket_2022,2022,regression,ElasticNet Regressor,-34.0,-13.243
Fold_15,eurobasket_2022_srb_pol_96_69,eurobasket_2022,2022,regression,ElasticNet Regressor,27.0,13.816
Fold_15,eurobasket_2022_esp_ltu_102_94,eurobasket_2022,2022,regression,ElasticNet Regressor,8.0,7.642
Fold_15,eurobasket_2022_ger_mne_85_79,eurobasket_2022,2022,regression,ElasticNet Regressor,6.0,9.901
Fold_15,eurobasket_2022_slo_bel_88_72,eurobasket_2022,2022,regression,ElasticNet Regressor,16.0,14.943
Fold_15,eurobasket_2022_tur_fra_86_87,eurobasket_2022,2022,regression,ElasticNet Regressor,-1.0,-4.475
Fold_15,eurobasket_2022_fin_cro_94_86,eurobasket_2022,2022,regression,ElasticNet Regressor,8.0,-4.552
Fold_15,eurobasket_2022_gre_cze_94_88,eurobasket_2022,2022,regression,ElasticNet Regressor,6.0,14.552
Fold_15,eurobasket_2022_srb_ita_86_94,eurobasket_2022,2022,regression,ElasticNet Regressor,-8.0,7.517
Fold_15,eurobasket_2022_ukr_pol_86_94,eurobasket_2022,2022,regression,ElasticNet Regressor,-8.0,1.976
Fold_15,eurobasket_2022_esp_fin_100_90,eurobasket_2022,2022,regression,ElasticNet Regressor,10.0,19.107
Fold_15,eurobasket_2022_ger_gre_107_96,eurobasket_2022,2022,regression,ElasticNet Regressor,11.0,-3.97
Fold_15,eurobasket_2022_fra_ita_93_85,eurobasket_2022,2022,regression,ElasticNet Regressor,8.0,6.558
Fold_15,eurobasket_2022_slo_pol_87_90,eurobasket_2022,2022,regression,ElasticNet Regressor,-3.0,12.772
Fold_15,eurobasket_2022_ger_esp_91_96,eurobasket_2022,2022,regression,ElasticNet Regressor,-5.0,-10.816
Fold_15,eurobasket_2022_pol_fra_54_95,eurobasket_2022,2022,regression,ElasticNet Regressor,-41.0,-11.721
Fold_15,eurobasket_2022_esp_fra_88_76,eurobasket_2022,2022,regression,ElasticNet Regressor,12.0,6.726
Fold_15,eurobasket_2022_ger_pol_82_69,eurobasket_2022,2022,regression,ElasticNet Regressor,13.0,9.359
Fold_15,eurobasket_2022_bel_geo_79_76,eurobasket_2022,2022,regression,LightGBM Regressor,3.0,-2.047
Fold_15,eurobasket_2022_bih_hun_95_85,eurobasket_2022,2022,regression,LightGBM Regressor,10.0,4.429
Fold_15,eurobasket_2022_esp_bul_114_87,eurobasket_2022,2022,regression,LightGBM Regressor,27.0,22.484
Fold_15,eurobasket_2022_fra_ger_63_76,eurobasket_2022,2022,regression,LightGBM Regressor,-13.0,5.508
Fold_15,eurobasket_2022_slo_ltu_92_85,eurobasket_2022,2022,regression,LightGBM Regressor,7.0,-2.669
Fold_15,eurobasket_2022_tur_mne_72_68,eurobasket_2022,2022,regression,LightGBM Regressor,4.0,4.905
Fold_15,eurobasket_2022_cro_gre_85_89,eurobasket_2022,2022,regression,LightGBM Regressor,-4.0,-5.13
Fold_15,eurobasket_2022_isr_fin_89_87,eurobasket_2022,2022,regression,LightGBM Regressor,2.0,-2.576
Fold_15,eurobasket_2022_ita_est_83_62,eurobasket_2022,2022,regression,LightGBM Regressor,21.0,12.996
Fold_15,eurobasket_2022_pol_cze_99_84,eurobasket_2022,2022,regression,LightGBM Regressor,15.0,-0.188
Fold_15,eurobasket_2022_srb_ned_100_76,eurobasket_2022,2022,regression,LightGBM Regressor,24.0,15.618
Fold_15,eurobasket_2022_ukr_gbr_90_61,eurobasket_2022,2022,regression,LightGBM Regressor,29.0,0.86
Fold_15,eurobasket_2022_bul_tur_87_101,eurobasket_2022,2022,regression,LightGBM Regressor,-14.0,-10.218
Fold_15,eurobasket_2022_cze_srb_68_81,eurobasket_2022,2022,regression,LightGBM Regressor,-13.0,-10.076
Fold_15,eurobasket_2022_est_ukr_73_74,eurobasket_2022,2022,regression,LightGBM Regressor,-1.0,-3.281
Fold_15,eurobasket_2022_fin_pol_89_59,eurobasket_2022,2022,regression,LightGBM Regressor,30.0,-1.533
Fold_15,eurobasket_2022_gbr_cro_65_86,eurobasket_2022,2022,regression,LightGBM Regressor,-21.0,-9.331
Fold_15,eurobasket_2022_geo_esp_64_90,eurobasket_2022,2022,regression,LightGBM Regressor,-26.0,-14.932
Fold_15,eurobasket_2022_ger_bih_92_82,eurobasket_2022,2022,regression,LightGBM Regressor,10.0,7.408
Fold_15,eurobasket_2022_gre_ita_85_81,eurobasket_2022,2022,regression,LightGBM Regressor,4.0,3.267
Fold_15,eurobasket_2022_hun_slo_88_103,eurobasket_2022,2022,regression,LightGBM Regressor,-15.0,-14.763
Fold_15,eurobasket_2022_ltu_fra_73_77,eurobasket_2022,2022,regression,LightGBM Regressor,-4.0,2.152
Fold_15,eurobasket_2022_mne_bel_76_70,eurobasket_2022,2022,regression,LightGBM Regressor,6.0,0.477
Fold_15,eurobasket_2022_ned_isr_67_74,eurobasket_2022,2022,regression,LightGBM Regressor,-7.0,-0.278
Fold_15,eurobasket_2022_bul_mne_81_91,eurobasket_2022,2022,regression,LightGBM Regressor,-10.0,-3.315
Fold_15,eurobasket_2022_esp_bel_73_83,eurobasket_2022,2022,regression,LightGBM Regressor,-10.0,22.913
Fold_15,eurobasket_2022_fra_hun_78_74,eurobasket_2022,2022,regression,LightGBM Regressor,4.0,15.912
Fold_15,eurobasket_2022_ltu_ger_107_109,eurobasket_2022,2022,regression,LightGBM Regressor,-2.0,4.406
Fold_15,eurobasket_2022_slo_bih_93_97,eurobasket_2022,2022,regression,LightGBM Regressor,-4.0,11.513
Fold_15,eurobasket_2022_tur_geo_83_88,eurobasket_2022,2022,regression,LightGBM Regressor,-5.0,3.213
Fold_15,eurobasket_2022_cro_est_73_70,eurobasket_2022,2022,regression,LightGBM Regressor,3.0,16.548
Fold_15,eurobasket_2022_cze_ned_88_80,eurobasket_2022,2022,regression,LightGBM Regressor,8.0,1.11
Fold_15,eurobasket_2022_gbr_gre_77_93,eurobasket_2022,2022,regression,LightGBM Regressor,-16.0,-16.13
Fold_15,eurobasket_2022_pol_isr_85_76,eurobasket_2022,2022,regression,LightGBM Regressor,9.0,1.365
Fold_15,eurobasket_2022_srb_fin_100_70,eurobasket_2022,2022,regression,LightGBM Regressor,30.0,7.294
Fold_15,eurobasket_2022_ukr_ita_84_73,eurobasket_2022,2022,regression,LightGBM Regressor,11.0,-3.877
Fold_15,eurobasket_2022_bel_tur_63_78,eurobasket_2022,2022,regression,LightGBM Regressor,-15.0,-5.614
Fold_15,eurobasket_2022_bih_fra_68_81,eurobasket_2022,2022,regression,LightGBM Regressor,-13.0,-12.236
Fold_15,eurobasket_2022_est_gbr_94_62,eurobasket_2022,2022,regression,LightGBM Regressor,32.0,-1.613
Fold_15,eurobasket_2022_fin_cze_98_88,eurobasket_2022,2022,regression,LightGBM Regressor,10.0,1.155
Fold_15,eurobasket_2022_geo_bul_80_92,eurobasket_2022,2022,regression,LightGBM Regressor,-12.0,6.008
Fold_15,eurobasket_2022_ger_slo_80_88,eurobasket_2022,2022,regression,LightGBM Regressor,-8.0,-4.849
Fold_15,eurobasket_2022_gre_ukr_99_79,eurobasket_2022,2022,regression,LightGBM Regressor,20.0,7.335
Fold_15,eurobasket_2022_hun_ltu_64_87,eurobasket_2022,2022,regression,LightGBM Regressor,-23.0,-14.746
Fold_15,eurobasket_2022_isr_srb_78_89,eurobasket_2022,2022,regression,LightGBM Regressor,-11.0,-12.7
Fold_15,eurobasket_2022_ita_cro_81_76,eurobasket_2022,2022,regression,LightGBM Regressor,5.0,-0.726
Fold_15,eurobasket_2022_mne_esp_65_82,eurobasket_2022,2022,regression,LightGBM Regressor,-17.0,-13.502
Fold_15,eurobasket_2022_ned_pol_69_75,eurobasket_2022,2022,regression,LightGBM Regressor,-6.0,-1.581
Fold_15,eurobasket_2022_bul_bel_80_89,eurobasket_2022,2022,regression,LightGBM Regressor,-9.0,-1.362
Fold_15,eurobasket_2022_fra_slo_82_88,eurobasket_2022,2022,regression,LightGBM Regressor,-6.0,0.215
Fold_15,eurobasket_2022_geo_mne_73_81,eurobasket_2022,2022,regression,LightGBM Regressor,-8.0,3.533
Fold_15,eurobasket_2022_hun_ger_71_106,eurobasket_2022,2022,regression,LightGBM Regressor,-35.0,-11.242
Fold_15,eurobasket_2022_ltu_bih_87_70,eurobasket_2022,2022,regression,LightGBM Regressor,17.0,15.248
Fold_15,eurobasket_2022_tur_esp_69_72,eurobasket_2022,2022,regression,LightGBM Regressor,-3.0,-9.758
Fold_15,eurobasket_2022_cro_ukr_90_85,eurobasket_2022,2022,regression,LightGBM Regressor,5.0,5.148
Fold_15,eurobasket_2022_cze_isr_88_77,eurobasket_2022,2022,regression,LightGBM Regressor,11.0,2.679
Fold_15,eurobasket_2022_est_gre_69_90,eurobasket_2022,2022,regression,LightGBM Regressor,-21.0,-15.907
Fold_15,eurobasket_2022_fin_ned_88_67,eurobasket_2022,2022,regression,LightGBM Regressor,21.0,1.445
Fold_15,eurobasket_2022_gbr_ita_56_90,eurobasket_2022,2022,regression,LightGBM Regressor,-34.0,-11.302
Fold_15,eurobasket_2022_srb_pol_96_69,eurobasket_2022,2022,regression,LightGBM Regressor,27.0,8.038
Fold_15,eurobasket_2022_esp_ltu_102_94,eurobasket_2022,2022,regression,LightGBM Regressor,8.0,7.502
Fold_15,eurobasket_2022_ger_mne_85_79,eurobasket_2022,2022,regression,LightGBM Regressor,6.0,3.239
Fold_15,eurobasket_2022_slo_bel_88_72,eurobasket_2022,2022,regression,LightGBM Regressor,16.0,11.077
Fold_15,eurobasket_2022_tur_fra_86_87,eurobasket_2022,2022,regression,LightGBM Regressor,-1.0,-6.1
Fold_15,eurobasket_2022_fin_cro_94_86,eurobasket_2022,2022,regression,LightGBM Regressor,8.0,-5.999
Fold_15,eurobasket_2022_gre_cze_94_88,eurobasket_2022,2022,regression,LightGBM Regressor,6.0,5.978
Fold_15,eurobasket_2022_srb_ita_86_94,eurobasket_2022,2022,regression,LightGBM Regressor,-8.0,3.142
Fold_15,eurobasket_2022_ukr_pol_86_94,eurobasket_2022,2022,regression,LightGBM Regressor,-8.0,0.982
Fold_15,eurobasket_2022_esp_fin_100_90,eurobasket_2022,2022,regression,LightGBM Regressor,10.0,16.221
Fold_15,eurobasket_2022_ger_gre_107_96,eurobasket_2022,2022,regression,LightGBM Regressor,11.0,-5.248
Fold_15,eurobasket_2022_fra_ita_93_85,eurobasket_2022,2022,regression,LightGBM Regressor,8.0,4.692
Fold_15,eurobasket_2022_slo_pol_87_90,eurobasket_2022,2022,regression,LightGBM Regressor,-3.0,7.473
Fold_15,eurobasket_2022_ger_esp_91_96,eurobasket_2022,2022,regression,LightGBM Regressor,-5.0,-9.687
Fold_15,eurobasket_2022_pol_fra_54_95,eurobasket_2022,2022,regression,LightGBM Regressor,-41.0,-11.424
Fold_15,eurobasket_2022_esp_fra_88_76,eurobasket_2022,2022,regression,LightGBM Regressor,12.0,7.324
Fold_15,eurobasket_2022_ger_pol_82_69,eurobasket_2022,2022,regression,LightGBM Regressor,13.0,2.87
Fold_16,worldcup_2023_ang_chn_76_83,worldcup_2023,2023,classification,Naive Baseline (50%),0.0,0.5
Fold_16,worldcup_2023_ang_dom_67_75,worldcup_2023,2023,classification,Naive Baseline (50%),0.0,0.5
Fold_16,worldcup_2023_ang_ita_67_81,worldcup_2023,2023,classification,Naive Baseline (50%),0.0,0.5
Fold_16,worldcup_2023_ang_ssd_78_101,worldcup_2023,2023,classification,Naive Baseline (50%),0.0,0.5
Fold_16,worldcup_2023_aus_geo_100_84,worldcup_2023,2023,classification,Naive Baseline (50%),1.0,0.5
Fold_16,worldcup_2023_aus_ger_82_85,worldcup_2023,2023,classification,Naive Baseline (50%),0.0,0.5
Fold_16,worldcup_2023_aus_jpn_109_89,worldcup_2023,2023,classification,Naive Baseline (50%),1.0,0.5
Fold_16,worldcup_2023_bra_esp_78_96,worldcup_2023,2023,classification,Naive Baseline (50%),0.0,0.5
Fold_16,worldcup_2023_bra_lat_84_104,worldcup_2023,2023,classification,Naive Baseline (50%),0.0,0.5
Fold_16,worldcup_2023_can_bra_65_69,worldcup_2023,2023,classification,Naive Baseline (50%),0.0,0.5
Fold_16,worldcup_2023_can_fra_95_65,worldcup_2023,2023,classification,Naive Baseline (50%),1.0,0.5
Fold_16,worldcup_2023_can_lat_101_75,worldcup_2023,2023,classification,Naive Baseline (50%),1.0,0.5
Fold_16,worldcup_2023_can_slo_100_89,worldcup_2023,2023,classification,Naive Baseline (50%),1.0,0.5
Fold_16,worldcup_2023_chn_pur_89_107,worldcup_2023,2023,classification,Naive Baseline (50%),0.0,0.5
Fold_16,worldcup_2023_chn_ssd_69_89,worldcup_2023,2023,classification,Naive Baseline (50%),0.0,0.5
Fold_16,worldcup_2023_civ_bra_77_89,worldcup_2023,2023,classification,Naive Baseline (50%),0.0,0.5
Fold_16,worldcup_2023_civ_fra_77_87,worldcup_2023,2023,classification,Naive Baseline (50%),0.0,0.5
Fold_16,worldcup_2023_civ_iri_71_69,worldcup_2023,2023,classification,Naive Baseline (50%),1.0,0.5
Fold_16,worldcup_2023_civ_lbn_84_94,worldcup_2023,2023,classification,Naive Baseline (50%),0.0,0.5
Fold_16,worldcup_2023_cpv_fin_77_100,worldcup_2023,2023,classification,Naive Baseline (50%),0.0,0.5
Fold_16,worldcup_2023_cpv_geo_60_85,worldcup_2023,2023,classification,Naive Baseline (50%),0.0,0.5
Fold_16,worldcup_2023_dom_phi_87_81,worldcup_2023,2023,classification,Naive Baseline (50%),1.0,0.5
Fold_16,worldcup_2023_dom_pur_97_102,worldcup_2023,2023,classification,Naive Baseline (50%),0.0,0.5
Fold_16,worldcup_2023_dom_srb_79_112,worldcup_2023,2023,classification,Naive Baseline (50%),0.0,0.5
Fold_16,worldcup_2023_egy_jor_85_69,worldcup_2023,2023,classification,Naive Baseline (50%),1.0,0.5
Fold_16,worldcup_2023_egy_ltu_67_93,worldcup_2023,2023,classification,Naive Baseline (50%),0.0,0.5
Fold_16,worldcup_2023_egy_mex_100_72,worldcup_2023,2023,classification,Naive Baseline (50%),1.0,0.5
Fold_16,worldcup_2023_esp_can_85_88,worldcup_2023,2023,classification,Naive Baseline (50%),0.0,0.5
Fold_16,worldcup_2023_esp_civ_94_64,worldcup_2023,2023,classification,Naive Baseline (50%),1.0,0.5
Fold_16,worldcup_2023_esp_lat_69_74,worldcup_2023,2023,classification,Naive Baseline (50%),0.0,0.5
Fold_16,worldcup_2023_fin_aus_72_98,worldcup_2023,2023,classification,Naive Baseline (50%),0.0,0.5
Fold_16,worldcup_2023_fin_ven_90_75,worldcup_2023,2023,classification,Naive Baseline (50%),1.0,0.5
Fold_16,worldcup_2023_fra_iri_82_55,worldcup_2023,2023,classification,Naive Baseline (50%),1.0,0.5
Fold_16,worldcup_2023_fra_lat_86_88,worldcup_2023,2023,classification,Naive Baseline (50%),0.0,0.5
Fold_16,worldcup_2023_geo_slo_67_88,worldcup_2023,2023,classification,Naive Baseline (50%),0.0,0.5
Fold_16,worldcup_2023_geo_ven_70_59,worldcup_2023,2023,classification,Naive Baseline (50%),1.0,0.5
Fold_16,worldcup_2023_ger_fin_101_75,worldcup_2023,2023,classification,Naive Baseline (50%),1.0,0.5
Fold_16,worldcup_2023_ger_geo_100_73,worldcup_2023,2023,classification,Naive Baseline (50%),1.0,0.5
Fold_16,worldcup_2023_ger_jpn_81_63,worldcup_2023,2023,classification,Naive Baseline (50%),1.0,0.5
Fold_16,worldcup_2023_ger_lat_81_79,worldcup_2023,2023,classification,Naive Baseline (50%),1.0,0.5
Fold_16,worldcup_2023_ger_slo_100_71,worldcup_2023,2023,classification,Naive Baseline (50%),1.0,0.5
Fold_16,worldcup_2023_ger_srb_83_77,worldcup_2023,2023,classification,Naive Baseline (50%),1.0,0.5
Fold_16,worldcup_2023_gre_mne_69_73,worldcup_2023,2023,classification,Naive Baseline (50%),0.0,0.5
Fold_16,worldcup_2023_gre_nzl_83_74,worldcup_2023,2023,classification,Naive Baseline (50%),1.0,0.5
Fold_16,worldcup_2023_gre_usa_81_109,worldcup_2023,2023,classification,Naive Baseline (50%),0.0,0.5
Fold_16,worldcup_2023_iri_bra_59_100,worldcup_2023,2023,classification,Naive Baseline (50%),0.0,0.5
Fold_16,worldcup_2023_iri_esp_65_85,worldcup_2023,2023,classification,Naive Baseline (50%),0.0,0.5
Fold_16,worldcup_2023_iri_lbn_73_81,worldcup_2023,2023,classification,Naive Baseline (50%),0.0,0.5
Fold_16,worldcup_2023_ita_dom_82_87,worldcup_2023,2023,classification,Naive Baseline (50%),0.0,0.5
Fold_16,worldcup_2023_ita_lat_82_87,worldcup_2023,2023,classification,Naive Baseline (50%),0.0,0.5
Fold_16,worldcup_2023_ita_pur_73_57,worldcup_2023,2023,classification,Naive Baseline (50%),1.0,0.5
Fold_16,worldcup_2023_ita_slo_85_89,worldcup_2023,2023,classification,Naive Baseline (50%),0.0,0.5
Fold_16,worldcup_2023_ita_usa_63_100,worldcup_2023,2023,classification,Naive Baseline (50%),0.0,0.5
Fold_16,worldcup_2023_jor_gre_71_92,worldcup_2023,2023,classification,Naive Baseline (50%),0.0,0.5
Fold_16,worldcup_2023_jor_mex_80_93,worldcup_2023,2023,classification,Naive Baseline (50%),0.0,0.5
Fold_16,worldcup_2023_jpn_cpv_80_71,worldcup_2023,2023,classification,Naive Baseline (50%),1.0,0.5
Fold_16,worldcup_2023_jpn_fin_98_88,worldcup_2023,2023,classification,Naive Baseline (50%),1.0,0.5
Fold_16,worldcup_2023_jpn_ven_86_77,worldcup_2023,2023,classification,Naive Baseline (50%),1.0,0.5
Fold_16,worldcup_2023_lat_lbn_109_70,worldcup_2023,2023,classification,Naive Baseline (50%),1.0,0.5
Fold_16,worldcup_2023_lat_ltu_98_63,worldcup_2023,2023,classification,Naive Baseline (50%),1.0,0.5
Fold_16,worldcup_2023_lbn_can_73_128,worldcup_2023,2023,classification,Naive Baseline (50%),0.0,0.5
Fold_16,worldcup_2023_lbn_fra_79_85,worldcup_2023,2023,classification,Naive Baseline (50%),0.0,0.5
Fold_16,worldcup_2023_ltu_gre_92_67,worldcup_2023,2023,classification,Naive Baseline (50%),1.0,0.5
Fold_16,worldcup_2023_ltu_mex_96_66,worldcup_2023,2023,classification,Naive Baseline (50%),1.0,0.5
Fold_16,worldcup_2023_ltu_slo_100_84,worldcup_2023,2023,classification,Naive Baseline (50%),1.0,0.5
Fold_16,worldcup_2023_ltu_srb_68_87,worldcup_2023,2023,classification,Naive Baseline (50%),0.0,0.5
Fold_16,worldcup_2023_mex_mne_71_91,worldcup_2023,2023,classification,Naive Baseline (50%),0.0,0.5
Fold_16,worldcup_2023_mne_egy_89_74,worldcup_2023,2023,classification,Naive Baseline (50%),1.0,0.5
Fold_16,worldcup_2023_mne_ltu_71_91,worldcup_2023,2023,classification,Naive Baseline (50%),0.0,0.5
Fold_16,worldcup_2023_nzl_egy_88_86,worldcup_2023,2023,classification,Naive Baseline (50%),1.0,0.5
Fold_16,worldcup_2023_nzl_jor_95_87,worldcup_2023,2023,classification,Naive Baseline (50%),1.0,0.5
Fold_16,worldcup_2023_nzl_mex_100_108,worldcup_2023,2023,classification,Naive Baseline (50%),0.0,0.5
Fold_16,worldcup_2023_phi_ang_70_80,worldcup_2023,2023,classification,Naive Baseline (50%),0.0,0.5
Fold_16,worldcup_2023_phi_chn_96_75,worldcup_2023,2023,classification,Naive Baseline (50%),1.0,0.5
Fold_16,worldcup_2023_phi_ita_83_90,worldcup_2023,2023,classification,Naive Baseline (50%),0.0,0.5
Fold_16,worldcup_2023_pur_srb_77_94,worldcup_2023,2023,classification,Naive Baseline (50%),0.0,0.5
Fold_16,worldcup_2023_slo_aus_91_80,worldcup_2023,2023,classification,Naive Baseline (50%),1.0,0.5
Fold_16,worldcup_2023_slo_cpv_92_77,worldcup_2023,2023,classification,Naive Baseline (50%),1.0,0.5
Fold_16,worldcup_2023_slo_ven_100_85,worldcup_2023,2023,classification,Naive Baseline (50%),1.0,0.5
Fold_16,worldcup_2023_srb_can_95_86,worldcup_2023,2023,classification,Naive Baseline (50%),1.0,0.5
Fold_16,worldcup_2023_srb_chn_105_63,worldcup_2023,2023,classification,Naive Baseline (50%),1.0,0.5
Fold_16,worldcup_2023_srb_ita_76_78,worldcup_2023,2023,classification,Naive Baseline (50%),0.0,0.5
Fold_16,worldcup_2023_ssd_phi_87_68,worldcup_2023,2023,classification,Naive Baseline (50%),1.0,0.5
Fold_16,worldcup_2023_ssd_pur_96_101,worldcup_2023,2023,classification,Naive Baseline (50%),0.0,0.5
Fold_16,worldcup_2023_ssd_srb_83_115,worldcup_2023,2023,classification,Naive Baseline (50%),0.0,0.5
Fold_16,worldcup_2023_usa_can_118_127,worldcup_2023,2023,classification,Naive Baseline (50%),0.0,0.5
Fold_16,worldcup_2023_usa_ger_111_113,worldcup_2023,2023,classification,Naive Baseline (50%),0.0,0.5
Fold_16,worldcup_2023_usa_jor_110_62,worldcup_2023,2023,classification,Naive Baseline (50%),1.0,0.5
Fold_16,worldcup_2023_usa_ltu_104_110,worldcup_2023,2023,classification,Naive Baseline (50%),0.0,0.5
Fold_16,worldcup_2023_usa_mne_85_73,worldcup_2023,2023,classification,Naive Baseline (50%),1.0,0.5
Fold_16,worldcup_2023_usa_nzl_99_72,worldcup_2023,2023,classification,Naive Baseline (50%),1.0,0.5
Fold_16,worldcup_2023_ven_cpv_75_81,worldcup_2023,2023,classification,Naive Baseline (50%),0.0,0.5
Fold_16,worldcup_2023_ang_chn_76_83,worldcup_2023,2023,classification,Logistic Regression L2,0.0,0.495
Fold_16,worldcup_2023_ang_dom_67_75,worldcup_2023,2023,classification,Logistic Regression L2,0.0,0.5116
Fold_16,worldcup_2023_ang_ita_67_81,worldcup_2023,2023,classification,Logistic Regression L2,0.0,0.1558
Fold_16,worldcup_2023_ang_ssd_78_101,worldcup_2023,2023,classification,Logistic Regression L2,0.0,0.4162
Fold_16,worldcup_2023_aus_geo_100_84,worldcup_2023,2023,classification,Logistic Regression L2,1.0,0.7199
Fold_16,worldcup_2023_aus_ger_82_85,worldcup_2023,2023,classification,Logistic Regression L2,0.0,0.4539
Fold_16,worldcup_2023_aus_jpn_109_89,worldcup_2023,2023,classification,Logistic Regression L2,1.0,0.9096
Fold_16,worldcup_2023_bra_esp_78_96,worldcup_2023,2023,classification,Logistic Regression L2,0.0,0.0991
Fold_16,worldcup_2023_bra_lat_84_104,worldcup_2023,2023,classification,Logistic Regression L2,0.0,0.5719
Fold_16,worldcup_2023_can_bra_65_69,worldcup_2023,2023,classification,Logistic Regression L2,0.0,0.2961
Fold_16,worldcup_2023_can_fra_95_65,worldcup_2023,2023,classification,Logistic Regression L2,1.0,0.0855
Fold_16,worldcup_2023_can_lat_101_75,worldcup_2023,2023,classification,Logistic Regression L2,1.0,0.3588
Fold_16,worldcup_2023_can_slo_100_89,worldcup_2023,2023,classification,Logistic Regression L2,1.0,0.1684
Fold_16,worldcup_2023_chn_pur_89_107,worldcup_2023,2023,classification,Logistic Regression L2,0.0,0.4244
Fold_16,worldcup_2023_chn_ssd_69_89,worldcup_2023,2023,classification,Logistic Regression L2,0.0,0.4221
Fold_16,worldcup_2023_civ_bra_77_89,worldcup_2023,2023,classification,Logistic Regression L2,0.0,0.1375
Fold_16,worldcup_2023_civ_fra_77_87,worldcup_2023,2023,classification,Logistic Regression L2,0.0,0.0342
Fold_16,worldcup_2023_civ_iri_71_69,worldcup_2023,2023,classification,Logistic Regression L2,1.0,0.4162
Fold_16,worldcup_2023_civ_lbn_84_94,worldcup_2023,2023,classification,Logistic Regression L2,0.0,0.5268
Fold_16,worldcup_2023_cpv_fin_77_100,worldcup_2023,2023,classification,Logistic Regression L2,0.0,0.3498
Fold_16,worldcup_2023_cpv_geo_60_85,worldcup_2023,2023,classification,Logistic Regression L2,0.0,0.4147
Fold_16,worldcup_2023_dom_phi_87_81,worldcup_2023,2023,classification,Logistic Regression L2,1.0,0.5945
Fold_16,worldcup_2023_dom_pur_97_102,worldcup_2023,2023,classification,Logistic Regression L2,0.0,0.4083
Fold_16,worldcup_2023_dom_srb_79_112,worldcup_2023,2023,classification,Logistic Regression L2,0.0,0.0815
Fold_16,worldcup_2023_egy_jor_85_69,worldcup_2023,2023,classification,Logistic Regression L2,1.0,0.2624
Fold_16,worldcup_2023_egy_ltu_67_93,worldcup_2023,2023,classification,Logistic Regression L2,0.0,0.0119
Fold_16,worldcup_2023_egy_mex_100_72,worldcup_2023,2023,classification,Logistic Regression L2,1.0,0.1196
Fold_16,worldcup_2023_esp_can_85_88,worldcup_2023,2023,classification,Logistic Regression L2,0.0,0.9563
Fold_16,worldcup_2023_esp_civ_94_64,worldcup_2023,2023,classification,Logistic Regression L2,1.0,0.983
Fold_16,worldcup_2023_esp_lat_69_74,worldcup_2023,2023,classification,Logistic Regression L2,0.0,0.9242
Fold_16,worldcup_2023_fin_aus_72_98,worldcup_2023,2023,classification,Logistic Regression L2,0.0,0.3407
Fold_16,worldcup_2023_fin_ven_90_75,worldcup_2023,2023,classification,Logistic Regression L2,1.0,0.7923
Fold_16,worldcup_2023_fra_iri_82_55,worldcup_2023,2023,classification,Logistic Regression L2,1.0,0.9529
Fold_16,worldcup_2023_fra_lat_86_88,worldcup_2023,2023,classification,Logistic Regression L2,0.0,0.8574
Fold_16,worldcup_2023_geo_slo_67_88,worldcup_2023,2023,classification,Logistic Regression L2,0.0,0.1615
Fold_16,worldcup_2023_geo_ven_70_59,worldcup_2023,2023,classification,Logistic Regression L2,1.0,0.7434
Fold_16,worldcup_2023_ger_fin_101_75,worldcup_2023,2023,classification,Logistic Regression L2,1.0,0.7022
Fold_16,worldcup_2023_ger_geo_100_73,worldcup_2023,2023,classification,Logistic Regression L2,1.0,0.7564
Fold_16,worldcup_2023_ger_jpn_81_63,worldcup_2023,2023,classification,Logistic Regression L2,1.0,0.924
Fold_16,worldcup_2023_ger_lat_81_79,worldcup_2023,2023,classification,Logistic Regression L2,1.0,0.7549
Fold_16,worldcup_2023_ger_slo_100_71,worldcup_2023,2023,classification,Logistic Regression L2,1.0,0.3733
Fold_16,worldcup_2023_ger_srb_83_77,worldcup_2023,2023,classification,Logistic Regression L2,1.0,0.4386
Fold_16,worldcup_2023_gre_mne_69_73,worldcup_2023,2023,classification,Logistic Regression L2,0.0,0.8585
Fold_16,worldcup_2023_gre_nzl_83_74,worldcup_2023,2023,classification,Logistic Regression L2,1.0,0.8654
Fold_16,worldcup_2023_gre_usa_81_109,worldcup_2023,2023,classification,Logistic Regression L2,0.0,0.3742
Fold_16,worldcup_2023_iri_bra_59_100,worldcup_2023,2023,classification,Logistic Regression L2,0.0,0.1834
Fold_16,worldcup_2023_iri_esp_65_85,worldcup_2023,2023,classification,Logistic Regression L2,0.0,0.024
Fold_16,worldcup_2023_iri_lbn_73_81,worldcup_2023,2023,classification,Logistic Regression L2,0.0,0.6106
Fold_16,worldcup_2023_ita_dom_82_87,worldcup_2023,2023,classification,Logistic Regression L2,0.0,0.8507
Fold_16,worldcup_2023_ita_lat_82_87,worldcup_2023,2023,classification,Logistic Regression L2,0.0,0.7307
Fold_16,worldcup_2023_ita_pur_73_57,worldcup_2023,2023,classification,Logistic Regression L2,1.0,0.7966
Fold_16,worldcup_2023_ita_slo_85_89,worldcup_2023,2023,classification,Logistic Regression L2,0.0,0.4179
Fold_16,worldcup_2023_ita_usa_63_100,worldcup_2023,2023,classification,Logistic Regression L2,0.0,0.2775
Fold_16,worldcup_2023_jor_gre_71_92,worldcup_2023,2023,classification,Logistic Regression L2,0.0,0.0414
Fold_16,worldcup_2023_jor_mex_80_93,worldcup_2023,2023,classification,Logistic Regression L2,0.0,0.2771
Fold_16,worldcup_2023_jpn_cpv_80_71,worldcup_2023,2023,classification,Logistic Regression L2,1.0,0.2667
Fold_16,worldcup_2023_jpn_fin_98_88,worldcup_2023,2023,classification,Logistic Regression L2,1.0,0.163
Fold_16,worldcup_2023_jpn_ven_86_77,worldcup_2023,2023,classification,Logistic Regression L2,1.0,0.4253
Fold_16,worldcup_2023_lat_lbn_109_70,worldcup_2023,2023,classification,Logistic Regression L2,1.0,0.8406
Fold_16,worldcup_2023_lat_ltu_98_63,worldcup_2023,2023,classification,Logistic Regression L2,1.0,0.204
Fold_16,worldcup_2023_lbn_can_73_128,worldcup_2023,2023,classification,Logistic Regression L2,0.0,0.2556
Fold_16,worldcup_2023_lbn_fra_79_85,worldcup_2023,2023,classification,Logistic Regression L2,0.0,0.031
Fold_16,worldcup_2023_ltu_gre_92_67,worldcup_2023,2023,classification,Logistic Regression L2,1.0,0.5612
Fold_16,worldcup_2023_ltu_mex_96_66,worldcup_2023,2023,classification,Logistic Regression L2,1.0,0.9191
Fold_16,worldcup_2023_ltu_slo_100_84,worldcup_2023,2023,classification,Logistic Regression L2,1.0,0.6607
Fold_16,worldcup_2023_ltu_srb_68_87,worldcup_2023,2023,classification,Logistic Regression L2,0.0,0.6512
Fold_16,worldcup_2023_mex_mne_71_91,worldcup_2023,2023,classification,Logistic Regression L2,0.0,0.4058
Fold_16,worldcup_2023_mne_egy_89_74,worldcup_2023,2023,classification,Logistic Regression L2,1.0,0.9161
Fold_16,worldcup_2023_mne_ltu_71_91,worldcup_2023,2023,classification,Logistic Regression L2,0.0,0.1154
Fold_16,worldcup_2023_nzl_egy_88_86,worldcup_2023,2023,classification,Logistic Regression L2,1.0,0.9116
Fold_16,worldcup_2023_nzl_jor_95_87,worldcup_2023,2023,classification,Logistic Regression L2,1.0,0.785
Fold_16,worldcup_2023_nzl_mex_100_108,worldcup_2023,2023,classification,Logistic Regression L2,0.0,0.5822
Fold_16,worldcup_2023_phi_ang_70_80,worldcup_2023,2023,classification,Logistic Regression L2,0.0,0.3974
Fold_16,worldcup_2023_phi_chn_96_75,worldcup_2023,2023,classification,Logistic Regression L2,1.0,0.3916
Fold_16,worldcup_2023_phi_ita_83_90,worldcup_2023,2023,classification,Logistic Regression L2,0.0,0.1081
Fold_16,worldcup_2023_pur_srb_77_94,worldcup_2023,2023,classification,Logistic Regression L2,0.0,0.1143
Fold_16,worldcup_2023_slo_aus_91_80,worldcup_2023,2023,classification,Logistic Regression L2,1.0,0.6716
Fold_16,worldcup_2023_slo_cpv_92_77,worldcup_2023,2023,classification,Logistic Regression L2,1.0,0.8812
Fold_16,worldcup_2023_slo_ven_100_85,worldcup_2023,2023,classification,Logistic Regression L2,1.0,0.9379
Fold_16,worldcup_2023_srb_can_95_86,worldcup_2023,2023,classification,Logistic Regression L2,1.0,0.9067
Fold_16,worldcup_2023_srb_chn_105_63,worldcup_2023,2023,classification,Logistic Regression L2,1.0,0.9141
Fold_16,worldcup_2023_srb_ita_76_78,worldcup_2023,2023,classification,Logistic Regression L2,0.0,0.6671
Fold_16,worldcup_2023_ssd_phi_87_68,worldcup_2023,2023,classification,Logistic Regression L2,1.0,0.683
Fold_16,worldcup_2023_ssd_pur_96_101,worldcup_2023,2023,classification,Logistic Regression L2,0.0,0.5035
Fold_16,worldcup_2023_ssd_srb_83_115,worldcup_2023,2023,classification,Logistic Regression L2,0.0,0.1153
Fold_16,worldcup_2023_usa_can_118_127,worldcup_2023,2023,classification,Logistic Regression L2,0.0,0.9457
Fold_16,worldcup_2023_usa_ger_111_113,worldcup_2023,2023,classification,Logistic Regression L2,0.0,0.8123
Fold_16,worldcup_2023_usa_jor_110_62,worldcup_2023,2023,classification,Logistic Regression L2,1.0,0.9752
Fold_16,worldcup_2023_usa_ltu_104_110,worldcup_2023,2023,classification,Logistic Regression L2,0.0,0.5698
Fold_16,worldcup_2023_usa_mne_85_73,worldcup_2023,2023,classification,Logistic Regression L2,1.0,0.9107
Fold_16,worldcup_2023_usa_nzl_99_72,worldcup_2023,2023,classification,Logistic Regression L2,1.0,0.9153
Fold_16,worldcup_2023_ven_cpv_75_81,worldcup_2023,2023,classification,Logistic Regression L2,0.0,0.3305
Fold_16,worldcup_2023_ang_chn_76_83,worldcup_2023,2023,classification,ElasticNet Classifier,0.0,0.5074
Fold_16,worldcup_2023_ang_dom_67_75,worldcup_2023,2023,classification,ElasticNet Classifier,0.0,0.5276
Fold_16,worldcup_2023_ang_ita_67_81,worldcup_2023,2023,classification,ElasticNet Classifier,0.0,0.1616
Fold_16,worldcup_2023_ang_ssd_78_101,worldcup_2023,2023,classification,ElasticNet Classifier,0.0,0.4123
Fold_16,worldcup_2023_aus_geo_100_84,worldcup_2023,2023,classification,ElasticNet Classifier,1.0,0.7329
Fold_16,worldcup_2023_aus_ger_82_85,worldcup_2023,2023,classification,ElasticNet Classifier,0.0,0.4645
Fold_16,worldcup_2023_aus_jpn_109_89,worldcup_2023,2023,classification,ElasticNet Classifier,1.0,0.9148
Fold_16,worldcup_2023_bra_esp_78_96,worldcup_2023,2023,classification,ElasticNet Classifier,0.0,0.1006
Fold_16,worldcup_2023_bra_lat_84_104,worldcup_2023,2023,classification,ElasticNet Classifier,0.0,0.5842
Fold_16,worldcup_2023_can_bra_65_69,worldcup_2023,2023,classification,ElasticNet Classifier,0.0,0.3066
Fold_16,worldcup_2023_can_fra_95_65,worldcup_2023,2023,classification,ElasticNet Classifier,1.0,0.0861
Fold_16,worldcup_2023_can_lat_101_75,worldcup_2023,2023,classification,ElasticNet Classifier,1.0,0.369
Fold_16,worldcup_2023_can_slo_100_89,worldcup_2023,2023,classification,ElasticNet Classifier,1.0,0.1495
Fold_16,worldcup_2023_chn_pur_89_107,worldcup_2023,2023,classification,ElasticNet Classifier,0.0,0.4425
Fold_16,worldcup_2023_chn_ssd_69_89,worldcup_2023,2023,classification,ElasticNet Classifier,0.0,0.4199
Fold_16,worldcup_2023_civ_bra_77_89,worldcup_2023,2023,classification,ElasticNet Classifier,0.0,0.1435
Fold_16,worldcup_2023_civ_fra_77_87,worldcup_2023,2023,classification,ElasticNet Classifier,0.0,0.0345
Fold_16,worldcup_2023_civ_iri_71_69,worldcup_2023,2023,classification,ElasticNet Classifier,1.0,0.4288
Fold_16,worldcup_2023_civ_lbn_84_94,worldcup_2023,2023,classification,ElasticNet Classifier,0.0,0.5413
Fold_16,worldcup_2023_cpv_fin_77_100,worldcup_2023,2023,classification,ElasticNet Classifier,0.0,0.3788
Fold_16,worldcup_2023_cpv_geo_60_85,worldcup_2023,2023,classification,ElasticNet Classifier,0.0,0.4467
Fold_16,worldcup_2023_dom_phi_87_81,worldcup_2023,2023,classification,ElasticNet Classifier,1.0,0.606
Fold_16,worldcup_2023_dom_pur_97_102,worldcup_2023,2023,classification,ElasticNet Classifier,0.0,0.4226
Fold_16,worldcup_2023_dom_srb_79_112,worldcup_2023,2023,classification,ElasticNet Classifier,0.0,0.0835
Fold_16,worldcup_2023_egy_jor_85_69,worldcup_2023,2023,classification,ElasticNet Classifier,1.0,0.2749
Fold_16,worldcup_2023_egy_ltu_67_93,worldcup_2023,2023,classification,ElasticNet Classifier,0.0,0.0121
Fold_16,worldcup_2023_egy_mex_100_72,worldcup_2023,2023,classification,ElasticNet Classifier,1.0,0.126
Fold_16,worldcup_2023_esp_can_85_88,worldcup_2023,2023,classification,ElasticNet Classifier,0.0,0.9604
Fold_16,worldcup_2023_esp_civ_94_64,worldcup_2023,2023,classification,ElasticNet Classifier,1.0,0.9846
Fold_16,worldcup_2023_esp_lat_69_74,worldcup_2023,2023,classification,ElasticNet Classifier,0.0,0.9303
Fold_16,worldcup_2023_fin_aus_72_98,worldcup_2023,2023,classification,ElasticNet Classifier,0.0,0.3526
Fold_16,worldcup_2023_fin_ven_90_75,worldcup_2023,2023,classification,ElasticNet Classifier,1.0,0.8013
Fold_16,worldcup_2023_fra_iri_82_55,worldcup_2023,2023,classification,ElasticNet Classifier,1.0,0.9572
Fold_16,worldcup_2023_fra_lat_86_88,worldcup_2023,2023,classification,ElasticNet Classifier,0.0,0.8684
Fold_16,worldcup_2023_geo_slo_67_88,worldcup_2023,2023,classification,ElasticNet Classifier,0.0,0.1654
Fold_16,worldcup_2023_geo_ven_70_59,worldcup_2023,2023,classification,ElasticNet Classifier,1.0,0.7528
Fold_16,worldcup_2023_ger_fin_101_75,worldcup_2023,2023,classification,ElasticNet Classifier,1.0,0.7175
Fold_16,worldcup_2023_ger_geo_100_73,worldcup_2023,2023,classification,ElasticNet Classifier,1.0,0.7708
Fold_16,worldcup_2023_ger_jpn_81_63,worldcup_2023,2023,classification,ElasticNet Classifier,1.0,0.9294
Fold_16,worldcup_2023_ger_lat_81_79,worldcup_2023,2023,classification,ElasticNet Classifier,1.0,0.7382
Fold_16,worldcup_2023_ger_slo_100_71,worldcup_2023,2023,classification,ElasticNet Classifier,1.0,0.3854
Fold_16,worldcup_2023_ger_srb_83_77,worldcup_2023,2023,classification,ElasticNet Classifier,1.0,0.4124
Fold_16,worldcup_2023_gre_mne_69_73,worldcup_2023,2023,classification,ElasticNet Classifier,0.0,0.8682
Fold_16,worldcup_2023_gre_nzl_83_74,worldcup_2023,2023,classification,ElasticNet Classifier,1.0,0.8756
Fold_16,worldcup_2023_gre_usa_81_109,worldcup_2023,2023,classification,ElasticNet Classifier,0.0,0.3939
Fold_16,worldcup_2023_iri_bra_59_100,worldcup_2023,2023,classification,ElasticNet Classifier,0.0,0.1917
Fold_16,worldcup_2023_iri_esp_65_85,worldcup_2023,2023,classification,ElasticNet Classifier,0.0,0.0244
Fold_16,worldcup_2023_iri_lbn_73_81,worldcup_2023,2023,classification,ElasticNet Classifier,0.0,0.6255
Fold_16,worldcup_2023_ita_dom_82_87,worldcup_2023,2023,classification,ElasticNet Classifier,0.0,0.8602
Fold_16,worldcup_2023_ita_lat_82_87,worldcup_2023,2023,classification,ElasticNet Classifier,0.0,0.7113
Fold_16,worldcup_2023_ita_pur_73_57,worldcup_2023,2023,classification,ElasticNet Classifier,1.0,0.8091
Fold_16,worldcup_2023_ita_slo_85_89,worldcup_2023,2023,classification,ElasticNet Classifier,0.0,0.3891
Fold_16,worldcup_2023_ita_usa_63_100,worldcup_2023,2023,classification,ElasticNet Classifier,0.0,0.2589
Fold_16,worldcup_2023_jor_gre_71_92,worldcup_2023,2023,classification,ElasticNet Classifier,0.0,0.0421
Fold_16,worldcup_2023_jor_mex_80_93,worldcup_2023,2023,classification,ElasticNet Classifier,0.0,0.2878
Fold_16,worldcup_2023_jpn_cpv_80_71,worldcup_2023,2023,classification,ElasticNet Classifier,1.0,0.2633
Fold_16,worldcup_2023_jpn_fin_98_88,worldcup_2023,2023,classification,ElasticNet Classifier,1.0,0.1702
Fold_16,worldcup_2023_jpn_ven_86_77,worldcup_2023,2023,classification,ElasticNet Classifier,1.0,0.4376
Fold_16,worldcup_2023_lat_lbn_109_70,worldcup_2023,2023,classification,ElasticNet Classifier,1.0,0.8499
Fold_16,worldcup_2023_lat_ltu_98_63,worldcup_2023,2023,classification,ElasticNet Classifier,1.0,0.1824
Fold_16,worldcup_2023_lbn_can_73_128,worldcup_2023,2023,classification,ElasticNet Classifier,0.0,0.266
Fold_16,worldcup_2023_lbn_fra_79_85,worldcup_2023,2023,classification,ElasticNet Classifier,0.0,0.0311
Fold_16,worldcup_2023_ltu_gre_92_67,worldcup_2023,2023,classification,ElasticNet Classifier,1.0,0.577
Fold_16,worldcup_2023_ltu_mex_96_66,worldcup_2023,2023,classification,ElasticNet Classifier,1.0,0.9261
Fold_16,worldcup_2023_ltu_slo_100_84,worldcup_2023,2023,classification,ElasticNet Classifier,1.0,0.6389
Fold_16,worldcup_2023_ltu_srb_68_87,worldcup_2023,2023,classification,ElasticNet Classifier,0.0,0.6301
Fold_16,worldcup_2023_mex_mne_71_91,worldcup_2023,2023,classification,ElasticNet Classifier,0.0,0.4176
Fold_16,worldcup_2023_mne_egy_89_74,worldcup_2023,2023,classification,ElasticNet Classifier,1.0,0.9207
Fold_16,worldcup_2023_mne_ltu_71_91,worldcup_2023,2023,classification,ElasticNet Classifier,0.0,0.1178
Fold_16,worldcup_2023_nzl_egy_88_86,worldcup_2023,2023,classification,ElasticNet Classifier,1.0,0.9157
Fold_16,worldcup_2023_nzl_jor_95_87,worldcup_2023,2023,classification,ElasticNet Classifier,1.0,0.795
Fold_16,worldcup_2023_nzl_mex_100_108,worldcup_2023,2023,classification,ElasticNet Classifier,0.0,0.5959
Fold_16,worldcup_2023_phi_ang_70_80,worldcup_2023,2023,classification,ElasticNet Classifier,0.0,0.4112
Fold_16,worldcup_2023_phi_chn_96_75,worldcup_2023,2023,classification,ElasticNet Classifier,1.0,0.4036
Fold_16,worldcup_2023_phi_ita_83_90,worldcup_2023,2023,classification,ElasticNet Classifier,0.0,0.1125
Fold_16,worldcup_2023_pur_srb_77_94,worldcup_2023,2023,classification,ElasticNet Classifier,0.0,0.1168
Fold_16,worldcup_2023_slo_aus_91_80,worldcup_2023,2023,classification,ElasticNet Classifier,1.0,0.6881
Fold_16,worldcup_2023_slo_cpv_92_77,worldcup_2023,2023,classification,ElasticNet Classifier,1.0,0.8823
Fold_16,worldcup_2023_slo_ven_100_85,worldcup_2023,2023,classification,ElasticNet Classifier,1.0,0.9423
Fold_16,worldcup_2023_srb_can_95_86,worldcup_2023,2023,classification,ElasticNet Classifier,1.0,0.9002
Fold_16,worldcup_2023_srb_chn_105_63,worldcup_2023,2023,classification,ElasticNet Classifier,1.0,0.9196
Fold_16,worldcup_2023_srb_ita_76_78,worldcup_2023,2023,classification,ElasticNet Classifier,0.0,0.6816
Fold_16,worldcup_2023_ssd_phi_87_68,worldcup_2023,2023,classification,ElasticNet Classifier,1.0,0.7101
Fold_16,worldcup_2023_ssd_pur_96_101,worldcup_2023,2023,classification,ElasticNet Classifier,0.0,0.5381
Fold_16,worldcup_2023_ssd_srb_83_115,worldcup_2023,2023,classification,ElasticNet Classifier,0.0,0.1266
Fold_16,worldcup_2023_usa_can_118_127,worldcup_2023,2023,classification,ElasticNet Classifier,0.0,0.9406
Fold_16,worldcup_2023_usa_ger_111_113,worldcup_2023,2023,classification,ElasticNet Classifier,0.0,0.7925
Fold_16,worldcup_2023_usa_jor_110_62,worldcup_2023,2023,classification,ElasticNet Classifier,1.0,0.9767
Fold_16,worldcup_2023_usa_ltu_104_110,worldcup_2023,2023,classification,ElasticNet Classifier,0.0,0.5751
Fold_16,worldcup_2023_usa_mne_85_73,worldcup_2023,2023,classification,ElasticNet Classifier,1.0,0.9151
Fold_16,worldcup_2023_usa_nzl_99_72,worldcup_2023,2023,classification,ElasticNet Classifier,1.0,0.92
Fold_16,worldcup_2023_ven_cpv_75_81,worldcup_2023,2023,classification,ElasticNet Classifier,0.0,0.328
Fold_16,worldcup_2023_ang_chn_76_83,worldcup_2023,2023,classification,LightGBM Classifier,0.0,0.5024
Fold_16,worldcup_2023_ang_dom_67_75,worldcup_2023,2023,classification,LightGBM Classifier,0.0,0.4335
Fold_16,worldcup_2023_ang_ita_67_81,worldcup_2023,2023,classification,LightGBM Classifier,0.0,0.1657
Fold_16,worldcup_2023_ang_ssd_78_101,worldcup_2023,2023,classification,LightGBM Classifier,0.0,0.7478
Fold_16,worldcup_2023_aus_geo_100_84,worldcup_2023,2023,classification,LightGBM Classifier,1.0,0.6224
Fold_16,worldcup_2023_aus_ger_82_85,worldcup_2023,2023,classification,LightGBM Classifier,0.0,0.4826
Fold_16,worldcup_2023_aus_jpn_109_89,worldcup_2023,2023,classification,LightGBM Classifier,1.0,0.9244
Fold_16,worldcup_2023_bra_esp_78_96,worldcup_2023,2023,classification,LightGBM Classifier,0.0,0.1464
Fold_16,worldcup_2023_bra_lat_84_104,worldcup_2023,2023,classification,LightGBM Classifier,0.0,0.6241
Fold_16,worldcup_2023_can_bra_65_69,worldcup_2023,2023,classification,LightGBM Classifier,0.0,0.4621
Fold_16,worldcup_2023_can_fra_95_65,worldcup_2023,2023,classification,LightGBM Classifier,1.0,0.1316
Fold_16,worldcup_2023_can_lat_101_75,worldcup_2023,2023,classification,LightGBM Classifier,1.0,0.4143
Fold_16,worldcup_2023_can_slo_100_89,worldcup_2023,2023,classification,LightGBM Classifier,1.0,0.1553
Fold_16,worldcup_2023_chn_pur_89_107,worldcup_2023,2023,classification,LightGBM Classifier,0.0,0.4381
Fold_16,worldcup_2023_chn_ssd_69_89,worldcup_2023,2023,classification,LightGBM Classifier,0.0,0.7949
Fold_16,worldcup_2023_civ_bra_77_89,worldcup_2023,2023,classification,LightGBM Classifier,0.0,0.1441
Fold_16,worldcup_2023_civ_fra_77_87,worldcup_2023,2023,classification,LightGBM Classifier,0.0,0.0615
Fold_16,worldcup_2023_civ_iri_71_69,worldcup_2023,2023,classification,LightGBM Classifier,1.0,0.4256
Fold_16,worldcup_2023_civ_lbn_84_94,worldcup_2023,2023,classification,LightGBM Classifier,0.0,0.5214
Fold_16,worldcup_2023_cpv_fin_77_100,worldcup_2023,2023,classification,LightGBM Classifier,0.0,0.1438
Fold_16,worldcup_2023_cpv_geo_60_85,worldcup_2023,2023,classification,LightGBM Classifier,0.0,0.2192
Fold_16,worldcup_2023_dom_phi_87_81,worldcup_2023,2023,classification,LightGBM Classifier,1.0,0.7035
Fold_16,worldcup_2023_dom_pur_97_102,worldcup_2023,2023,classification,LightGBM Classifier,0.0,0.4927
Fold_16,worldcup_2023_dom_srb_79_112,worldcup_2023,2023,classification,LightGBM Classifier,0.0,0.0924
Fold_16,worldcup_2023_egy_jor_85_69,worldcup_2023,2023,classification,LightGBM Classifier,1.0,0.2911
Fold_16,worldcup_2023_egy_ltu_67_93,worldcup_2023,2023,classification,LightGBM Classifier,0.0,0.0503
Fold_16,worldcup_2023_egy_mex_100_72,worldcup_2023,2023,classification,LightGBM Classifier,1.0,0.2318
Fold_16,worldcup_2023_esp_can_85_88,worldcup_2023,2023,classification,LightGBM Classifier,0.0,0.7298
Fold_16,worldcup_2023_esp_civ_94_64,worldcup_2023,2023,classification,LightGBM Classifier,1.0,0.922
Fold_16,worldcup_2023_esp_lat_69_74,worldcup_2023,2023,classification,LightGBM Classifier,0.0,0.7358
Fold_16,worldcup_2023_fin_aus_72_98,worldcup_2023,2023,classification,LightGBM Classifier,0.0,0.3992
Fold_16,worldcup_2023_fin_ven_90_75,worldcup_2023,2023,classification,LightGBM Classifier,1.0,0.7454
Fold_16,worldcup_2023_fra_iri_82_55,worldcup_2023,2023,classification,LightGBM Classifier,1.0,0.8583
Fold_16,worldcup_2023_fra_lat_86_88,worldcup_2023,2023,classification,LightGBM Classifier,0.0,0.6224
Fold_16,worldcup_2023_geo_slo_67_88,worldcup_2023,2023,classification,LightGBM Classifier,0.0,0.1307
Fold_16,worldcup_2023_geo_ven_70_59,worldcup_2023,2023,classification,LightGBM Classifier,1.0,0.6766
Fold_16,worldcup_2023_ger_fin_101_75,worldcup_2023,2023,classification,LightGBM Classifier,1.0,0.5612
Fold_16,worldcup_2023_ger_geo_100_73,worldcup_2023,2023,classification,LightGBM Classifier,1.0,0.5906
Fold_16,worldcup_2023_ger_jpn_81_63,worldcup_2023,2023,classification,LightGBM Classifier,1.0,0.847
Fold_16,worldcup_2023_ger_lat_81_79,worldcup_2023,2023,classification,LightGBM Classifier,1.0,0.5271
Fold_16,worldcup_2023_ger_slo_100_71,worldcup_2023,2023,classification,LightGBM Classifier,1.0,0.3992
Fold_16,worldcup_2023_ger_srb_83_77,worldcup_2023,2023,classification,LightGBM Classifier,1.0,0.4754
Fold_16,worldcup_2023_gre_mne_69_73,worldcup_2023,2023,classification,LightGBM Classifier,0.0,0.8104
Fold_16,worldcup_2023_gre_nzl_83_74,worldcup_2023,2023,classification,LightGBM Classifier,1.0,0.8104
Fold_16,worldcup_2023_gre_usa_81_109,worldcup_2023,2023,classification,LightGBM Classifier,0.0,0.3613
Fold_16,worldcup_2023_iri_bra_59_100,worldcup_2023,2023,classification,LightGBM Classifier,0.0,0.2388
Fold_16,worldcup_2023_iri_esp_65_85,worldcup_2023,2023,classification,LightGBM Classifier,0.0,0.0477
Fold_16,worldcup_2023_iri_lbn_73_81,worldcup_2023,2023,classification,LightGBM Classifier,0.0,0.5947
Fold_16,worldcup_2023_ita_dom_82_87,worldcup_2023,2023,classification,LightGBM Classifier,0.0,0.7454
Fold_16,worldcup_2023_ita_lat_82_87,worldcup_2023,2023,classification,LightGBM Classifier,0.0,0.5697
Fold_16,worldcup_2023_ita_pur_73_57,worldcup_2023,2023,classification,LightGBM Classifier,1.0,0.6207
Fold_16,worldcup_2023_ita_slo_85_89,worldcup_2023,2023,classification,LightGBM Classifier,0.0,0.4386
Fold_16,worldcup_2023_ita_usa_63_100,worldcup_2023,2023,classification,LightGBM Classifier,0.0,0.2705
Fold_16,worldcup_2023_jor_gre_71_92,worldcup_2023,2023,classification,LightGBM Classifier,0.0,0.0417
Fold_16,worldcup_2023_jor_mex_80_93,worldcup_2023,2023,classification,LightGBM Classifier,0.0,0.338
Fold_16,worldcup_2023_jpn_cpv_80_71,worldcup_2023,2023,classification,LightGBM Classifier,1.0,0.7495
Fold_16,worldcup_2023_jpn_fin_98_88,worldcup_2023,2023,classification,LightGBM Classifier,1.0,0.2077
Fold_16,worldcup_2023_jpn_ven_86_77,worldcup_2023,2023,classification,LightGBM Classifier,1.0,0.4605
Fold_16,worldcup_2023_lat_lbn_109_70,worldcup_2023,2023,classification,LightGBM Classifier,1.0,0.7938
Fold_16,worldcup_2023_lat_ltu_98_63,worldcup_2023,2023,classification,LightGBM Classifier,1.0,0.192
Fold_16,worldcup_2023_lbn_can_73_128,worldcup_2023,2023,classification,LightGBM Classifier,0.0,0.2684
Fold_16,worldcup_2023_lbn_fra_79_85,worldcup_2023,2023,classification,LightGBM Classifier,0.0,0.0391
Fold_16,worldcup_2023_ltu_gre_92_67,worldcup_2023,2023,classification,LightGBM Classifier,1.0,0.4696
Fold_16,worldcup_2023_ltu_mex_96_66,worldcup_2023,2023,classification,LightGBM Classifier,1.0,0.7329
Fold_16,worldcup_2023_ltu_slo_100_84,worldcup_2023,2023,classification,LightGBM Classifier,1.0,0.5033
Fold_16,worldcup_2023_ltu_srb_68_87,worldcup_2023,2023,classification,LightGBM Classifier,0.0,0.5412
Fold_16,worldcup_2023_mex_mne_71_91,worldcup_2023,2023,classification,LightGBM Classifier,0.0,0.4725
Fold_16,worldcup_2023_mne_egy_89_74,worldcup_2023,2023,classification,LightGBM Classifier,1.0,0.922
Fold_16,worldcup_2023_mne_ltu_71_91,worldcup_2023,2023,classification,LightGBM Classifier,0.0,0.1288
Fold_16,worldcup_2023_nzl_egy_88_86,worldcup_2023,2023,classification,LightGBM Classifier,1.0,0.922
Fold_16,worldcup_2023_nzl_jor_95_87,worldcup_2023,2023,classification,LightGBM Classifier,1.0,0.747
Fold_16,worldcup_2023_nzl_mex_100_108,worldcup_2023,2023,classification,LightGBM Classifier,0.0,0.4966
Fold_16,worldcup_2023_phi_ang_70_80,worldcup_2023,2023,classification,LightGBM Classifier,0.0,0.4163
Fold_16,worldcup_2023_phi_chn_96_75,worldcup_2023,2023,classification,LightGBM Classifier,1.0,0.4501
Fold_16,worldcup_2023_phi_ita_83_90,worldcup_2023,2023,classification,LightGBM Classifier,0.0,0.0877
Fold_16,worldcup_2023_pur_srb_77_94,worldcup_2023,2023,classification,LightGBM Classifier,0.0,0.0897
Fold_16,worldcup_2023_slo_aus_91_80,worldcup_2023,2023,classification,LightGBM Classifier,1.0,0.4759
Fold_16,worldcup_2023_slo_cpv_92_77,worldcup_2023,2023,classification,LightGBM Classifier,1.0,0.8548
Fold_16,worldcup_2023_slo_ven_100_85,worldcup_2023,2023,classification,LightGBM Classifier,1.0,0.8676
Fold_16,worldcup_2023_srb_can_95_86,worldcup_2023,2023,classification,LightGBM Classifier,1.0,0.7655
Fold_16,worldcup_2023_srb_chn_105_63,worldcup_2023,2023,classification,LightGBM Classifier,1.0,0.893
Fold_16,worldcup_2023_srb_ita_76_78,worldcup_2023,2023,classification,LightGBM Classifier,0.0,0.5432
Fold_16,worldcup_2023_ssd_phi_87_68,worldcup_2023,2023,classification,LightGBM Classifier,1.0,0.4133
Fold_16,worldcup_2023_ssd_pur_96_101,worldcup_2023,2023,classification,LightGBM Classifier,0.0,0.1113
Fold_16,worldcup_2023_ssd_srb_83_115,worldcup_2023,2023,classification,LightGBM Classifier,0.0,0.0485
Fold_16,worldcup_2023_usa_can_118_127,worldcup_2023,2023,classification,LightGBM Classifier,0.0,0.917
Fold_16,worldcup_2023_usa_ger_111_113,worldcup_2023,2023,classification,LightGBM Classifier,0.0,0.8929
Fold_16,worldcup_2023_usa_jor_110_62,worldcup_2023,2023,classification,LightGBM Classifier,1.0,0.922
Fold_16,worldcup_2023_usa_ltu_104_110,worldcup_2023,2023,classification,LightGBM Classifier,0.0,0.7971
Fold_16,worldcup_2023_usa_mne_85_73,worldcup_2023,2023,classification,LightGBM Classifier,1.0,0.9244
Fold_16,worldcup_2023_usa_nzl_99_72,worldcup_2023,2023,classification,LightGBM Classifier,1.0,0.9244
Fold_16,worldcup_2023_ven_cpv_75_81,worldcup_2023,2023,classification,LightGBM Classifier,0.0,0.7495
Fold_16,worldcup_2023_ang_chn_76_83,worldcup_2023,2023,regression,Naive Margin (0.0 pts),-7.0,0.0
Fold_16,worldcup_2023_ang_dom_67_75,worldcup_2023,2023,regression,Naive Margin (0.0 pts),-8.0,0.0
Fold_16,worldcup_2023_ang_ita_67_81,worldcup_2023,2023,regression,Naive Margin (0.0 pts),-14.0,0.0
Fold_16,worldcup_2023_ang_ssd_78_101,worldcup_2023,2023,regression,Naive Margin (0.0 pts),-23.0,0.0
Fold_16,worldcup_2023_aus_geo_100_84,worldcup_2023,2023,regression,Naive Margin (0.0 pts),16.0,0.0
Fold_16,worldcup_2023_aus_ger_82_85,worldcup_2023,2023,regression,Naive Margin (0.0 pts),-3.0,0.0
Fold_16,worldcup_2023_aus_jpn_109_89,worldcup_2023,2023,regression,Naive Margin (0.0 pts),20.0,0.0
Fold_16,worldcup_2023_bra_esp_78_96,worldcup_2023,2023,regression,Naive Margin (0.0 pts),-18.0,0.0
Fold_16,worldcup_2023_bra_lat_84_104,worldcup_2023,2023,regression,Naive Margin (0.0 pts),-20.0,0.0
Fold_16,worldcup_2023_can_bra_65_69,worldcup_2023,2023,regression,Naive Margin (0.0 pts),-4.0,0.0
Fold_16,worldcup_2023_can_fra_95_65,worldcup_2023,2023,regression,Naive Margin (0.0 pts),30.0,0.0
Fold_16,worldcup_2023_can_lat_101_75,worldcup_2023,2023,regression,Naive Margin (0.0 pts),26.0,0.0
Fold_16,worldcup_2023_can_slo_100_89,worldcup_2023,2023,regression,Naive Margin (0.0 pts),11.0,0.0
Fold_16,worldcup_2023_chn_pur_89_107,worldcup_2023,2023,regression,Naive Margin (0.0 pts),-18.0,0.0
Fold_16,worldcup_2023_chn_ssd_69_89,worldcup_2023,2023,regression,Naive Margin (0.0 pts),-20.0,0.0
Fold_16,worldcup_2023_civ_bra_77_89,worldcup_2023,2023,regression,Naive Margin (0.0 pts),-12.0,0.0
Fold_16,worldcup_2023_civ_fra_77_87,worldcup_2023,2023,regression,Naive Margin (0.0 pts),-10.0,0.0
Fold_16,worldcup_2023_civ_iri_71_69,worldcup_2023,2023,regression,Naive Margin (0.0 pts),2.0,0.0
Fold_16,worldcup_2023_civ_lbn_84_94,worldcup_2023,2023,regression,Naive Margin (0.0 pts),-10.0,0.0
Fold_16,worldcup_2023_cpv_fin_77_100,worldcup_2023,2023,regression,Naive Margin (0.0 pts),-23.0,0.0
Fold_16,worldcup_2023_cpv_geo_60_85,worldcup_2023,2023,regression,Naive Margin (0.0 pts),-25.0,0.0
Fold_16,worldcup_2023_dom_phi_87_81,worldcup_2023,2023,regression,Naive Margin (0.0 pts),6.0,0.0
Fold_16,worldcup_2023_dom_pur_97_102,worldcup_2023,2023,regression,Naive Margin (0.0 pts),-5.0,0.0
Fold_16,worldcup_2023_dom_srb_79_112,worldcup_2023,2023,regression,Naive Margin (0.0 pts),-33.0,0.0
Fold_16,worldcup_2023_egy_jor_85_69,worldcup_2023,2023,regression,Naive Margin (0.0 pts),16.0,0.0
Fold_16,worldcup_2023_egy_ltu_67_93,worldcup_2023,2023,regression,Naive Margin (0.0 pts),-26.0,0.0
Fold_16,worldcup_2023_egy_mex_100_72,worldcup_2023,2023,regression,Naive Margin (0.0 pts),28.0,0.0
Fold_16,worldcup_2023_esp_can_85_88,worldcup_2023,2023,regression,Naive Margin (0.0 pts),-3.0,0.0
Fold_16,worldcup_2023_esp_civ_94_64,worldcup_2023,2023,regression,Naive Margin (0.0 pts),30.0,0.0
Fold_16,worldcup_2023_esp_lat_69_74,worldcup_2023,2023,regression,Naive Margin (0.0 pts),-5.0,0.0
Fold_16,worldcup_2023_fin_aus_72_98,worldcup_2023,2023,regression,Naive Margin (0.0 pts),-26.0,0.0
Fold_16,worldcup_2023_fin_ven_90_75,worldcup_2023,2023,regression,Naive Margin (0.0 pts),15.0,0.0
Fold_16,worldcup_2023_fra_iri_82_55,worldcup_2023,2023,regression,Naive Margin (0.0 pts),27.0,0.0
Fold_16,worldcup_2023_fra_lat_86_88,worldcup_2023,2023,regression,Naive Margin (0.0 pts),-2.0,0.0
Fold_16,worldcup_2023_geo_slo_67_88,worldcup_2023,2023,regression,Naive Margin (0.0 pts),-21.0,0.0
Fold_16,worldcup_2023_geo_ven_70_59,worldcup_2023,2023,regression,Naive Margin (0.0 pts),11.0,0.0
Fold_16,worldcup_2023_ger_fin_101_75,worldcup_2023,2023,regression,Naive Margin (0.0 pts),26.0,0.0
Fold_16,worldcup_2023_ger_geo_100_73,worldcup_2023,2023,regression,Naive Margin (0.0 pts),27.0,0.0
Fold_16,worldcup_2023_ger_jpn_81_63,worldcup_2023,2023,regression,Naive Margin (0.0 pts),18.0,0.0
Fold_16,worldcup_2023_ger_lat_81_79,worldcup_2023,2023,regression,Naive Margin (0.0 pts),2.0,0.0
Fold_16,worldcup_2023_ger_slo_100_71,worldcup_2023,2023,regression,Naive Margin (0.0 pts),29.0,0.0
Fold_16,worldcup_2023_ger_srb_83_77,worldcup_2023,2023,regression,Naive Margin (0.0 pts),6.0,0.0
Fold_16,worldcup_2023_gre_mne_69_73,worldcup_2023,2023,regression,Naive Margin (0.0 pts),-4.0,0.0
Fold_16,worldcup_2023_gre_nzl_83_74,worldcup_2023,2023,regression,Naive Margin (0.0 pts),9.0,0.0
Fold_16,worldcup_2023_gre_usa_81_109,worldcup_2023,2023,regression,Naive Margin (0.0 pts),-28.0,0.0
Fold_16,worldcup_2023_iri_bra_59_100,worldcup_2023,2023,regression,Naive Margin (0.0 pts),-41.0,0.0
Fold_16,worldcup_2023_iri_esp_65_85,worldcup_2023,2023,regression,Naive Margin (0.0 pts),-20.0,0.0
Fold_16,worldcup_2023_iri_lbn_73_81,worldcup_2023,2023,regression,Naive Margin (0.0 pts),-8.0,0.0
Fold_16,worldcup_2023_ita_dom_82_87,worldcup_2023,2023,regression,Naive Margin (0.0 pts),-5.0,0.0
Fold_16,worldcup_2023_ita_lat_82_87,worldcup_2023,2023,regression,Naive Margin (0.0 pts),-5.0,0.0
Fold_16,worldcup_2023_ita_pur_73_57,worldcup_2023,2023,regression,Naive Margin (0.0 pts),16.0,0.0
Fold_16,worldcup_2023_ita_slo_85_89,worldcup_2023,2023,regression,Naive Margin (0.0 pts),-4.0,0.0
Fold_16,worldcup_2023_ita_usa_63_100,worldcup_2023,2023,regression,Naive Margin (0.0 pts),-37.0,0.0
Fold_16,worldcup_2023_jor_gre_71_92,worldcup_2023,2023,regression,Naive Margin (0.0 pts),-21.0,0.0
Fold_16,worldcup_2023_jor_mex_80_93,worldcup_2023,2023,regression,Naive Margin (0.0 pts),-13.0,0.0
Fold_16,worldcup_2023_jpn_cpv_80_71,worldcup_2023,2023,regression,Naive Margin (0.0 pts),9.0,0.0
Fold_16,worldcup_2023_jpn_fin_98_88,worldcup_2023,2023,regression,Naive Margin (0.0 pts),10.0,0.0
Fold_16,worldcup_2023_jpn_ven_86_77,worldcup_2023,2023,regression,Naive Margin (0.0 pts),9.0,0.0
Fold_16,worldcup_2023_lat_lbn_109_70,worldcup_2023,2023,regression,Naive Margin (0.0 pts),39.0,0.0
Fold_16,worldcup_2023_lat_ltu_98_63,worldcup_2023,2023,regression,Naive Margin (0.0 pts),35.0,0.0
Fold_16,worldcup_2023_lbn_can_73_128,worldcup_2023,2023,regression,Naive Margin (0.0 pts),-55.0,0.0
Fold_16,worldcup_2023_lbn_fra_79_85,worldcup_2023,2023,regression,Naive Margin (0.0 pts),-6.0,0.0
Fold_16,worldcup_2023_ltu_gre_92_67,worldcup_2023,2023,regression,Naive Margin (0.0 pts),25.0,0.0
Fold_16,worldcup_2023_ltu_mex_96_66,worldcup_2023,2023,regression,Naive Margin (0.0 pts),30.0,0.0
Fold_16,worldcup_2023_ltu_slo_100_84,worldcup_2023,2023,regression,Naive Margin (0.0 pts),16.0,0.0
Fold_16,worldcup_2023_ltu_srb_68_87,worldcup_2023,2023,regression,Naive Margin (0.0 pts),-19.0,0.0
Fold_16,worldcup_2023_mex_mne_71_91,worldcup_2023,2023,regression,Naive Margin (0.0 pts),-20.0,0.0
Fold_16,worldcup_2023_mne_egy_89_74,worldcup_2023,2023,regression,Naive Margin (0.0 pts),15.0,0.0
Fold_16,worldcup_2023_mne_ltu_71_91,worldcup_2023,2023,regression,Naive Margin (0.0 pts),-20.0,0.0
Fold_16,worldcup_2023_nzl_egy_88_86,worldcup_2023,2023,regression,Naive Margin (0.0 pts),2.0,0.0
Fold_16,worldcup_2023_nzl_jor_95_87,worldcup_2023,2023,regression,Naive Margin (0.0 pts),8.0,0.0
Fold_16,worldcup_2023_nzl_mex_100_108,worldcup_2023,2023,regression,Naive Margin (0.0 pts),-8.0,0.0
Fold_16,worldcup_2023_phi_ang_70_80,worldcup_2023,2023,regression,Naive Margin (0.0 pts),-10.0,0.0
Fold_16,worldcup_2023_phi_chn_96_75,worldcup_2023,2023,regression,Naive Margin (0.0 pts),21.0,0.0
Fold_16,worldcup_2023_phi_ita_83_90,worldcup_2023,2023,regression,Naive Margin (0.0 pts),-7.0,0.0
Fold_16,worldcup_2023_pur_srb_77_94,worldcup_2023,2023,regression,Naive Margin (0.0 pts),-17.0,0.0
Fold_16,worldcup_2023_slo_aus_91_80,worldcup_2023,2023,regression,Naive Margin (0.0 pts),11.0,0.0
Fold_16,worldcup_2023_slo_cpv_92_77,worldcup_2023,2023,regression,Naive Margin (0.0 pts),15.0,0.0
Fold_16,worldcup_2023_slo_ven_100_85,worldcup_2023,2023,regression,Naive Margin (0.0 pts),15.0,0.0
Fold_16,worldcup_2023_srb_can_95_86,worldcup_2023,2023,regression,Naive Margin (0.0 pts),9.0,0.0
Fold_16,worldcup_2023_srb_chn_105_63,worldcup_2023,2023,regression,Naive Margin (0.0 pts),42.0,0.0
Fold_16,worldcup_2023_srb_ita_76_78,worldcup_2023,2023,regression,Naive Margin (0.0 pts),-2.0,0.0
Fold_16,worldcup_2023_ssd_phi_87_68,worldcup_2023,2023,regression,Naive Margin (0.0 pts),19.0,0.0
Fold_16,worldcup_2023_ssd_pur_96_101,worldcup_2023,2023,regression,Naive Margin (0.0 pts),-5.0,0.0
Fold_16,worldcup_2023_ssd_srb_83_115,worldcup_2023,2023,regression,Naive Margin (0.0 pts),-32.0,0.0
Fold_16,worldcup_2023_usa_can_118_127,worldcup_2023,2023,regression,Naive Margin (0.0 pts),-9.0,0.0
Fold_16,worldcup_2023_usa_ger_111_113,worldcup_2023,2023,regression,Naive Margin (0.0 pts),-2.0,0.0
Fold_16,worldcup_2023_usa_jor_110_62,worldcup_2023,2023,regression,Naive Margin (0.0 pts),48.0,0.0
Fold_16,worldcup_2023_usa_ltu_104_110,worldcup_2023,2023,regression,Naive Margin (0.0 pts),-6.0,0.0
Fold_16,worldcup_2023_usa_mne_85_73,worldcup_2023,2023,regression,Naive Margin (0.0 pts),12.0,0.0
Fold_16,worldcup_2023_usa_nzl_99_72,worldcup_2023,2023,regression,Naive Margin (0.0 pts),27.0,0.0
Fold_16,worldcup_2023_ven_cpv_75_81,worldcup_2023,2023,regression,Naive Margin (0.0 pts),-6.0,0.0
Fold_16,worldcup_2023_ang_chn_76_83,worldcup_2023,2023,regression,Ridge Regressor,-7.0,0.751
Fold_16,worldcup_2023_ang_dom_67_75,worldcup_2023,2023,regression,Ridge Regressor,-8.0,-0.439
Fold_16,worldcup_2023_ang_ita_67_81,worldcup_2023,2023,regression,Ridge Regressor,-14.0,-13.68
Fold_16,worldcup_2023_ang_ssd_78_101,worldcup_2023,2023,regression,Ridge Regressor,-23.0,-3.439
Fold_16,worldcup_2023_aus_geo_100_84,worldcup_2023,2023,regression,Ridge Regressor,16.0,8.001
Fold_16,worldcup_2023_aus_ger_82_85,worldcup_2023,2023,regression,Ridge Regressor,-3.0,1.08
Fold_16,worldcup_2023_aus_jpn_109_89,worldcup_2023,2023,regression,Ridge Regressor,20.0,20.488
Fold_16,worldcup_2023_bra_esp_78_96,worldcup_2023,2023,regression,Ridge Regressor,-18.0,-13.789
Fold_16,worldcup_2023_bra_lat_84_104,worldcup_2023,2023,regression,Ridge Regressor,-20.0,3.676
Fold_16,worldcup_2023_can_bra_65_69,worldcup_2023,2023,regression,Ridge Regressor,-4.0,-6.435
Fold_16,worldcup_2023_can_fra_95_65,worldcup_2023,2023,regression,Ridge Regressor,30.0,-14.442
Fold_16,worldcup_2023_can_lat_101_75,worldcup_2023,2023,regression,Ridge Regressor,26.0,-3.184
Fold_16,worldcup_2023_can_slo_100_89,worldcup_2023,2023,regression,Ridge Regressor,11.0,-10.809
Fold_16,worldcup_2023_chn_pur_89_107,worldcup_2023,2023,regression,Ridge Regressor,-18.0,-3.922
Fold_16,worldcup_2023_chn_ssd_69_89,worldcup_2023,2023,regression,Ridge Regressor,-20.0,-3.764
Fold_16,worldcup_2023_civ_bra_77_89,worldcup_2023,2023,regression,Ridge Regressor,-12.0,-16.113
Fold_16,worldcup_2023_civ_fra_77_87,worldcup_2023,2023,regression,Ridge Regressor,-10.0,-24.122
Fold_16,worldcup_2023_civ_iri_71_69,worldcup_2023,2023,regression,Ridge Regressor,2.0,-1.987
Fold_16,worldcup_2023_civ_lbn_84_94,worldcup_2023,2023,regression,Ridge Regressor,-10.0,1.407
Fold_16,worldcup_2023_cpv_fin_77_100,worldcup_2023,2023,regression,Ridge Regressor,-23.0,-4.376
Fold_16,worldcup_2023_cpv_geo_60_85,worldcup_2023,2023,regression,Ridge Regressor,-25.0,-2.506
Fold_16,worldcup_2023_dom_phi_87_81,worldcup_2023,2023,regression,Ridge Regressor,6.0,4.302
Fold_16,worldcup_2023_dom_pur_97_102,worldcup_2023,2023,regression,Ridge Regressor,-5.0,-2.73
Fold_16,worldcup_2023_dom_srb_79_112,worldcup_2023,2023,regression,Ridge Regressor,-33.0,-17.47
Fold_16,worldcup_2023_egy_jor_85_69,worldcup_2023,2023,regression,Ridge Regressor,16.0,-9.728
Fold_16,worldcup_2023_egy_ltu_67_93,worldcup_2023,2023,regression,Ridge Regressor,-26.0,-35.158
Fold_16,worldcup_2023_egy_mex_100_72,worldcup_2023,2023,regression,Ridge Regressor,28.0,-19.537
Fold_16,worldcup_2023_esp_can_85_88,worldcup_2023,2023,regression,Ridge Regressor,-3.0,21.501
Fold_16,worldcup_2023_esp_civ_94_64,worldcup_2023,2023,regression,Ridge Regressor,30.0,31.182
Fold_16,worldcup_2023_esp_lat_69_74,worldcup_2023,2023,regression,Ridge Regressor,-5.0,17.891
Fold_16,worldcup_2023_fin_aus_72_98,worldcup_2023,2023,regression,Ridge Regressor,-26.0,-5.281
Fold_16,worldcup_2023_fin_ven_90_75,worldcup_2023,2023,regression,Ridge Regressor,15.0,12.004
Fold_16,worldcup_2023_fra_iri_82_55,worldcup_2023,2023,regression,Ridge Regressor,27.0,22.561
Fold_16,worldcup_2023_fra_lat_86_88,worldcup_2023,2023,regression,Ridge Regressor,-2.0,11.683
Fold_16,worldcup_2023_geo_slo_67_88,worldcup_2023,2023,regression,Ridge Regressor,-21.0,-10.75
Fold_16,worldcup_2023_geo_ven_70_59,worldcup_2023,2023,regression,Ridge Regressor,11.0,10.135
Fold_16,worldcup_2023_ger_fin_101_75,worldcup_2023,2023,regression,Ridge Regressor,26.0,5.478
Fold_16,worldcup_2023_ger_geo_100_73,worldcup_2023,2023,regression,Ridge Regressor,27.0,7.347
Fold_16,worldcup_2023_ger_jpn_81_63,worldcup_2023,2023,regression,Ridge Regressor,18.0,19.835
Fold_16,worldcup_2023_ger_lat_81_79,worldcup_2023,2023,regression,Ridge Regressor,2.0,5.96
Fold_16,worldcup_2023_ger_slo_100_71,worldcup_2023,2023,regression,Ridge Regressor,29.0,-3.83
Fold_16,worldcup_2023_ger_srb_83_77,worldcup_2023,2023,regression,Ridge Regressor,6.0,-3.535
Fold_16,worldcup_2023_gre_mne_69_73,worldcup_2023,2023,regression,Ridge Regressor,-4.0,12.845
Fold_16,worldcup_2023_gre_nzl_83_74,worldcup_2023,2023,regression,Ridge Regressor,9.0,12.985
Fold_16,worldcup_2023_gre_usa_81_109,worldcup_2023,2023,regression,Ridge Regressor,-28.0,-7.625
Fold_16,worldcup_2023_iri_bra_59_100,worldcup_2023,2023,regression,Ridge Regressor,-41.0,-13.7
Fold_16,worldcup_2023_iri_esp_65_85,worldcup_2023,2023,regression,Ridge Regressor,-20.0,-27.915
Fold_16,worldcup_2023_iri_lbn_73_81,worldcup_2023,2023,regression,Ridge Regressor,-8.0,3.819
Fold_16,worldcup_2023_ita_dom_82_87,worldcup_2023,2023,regression,Ridge Regressor,-5.0,13.668
Fold_16,worldcup_2023_ita_lat_82_87,worldcup_2023,2023,regression,Ridge Regressor,-5.0,6.348
Fold_16,worldcup_2023_ita_pur_73_57,worldcup_2023,2023,regression,Ridge Regressor,16.0,10.51
Fold_16,worldcup_2023_ita_slo_85_89,worldcup_2023,2023,regression,Ridge Regressor,-4.0,-2.36
Fold_16,worldcup_2023_ita_usa_63_100,worldcup_2023,2023,regression,Ridge Regressor,-37.0,-11.294
Fold_16,worldcup_2023_jor_gre_71_92,worldcup_2023,2023,regression,Ridge Regressor,-21.0,-24.011
Fold_16,worldcup_2023_jor_mex_80_93,worldcup_2023,2023,regression,Ridge Regressor,-13.0,-9.383
Fold_16,worldcup_2023_jpn_cpv_80_71,worldcup_2023,2023,regression,Ridge Regressor,9.0,-9.13
Fold_16,worldcup_2023_jpn_fin_98_88,worldcup_2023,2023,regression,Ridge Regressor,10.0,-13.931
Fold_16,worldcup_2023_jpn_ven_86_77,worldcup_2023,2023,regression,Ridge Regressor,9.0,-2.353
Fold_16,worldcup_2023_lat_lbn_109_70,worldcup_2023,2023,regression,Ridge Regressor,39.0,14.697
Fold_16,worldcup_2023_lat_ltu_98_63,worldcup_2023,2023,regression,Ridge Regressor,35.0,-9.074
Fold_16,worldcup_2023_lbn_can_73_128,worldcup_2023,2023,regression,Ridge Regressor,-55.0,-10.235
Fold_16,worldcup_2023_lbn_fra_79_85,worldcup_2023,2023,regression,Ridge Regressor,-6.0,-25.103
Fold_16,worldcup_2023_ltu_gre_92_67,worldcup_2023,2023,regression,Ridge Regressor,25.0,1.416
Fold_16,worldcup_2023_ltu_mex_96_66,worldcup_2023,2023,regression,Ridge Regressor,30.0,16.046
Fold_16,worldcup_2023_ltu_slo_100_84,worldcup_2023,2023,regression,Ridge Regressor,16.0,3.383
Fold_16,worldcup_2023_ltu_srb_68_87,worldcup_2023,2023,regression,Ridge Regressor,-19.0,2.595
Fold_16,worldcup_2023_mex_mne_71_91,worldcup_2023,2023,regression,Ridge Regressor,-20.0,-1.784
Fold_16,worldcup_2023_mne_egy_89_74,worldcup_2023,2023,regression,Ridge Regressor,15.0,22.598
Fold_16,worldcup_2023_mne_ltu_71_91,worldcup_2023,2023,regression,Ridge Regressor,-20.0,-12.986
Fold_16,worldcup_2023_nzl_egy_88_86,worldcup_2023,2023,regression,Ridge Regressor,2.0,22.458
Fold_16,worldcup_2023_nzl_jor_95_87,worldcup_2023,2023,regression,Ridge Regressor,8.0,12.304
Fold_16,worldcup_2023_nzl_mex_100_108,worldcup_2023,2023,regression,Ridge Regressor,-8.0,2.494
Fold_16,worldcup_2023_phi_ang_70_80,worldcup_2023,2023,regression,Ridge Regressor,-10.0,-2.586
Fold_16,worldcup_2023_phi_chn_96_75,worldcup_2023,2023,regression,Ridge Regressor,21.0,-2.26
Fold_16,worldcup_2023_phi_ita_83_90,worldcup_2023,2023,regression,Ridge Regressor,-7.0,-16.692
Fold_16,worldcup_2023_pur_srb_77_94,worldcup_2023,2023,regression,Ridge Regressor,-17.0,-14.314
Fold_16,worldcup_2023_slo_aus_91_80,worldcup_2023,2023,regression,Ridge Regressor,11.0,4.026
Fold_16,worldcup_2023_slo_cpv_92_77,worldcup_2023,2023,regression,Ridge Regressor,15.0,14.534
Fold_16,worldcup_2023_slo_ven_100_85,worldcup_2023,2023,regression,Ridge Regressor,15.0,21.312
Fold_16,worldcup_2023_srb_can_95_86,worldcup_2023,2023,regression,Ridge Regressor,9.0,14.613
Fold_16,worldcup_2023_srb_chn_105_63,worldcup_2023,2023,regression,Ridge Regressor,42.0,19.513
Fold_16,worldcup_2023_srb_ita_76_78,worldcup_2023,2023,regression,Ridge Regressor,-2.0,5.081
Fold_16,worldcup_2023_ssd_phi_87_68,worldcup_2023,2023,regression,Ridge Regressor,19.0,7.302
Fold_16,worldcup_2023_ssd_pur_96_101,worldcup_2023,2023,regression,Ridge Regressor,-5.0,0.27
Fold_16,worldcup_2023_ssd_srb_83_115,worldcup_2023,2023,regression,Ridge Regressor,-32.0,-14.47
Fold_16,worldcup_2023_usa_can_118_127,worldcup_2023,2023,regression,Ridge Regressor,-9.0,22.759
Fold_16,worldcup_2023_usa_ger_111_113,worldcup_2023,2023,regression,Ridge Regressor,-2.0,14.698
Fold_16,worldcup_2023_usa_jor_110_62,worldcup_2023,2023,regression,Ridge Regressor,48.0,32.913
Fold_16,worldcup_2023_usa_ltu_104_110,worldcup_2023,2023,regression,Ridge Regressor,-6.0,7.485
Fold_16,worldcup_2023_usa_mne_85_73,worldcup_2023,2023,regression,Ridge Regressor,12.0,20.895
Fold_16,worldcup_2023_usa_nzl_99_72,worldcup_2023,2023,regression,Ridge Regressor,27.0,21.035
Fold_16,worldcup_2023_ven_cpv_75_81,worldcup_2023,2023,regression,Ridge Regressor,-6.0,-6.351
Fold_16,worldcup_2023_ang_chn_76_83,worldcup_2023,2023,regression,ElasticNet Regressor,-7.0,0.772
Fold_16,worldcup_2023_ang_dom_67_75,worldcup_2023,2023,regression,ElasticNet Regressor,-8.0,-0.08
Fold_16,worldcup_2023_ang_ita_67_81,worldcup_2023,2023,regression,ElasticNet Regressor,-14.0,-13.712
Fold_16,worldcup_2023_ang_ssd_78_101,worldcup_2023,2023,regression,ElasticNet Regressor,-23.0,-5.148
Fold_16,worldcup_2023_aus_geo_100_84,worldcup_2023,2023,regression,ElasticNet Regressor,16.0,8.355
Fold_16,worldcup_2023_aus_ger_82_85,worldcup_2023,2023,regression,ElasticNet Regressor,-3.0,0.972
Fold_16,worldcup_2023_aus_jpn_109_89,worldcup_2023,2023,regression,ElasticNet Regressor,20.0,20.783
Fold_16,worldcup_2023_bra_esp_78_96,worldcup_2023,2023,regression,ElasticNet Regressor,-18.0,-14.382
Fold_16,worldcup_2023_bra_lat_84_104,worldcup_2023,2023,regression,ElasticNet Regressor,-20.0,3.713
Fold_16,worldcup_2023_can_bra_65_69,worldcup_2023,2023,regression,ElasticNet Regressor,-4.0,-6.349
Fold_16,worldcup_2023_can_fra_95_65,worldcup_2023,2023,regression,ElasticNet Regressor,30.0,-15.253
Fold_16,worldcup_2023_can_lat_101_75,worldcup_2023,2023,regression,ElasticNet Regressor,26.0,-3.25
Fold_16,worldcup_2023_can_slo_100_89,worldcup_2023,2023,regression,ElasticNet Regressor,11.0,-12.005
Fold_16,worldcup_2023_chn_pur_89_107,worldcup_2023,2023,regression,ElasticNet Regressor,-18.0,-3.313
Fold_16,worldcup_2023_chn_ssd_69_89,worldcup_2023,2023,regression,ElasticNet Regressor,-20.0,-5.306
Fold_16,worldcup_2023_civ_bra_77_89,worldcup_2023,2023,regression,ElasticNet Regressor,-12.0,-16.008
Fold_16,worldcup_2023_civ_fra_77_87,worldcup_2023,2023,regression,ElasticNet Regressor,-10.0,-24.913
Fold_16,worldcup_2023_civ_iri_71_69,worldcup_2023,2023,regression,ElasticNet Regressor,2.0,-1.881
Fold_16,worldcup_2023_civ_lbn_84_94,worldcup_2023,2023,regression,ElasticNet Regressor,-10.0,1.649
Fold_16,worldcup_2023_cpv_fin_77_100,worldcup_2023,2023,regression,ElasticNet Regressor,-23.0,-2.327
Fold_16,worldcup_2023_cpv_geo_60_85,worldcup_2023,2023,regression,ElasticNet Regressor,-25.0,-0.353
Fold_16,worldcup_2023_dom_phi_87_81,worldcup_2023,2023,regression,ElasticNet Regressor,6.0,4.261
Fold_16,worldcup_2023_dom_pur_97_102,worldcup_2023,2023,regression,ElasticNet Regressor,-5.0,-2.461
Fold_16,worldcup_2023_dom_srb_79_112,worldcup_2023,2023,regression,ElasticNet Regressor,-33.0,-17.85
Fold_16,worldcup_2023_egy_jor_85_69,worldcup_2023,2023,regression,ElasticNet Regressor,16.0,-9.319
Fold_16,worldcup_2023_egy_ltu_67_93,worldcup_2023,2023,regression,ElasticNet Regressor,-26.0,-35.631
Fold_16,worldcup_2023_egy_mex_100_72,worldcup_2023,2023,regression,ElasticNet Regressor,28.0,-19.211
Fold_16,worldcup_2023_esp_can_85_88,worldcup_2023,2023,regression,ElasticNet Regressor,-3.0,22.573
Fold_16,worldcup_2023_esp_civ_94_64,worldcup_2023,2023,regression,ElasticNet Regressor,30.0,32.232
Fold_16,worldcup_2023_esp_lat_69_74,worldcup_2023,2023,regression,ElasticNet Regressor,-5.0,18.709
Fold_16,worldcup_2023_fin_aus_72_98,worldcup_2023,2023,regression,ElasticNet Regressor,-26.0,-5.153
Fold_16,worldcup_2023_fin_ven_90_75,worldcup_2023,2023,regression,ElasticNet Regressor,15.0,12.09
Fold_16,worldcup_2023_fra_iri_82_55,worldcup_2023,2023,regression,ElasticNet Regressor,27.0,23.645
Fold_16,worldcup_2023_fra_lat_86_88,worldcup_2023,2023,regression,ElasticNet Regressor,-2.0,12.618
Fold_16,worldcup_2023_geo_slo_67_88,worldcup_2023,2023,regression,ElasticNet Regressor,-21.0,-11.126
Fold_16,worldcup_2023_geo_ven_70_59,worldcup_2023,2023,regression,ElasticNet Regressor,11.0,10.117
Fold_16,worldcup_2023_ger_fin_101_75,worldcup_2023,2023,regression,ElasticNet Regressor,26.0,6.023
Fold_16,worldcup_2023_ger_geo_100_73,worldcup_2023,2023,regression,ElasticNet Regressor,27.0,7.997
Fold_16,worldcup_2023_ger_jpn_81_63,worldcup_2023,2023,regression,ElasticNet Regressor,18.0,20.425
Fold_16,worldcup_2023_ger_lat_81_79,worldcup_2023,2023,regression,ElasticNet Regressor,2.0,5.828
Fold_16,worldcup_2023_ger_slo_100_71,worldcup_2023,2023,regression,ElasticNet Regressor,29.0,-3.743
Fold_16,worldcup_2023_ger_srb_83_77,worldcup_2023,2023,regression,ElasticNet Regressor,6.0,-4.024
Fold_16,worldcup_2023_gre_mne_69_73,worldcup_2023,2023,regression,ElasticNet Regressor,-4.0,13.523
Fold_16,worldcup_2023_gre_nzl_83_74,worldcup_2023,2023,regression,ElasticNet Regressor,9.0,13.85
Fold_16,worldcup_2023_gre_usa_81_109,worldcup_2023,2023,regression,ElasticNet Regressor,-28.0,-6.797
Fold_16,worldcup_2023_iri_bra_59_100,worldcup_2023,2023,regression,ElasticNet Regressor,-41.0,-13.512
Fold_16,worldcup_2023_iri_esp_65_85,worldcup_2023,2023,regression,ElasticNet Regressor,-20.0,-28.508
Fold_16,worldcup_2023_iri_lbn_73_81,worldcup_2023,2023,regression,ElasticNet Regressor,-8.0,4.144
Fold_16,worldcup_2023_ita_dom_82_87,worldcup_2023,2023,regression,ElasticNet Regressor,-5.0,14.246
Fold_16,worldcup_2023_ita_lat_82_87,worldcup_2023,2023,regression,ElasticNet Regressor,-5.0,6.041
Fold_16,worldcup_2023_ita_pur_73_57,worldcup_2023,2023,regression,ElasticNet Regressor,16.0,11.171
Fold_16,worldcup_2023_ita_slo_85_89,worldcup_2023,2023,regression,ElasticNet Regressor,-4.0,-3.121
Fold_16,worldcup_2023_ita_usa_63_100,worldcup_2023,2023,regression,ElasticNet Regressor,-37.0,-11.466
Fold_16,worldcup_2023_jor_gre_71_92,worldcup_2023,2023,regression,ElasticNet Regressor,-21.0,-24.549
Fold_16,worldcup_2023_jor_mex_80_93,worldcup_2023,2023,regression,ElasticNet Regressor,-13.0,-9.278
Fold_16,worldcup_2023_jpn_cpv_80_71,worldcup_2023,2023,regression,ElasticNet Regressor,9.0,-10.846
Fold_16,worldcup_2023_jpn_fin_98_88,worldcup_2023,2023,regression,ElasticNet Regressor,10.0,-13.787
Fold_16,worldcup_2023_jpn_ven_86_77,worldcup_2023,2023,regression,ElasticNet Regressor,9.0,-2.311
Fold_16,worldcup_2023_lat_lbn_109_70,worldcup_2023,2023,regression,ElasticNet Regressor,39.0,15.172
Fold_16,worldcup_2023_lat_ltu_98_63,worldcup_2023,2023,regression,ElasticNet Regressor,35.0,-10.222
Fold_16,worldcup_2023_lbn_can_73_128,worldcup_2023,2023,regression,ElasticNet Regressor,-55.0,-10.079
Fold_16,worldcup_2023_lbn_fra_79_85,worldcup_2023,2023,regression,ElasticNet Regressor,-6.0,-25.947
Fold_16,worldcup_2023_ltu_gre_92_67,worldcup_2023,2023,regression,ElasticNet Regressor,25.0,1.762
Fold_16,worldcup_2023_ltu_mex_96_66,worldcup_2023,2023,regression,ElasticNet Regressor,30.0,17.034
Fold_16,worldcup_2023_ltu_slo_100_84,worldcup_2023,2023,regression,ElasticNet Regressor,16.0,3.103
Fold_16,worldcup_2023_ltu_srb_68_87,worldcup_2023,2023,regression,ElasticNet Regressor,-19.0,2.414
Fold_16,worldcup_2023_mex_mne_71_91,worldcup_2023,2023,regression,ElasticNet Regressor,-20.0,-1.749
Fold_16,worldcup_2023_mne_egy_89_74,worldcup_2023,2023,regression,ElasticNet Regressor,15.0,22.802
Fold_16,worldcup_2023_mne_ltu_71_91,worldcup_2023,2023,regression,ElasticNet Regressor,-20.0,-13.443
Fold_16,worldcup_2023_nzl_egy_88_86,worldcup_2023,2023,regression,ElasticNet Regressor,2.0,22.474
Fold_16,worldcup_2023_nzl_jor_95_87,worldcup_2023,2023,regression,ElasticNet Regressor,8.0,12.541
Fold_16,worldcup_2023_nzl_mex_100_108,worldcup_2023,2023,regression,ElasticNet Regressor,-8.0,2.649
Fold_16,worldcup_2023_phi_ang_70_80,worldcup_2023,2023,regression,ElasticNet Regressor,-10.0,-2.339
Fold_16,worldcup_2023_phi_chn_96_75,worldcup_2023,2023,regression,ElasticNet Regressor,21.0,-2.181
Fold_16,worldcup_2023_phi_ita_83_90,worldcup_2023,2023,regression,ElasticNet Regressor,-7.0,-16.666
Fold_16,worldcup_2023_pur_srb_77_94,worldcup_2023,2023,regression,ElasticNet Regressor,-17.0,-14.775
Fold_16,worldcup_2023_slo_aus_91_80,worldcup_2023,2023,regression,ElasticNet Regressor,11.0,4.613
Fold_16,worldcup_2023_slo_cpv_92_77,worldcup_2023,2023,regression,ElasticNet Regressor,15.0,13.322
Fold_16,worldcup_2023_slo_ven_100_85,worldcup_2023,2023,regression,ElasticNet Regressor,15.0,21.857
Fold_16,worldcup_2023_srb_can_95_86,worldcup_2023,2023,regression,ElasticNet Regressor,9.0,14.737
Fold_16,worldcup_2023_srb_chn_105_63,worldcup_2023,2023,regression,ElasticNet Regressor,42.0,19.93
Fold_16,worldcup_2023_srb_ita_76_78,worldcup_2023,2023,regression,ElasticNet Regressor,-2.0,5.446
Fold_16,worldcup_2023_ssd_phi_87_68,worldcup_2023,2023,regression,ElasticNet Regressor,19.0,9.33
Fold_16,worldcup_2023_ssd_pur_96_101,worldcup_2023,2023,regression,ElasticNet Regressor,-5.0,2.607
Fold_16,worldcup_2023_ssd_srb_83_115,worldcup_2023,2023,regression,ElasticNet Regressor,-32.0,-12.782
Fold_16,worldcup_2023_usa_can_118_127,worldcup_2023,2023,regression,ElasticNet Regressor,-9.0,22.393
Fold_16,worldcup_2023_usa_ger_111_113,worldcup_2023,2023,regression,ElasticNet Regressor,-2.0,13.723
Fold_16,worldcup_2023_usa_jor_110_62,worldcup_2023,2023,regression,ElasticNet Regressor,48.0,33.189
Fold_16,worldcup_2023_usa_ltu_104_110,worldcup_2023,2023,regression,ElasticNet Regressor,-6.0,6.877
Fold_16,worldcup_2023_usa_mne_85_73,worldcup_2023,2023,regression,ElasticNet Regressor,12.0,20.934
Fold_16,worldcup_2023_usa_nzl_99_72,worldcup_2023,2023,regression,ElasticNet Regressor,27.0,21.262
Fold_16,worldcup_2023_ven_cpv_75_81,worldcup_2023,2023,regression,ElasticNet Regressor,-6.0,-7.921
Fold_16,worldcup_2023_ang_chn_76_83,worldcup_2023,2023,regression,LightGBM Regressor,-7.0,0.966
Fold_16,worldcup_2023_ang_dom_67_75,worldcup_2023,2023,regression,LightGBM Regressor,-8.0,-2.179
Fold_16,worldcup_2023_ang_ita_67_81,worldcup_2023,2023,regression,LightGBM Regressor,-14.0,-15.067
Fold_16,worldcup_2023_ang_ssd_78_101,worldcup_2023,2023,regression,LightGBM Regressor,-23.0,6.017
Fold_16,worldcup_2023_aus_geo_100_84,worldcup_2023,2023,regression,LightGBM Regressor,16.0,4.99
Fold_16,worldcup_2023_aus_ger_82_85,worldcup_2023,2023,regression,LightGBM Regressor,-3.0,3.557
Fold_16,worldcup_2023_aus_jpn_109_89,worldcup_2023,2023,regression,LightGBM Regressor,20.0,27.757
Fold_16,worldcup_2023_bra_esp_78_96,worldcup_2023,2023,regression,LightGBM Regressor,-18.0,-13.442
Fold_16,worldcup_2023_bra_lat_84_104,worldcup_2023,2023,regression,LightGBM Regressor,-20.0,4.943
Fold_16,worldcup_2023_can_bra_65_69,worldcup_2023,2023,regression,LightGBM Regressor,-4.0,-4.712
Fold_16,worldcup_2023_can_fra_95_65,worldcup_2023,2023,regression,LightGBM Regressor,30.0,-13.542
Fold_16,worldcup_2023_can_lat_101_75,worldcup_2023,2023,regression,LightGBM Regressor,26.0,-2.259
Fold_16,worldcup_2023_can_slo_100_89,worldcup_2023,2023,regression,LightGBM Regressor,11.0,-13.542
Fold_16,worldcup_2023_chn_pur_89_107,worldcup_2023,2023,regression,LightGBM Regressor,-18.0,-1.919
Fold_16,worldcup_2023_chn_ssd_69_89,worldcup_2023,2023,regression,LightGBM Regressor,-20.0,6.054
Fold_16,worldcup_2023_civ_bra_77_89,worldcup_2023,2023,regression,LightGBM Regressor,-12.0,-15.633
Fold_16,worldcup_2023_civ_fra_77_87,worldcup_2023,2023,regression,LightGBM Regressor,-10.0,-20.176
Fold_16,worldcup_2023_civ_iri_71_69,worldcup_2023,2023,regression,LightGBM Regressor,2.0,-0.882
Fold_16,worldcup_2023_civ_lbn_84_94,worldcup_2023,2023,regression,LightGBM Regressor,-10.0,4.02
Fold_16,worldcup_2023_cpv_fin_77_100,worldcup_2023,2023,regression,LightGBM Regressor,-23.0,-10.083
Fold_16,worldcup_2023_cpv_geo_60_85,worldcup_2023,2023,regression,LightGBM Regressor,-25.0,-8.255
Fold_16,worldcup_2023_dom_phi_87_81,worldcup_2023,2023,regression,LightGBM Regressor,6.0,8.569
Fold_16,worldcup_2023_dom_pur_97_102,worldcup_2023,2023,regression,LightGBM Regressor,-5.0,-0.254
Fold_16,worldcup_2023_dom_srb_79_112,worldcup_2023,2023,regression,LightGBM Regressor,-33.0,-15.782
Fold_16,worldcup_2023_egy_jor_85_69,worldcup_2023,2023,regression,LightGBM Regressor,16.0,-11.092
Fold_16,worldcup_2023_egy_ltu_67_93,worldcup_2023,2023,regression,LightGBM Regressor,-26.0,-26.61
Fold_16,worldcup_2023_egy_mex_100_72,worldcup_2023,2023,regression,LightGBM Regressor,28.0,-13.569
Fold_16,worldcup_2023_esp_can_85_88,worldcup_2023,2023,regression,LightGBM Regressor,-3.0,14.5
Fold_16,worldcup_2023_esp_civ_94_64,worldcup_2023,2023,regression,LightGBM Regressor,30.0,29.175
Fold_16,worldcup_2023_esp_lat_69_74,worldcup_2023,2023,regression,LightGBM Regressor,-5.0,14.308
Fold_16,worldcup_2023_fin_aus_72_98,worldcup_2023,2023,regression,LightGBM Regressor,-26.0,-4.445
Fold_16,worldcup_2023_fin_ven_90_75,worldcup_2023,2023,regression,LightGBM Regressor,15.0,7.583
Fold_16,worldcup_2023_fra_iri_82_55,worldcup_2023,2023,regression,LightGBM Regressor,27.0,14.842
Fold_16,worldcup_2023_fra_lat_86_88,worldcup_2023,2023,regression,LightGBM Regressor,-2.0,8.932
Fold_16,worldcup_2023_geo_slo_67_88,worldcup_2023,2023,regression,LightGBM Regressor,-21.0,-10.372
Fold_16,worldcup_2023_geo_ven_70_59,worldcup_2023,2023,regression,LightGBM Regressor,11.0,8.692
Fold_16,worldcup_2023_ger_fin_101_75,worldcup_2023,2023,regression,LightGBM Regressor,26.0,1.709
Fold_16,worldcup_2023_ger_geo_100_73,worldcup_2023,2023,regression,LightGBM Regressor,27.0,3.161
Fold_16,worldcup_2023_ger_jpn_81_63,worldcup_2023,2023,regression,LightGBM Regressor,18.0,13.71
Fold_16,worldcup_2023_ger_lat_81_79,worldcup_2023,2023,regression,LightGBM Regressor,2.0,1.282
Fold_16,worldcup_2023_ger_slo_100_71,worldcup_2023,2023,regression,LightGBM Regressor,29.0,-3.956
Fold_16,worldcup_2023_ger_srb_83_77,worldcup_2023,2023,regression,LightGBM Regressor,6.0,-2.1
Fold_16,worldcup_2023_gre_mne_69_73,worldcup_2023,2023,regression,LightGBM Regressor,-4.0,10.865
Fold_16,worldcup_2023_gre_nzl_83_74,worldcup_2023,2023,regression,LightGBM Regressor,9.0,11.826
Fold_16,worldcup_2023_gre_usa_81_109,worldcup_2023,2023,regression,LightGBM Regressor,-28.0,-7.996
Fold_16,worldcup_2023_iri_bra_59_100,worldcup_2023,2023,regression,LightGBM Regressor,-41.0,-17.045
Fold_16,worldcup_2023_iri_esp_65_85,worldcup_2023,2023,regression,LightGBM Regressor,-20.0,-21.47
Fold_16,worldcup_2023_iri_lbn_73_81,worldcup_2023,2023,regression,LightGBM Regressor,-8.0,3.369
Fold_16,worldcup_2023_ita_dom_82_87,worldcup_2023,2023,regression,LightGBM Regressor,-5.0,7.743
Fold_16,worldcup_2023_ita_lat_82_87,worldcup_2023,2023,regression,LightGBM Regressor,-5.0,2.614
Fold_16,worldcup_2023_ita_pur_73_57,worldcup_2023,2023,regression,LightGBM Regressor,16.0,4.335
Fold_16,worldcup_2023_ita_slo_85_89,worldcup_2023,2023,regression,LightGBM Regressor,-4.0,-2.233
Fold_16,worldcup_2023_ita_usa_63_100,worldcup_2023,2023,regression,LightGBM Regressor,-37.0,-11.88
Fold_16,worldcup_2023_jor_gre_71_92,worldcup_2023,2023,regression,LightGBM Regressor,-21.0,-21.203
Fold_16,worldcup_2023_jor_mex_80_93,worldcup_2023,2023,regression,LightGBM Regressor,-13.0,-7.435
Fold_16,worldcup_2023_jpn_cpv_80_71,worldcup_2023,2023,regression,LightGBM Regressor,9.0,5.934
Fold_16,worldcup_2023_jpn_fin_98_88,worldcup_2023,2023,regression,LightGBM Regressor,10.0,-13.863
Fold_16,worldcup_2023_jpn_ven_86_77,worldcup_2023,2023,regression,LightGBM Regressor,9.0,-1.238
Fold_16,worldcup_2023_lat_lbn_109_70,worldcup_2023,2023,regression,LightGBM Regressor,39.0,9.199
Fold_16,worldcup_2023_lat_ltu_98_63,worldcup_2023,2023,regression,LightGBM Regressor,35.0,-13.442
Fold_16,worldcup_2023_lbn_can_73_128,worldcup_2023,2023,regression,LightGBM Regressor,-55.0,-11.496
Fold_16,worldcup_2023_lbn_fra_79_85,worldcup_2023,2023,regression,LightGBM Regressor,-6.0,-22.208
Fold_16,worldcup_2023_ltu_gre_92_67,worldcup_2023,2023,regression,LightGBM Regressor,25.0,-0.128
Fold_16,worldcup_2023_ltu_mex_96_66,worldcup_2023,2023,regression,LightGBM Regressor,30.0,13.273
Fold_16,worldcup_2023_ltu_slo_100_84,worldcup_2023,2023,regression,LightGBM Regressor,16.0,0.954
Fold_16,worldcup_2023_ltu_srb_68_87,worldcup_2023,2023,regression,LightGBM Regressor,-19.0,0.795
Fold_16,worldcup_2023_mex_mne_71_91,worldcup_2023,2023,regression,LightGBM Regressor,-20.0,-0.128
Fold_16,worldcup_2023_mne_egy_89_74,worldcup_2023,2023,regression,LightGBM Regressor,15.0,25.889
Fold_16,worldcup_2023_mne_ltu_71_91,worldcup_2023,2023,regression,LightGBM Regressor,-20.0,-13.442
Fold_16,worldcup_2023_nzl_egy_88_86,worldcup_2023,2023,regression,LightGBM Regressor,2.0,28.908
Fold_16,worldcup_2023_nzl_jor_95_87,worldcup_2023,2023,regression,LightGBM Regressor,8.0,10.779
Fold_16,worldcup_2023_nzl_mex_100_108,worldcup_2023,2023,regression,LightGBM Regressor,-8.0,2.575
Fold_16,worldcup_2023_phi_ang_70_80,worldcup_2023,2023,regression,LightGBM Regressor,-10.0,-4.493
Fold_16,worldcup_2023_phi_chn_96_75,worldcup_2023,2023,regression,LightGBM Regressor,21.0,-3.918
Fold_16,worldcup_2023_phi_ita_83_90,worldcup_2023,2023,regression,LightGBM Regressor,-7.0,-17.154
Fold_16,worldcup_2023_pur_srb_77_94,worldcup_2023,2023,regression,LightGBM Regressor,-17.0,-19.25
Fold_16,worldcup_2023_slo_aus_91_80,worldcup_2023,2023,regression,LightGBM Regressor,11.0,0.564
Fold_16,worldcup_2023_slo_cpv_92_77,worldcup_2023,2023,regression,LightGBM Regressor,15.0,16.1
Fold_16,worldcup_2023_slo_ven_100_85,worldcup_2023,2023,regression,LightGBM Regressor,15.0,18.01
Fold_16,worldcup_2023_srb_can_95_86,worldcup_2023,2023,regression,LightGBM Regressor,9.0,13.273
Fold_16,worldcup_2023_srb_chn_105_63,worldcup_2023,2023,regression,LightGBM Regressor,42.0,15.136
Fold_16,worldcup_2023_srb_ita_76_78,worldcup_2023,2023,regression,LightGBM Regressor,-2.0,2.686
Fold_16,worldcup_2023_ssd_phi_87_68,worldcup_2023,2023,regression,LightGBM Regressor,19.0,-7.342
Fold_16,worldcup_2023_ssd_pur_96_101,worldcup_2023,2023,regression,LightGBM Regressor,-5.0,-9.143
Fold_16,worldcup_2023_ssd_srb_83_115,worldcup_2023,2023,regression,LightGBM Regressor,-32.0,-23.83
Fold_16,worldcup_2023_usa_can_118_127,worldcup_2023,2023,regression,LightGBM Regressor,-9.0,17.419
Fold_16,worldcup_2023_usa_ger_111_113,worldcup_2023,2023,regression,LightGBM Regressor,-2.0,15.153
Fold_16,worldcup_2023_usa_jor_110_62,worldcup_2023,2023,regression,LightGBM Regressor,48.0,31.198
Fold_16,worldcup_2023_usa_ltu_104_110,worldcup_2023,2023,regression,LightGBM Regressor,-6.0,13.822
Fold_16,worldcup_2023_usa_mne_85_73,worldcup_2023,2023,regression,LightGBM Regressor,12.0,29.705
Fold_16,worldcup_2023_usa_nzl_99_72,worldcup_2023,2023,regression,LightGBM Regressor,27.0,27.913
Fold_16,worldcup_2023_ven_cpv_75_81,worldcup_2023,2023,regression,LightGBM Regressor,-6.0,5.934
Fold_17,olympics_2024_aus_esp_92_80,olympics_2024,2024,classification,Naive Baseline (50%),1.0,0.5
Fold_17,olympics_2024_aus_gre_71_77,olympics_2024,2024,classification,Naive Baseline (50%),0.0,0.5
Fold_17,olympics_2024_bra_ger_73_86,olympics_2024,2024,classification,Naive Baseline (50%),0.0,0.5
Fold_17,olympics_2024_bra_usa_87_122,olympics_2024,2024,classification,Naive Baseline (50%),0.0,0.5
Fold_17,olympics_2024_can_aus_93_83,olympics_2024,2024,classification,Naive Baseline (50%),1.0,0.5
Fold_17,olympics_2024_can_esp_88_85,olympics_2024,2024,classification,Naive Baseline (50%),1.0,0.5
Fold_17,olympics_2024_esp_gre_84_77,olympics_2024,2024,classification,Naive Baseline (50%),1.0,0.5
Fold_17,olympics_2024_fra_bra_78_66,olympics_2024,2024,classification,Naive Baseline (50%),1.0,0.5
Fold_17,olympics_2024_fra_can_82_73,olympics_2024,2024,classification,Naive Baseline (50%),1.0,0.5
Fold_17,olympics_2024_fra_ger_71_85,olympics_2024,2024,classification,Naive Baseline (50%),0.0,0.5
Fold_17,olympics_2024_fra_ger_73_69,olympics_2024,2024,classification,Naive Baseline (50%),1.0,0.5
Fold_17,olympics_2024_fra_usa_87_98,olympics_2024,2024,classification,Naive Baseline (50%),0.0,0.5
Fold_17,olympics_2024_ger_gre_76_63,olympics_2024,2024,classification,Naive Baseline (50%),1.0,0.5
Fold_17,olympics_2024_ger_jpn_97_77,olympics_2024,2024,classification,Naive Baseline (50%),1.0,0.5
Fold_17,olympics_2024_ger_srb_83_93,olympics_2024,2024,classification,Naive Baseline (50%),0.0,0.5
Fold_17,olympics_2024_gre_can_79_86,olympics_2024,2024,classification,Naive Baseline (50%),0.0,0.5
Fold_17,olympics_2024_jpn_bra_84_102,olympics_2024,2024,classification,Naive Baseline (50%),0.0,0.5
Fold_17,olympics_2024_jpn_fra_90_94,olympics_2024,2024,classification,Naive Baseline (50%),0.0,0.5
Fold_17,olympics_2024_pur_srb_66_107,olympics_2024,2024,classification,Naive Baseline (50%),0.0,0.5
Fold_17,olympics_2024_pur_usa_83_104,olympics_2024,2024,classification,Naive Baseline (50%),0.0,0.5
Fold_17,olympics_2024_srb_aus_95_90,olympics_2024,2024,classification,Naive Baseline (50%),1.0,0.5
Fold_17,olympics_2024_srb_ssd_96_85,olympics_2024,2024,classification,Naive Baseline (50%),1.0,0.5
Fold_17,olympics_2024_srb_usa_84_110,olympics_2024,2024,classification,Naive Baseline (50%),0.0,0.5
Fold_17,olympics_2024_ssd_pur_90_79,olympics_2024,2024,classification,Naive Baseline (50%),1.0,0.5
Fold_17,olympics_2024_usa_srb_95_91,olympics_2024,2024,classification,Naive Baseline (50%),1.0,0.5
Fold_17,olympics_2024_usa_ssd_103_86,olympics_2024,2024,classification,Naive Baseline (50%),1.0,0.5
Fold_17,olympics_2024_aus_esp_92_80,olympics_2024,2024,classification,Logistic Regression L2,1.0,0.1546
Fold_17,olympics_2024_aus_gre_71_77,olympics_2024,2024,classification,Logistic Regression L2,0.0,0.3318
Fold_17,olympics_2024_bra_ger_73_86,olympics_2024,2024,classification,Logistic Regression L2,0.0,0.3597
Fold_17,olympics_2024_bra_usa_87_122,olympics_2024,2024,classification,Logistic Regression L2,0.0,0.1678
Fold_17,olympics_2024_can_aus_93_83,olympics_2024,2024,classification,Logistic Regression L2,1.0,0.3382
Fold_17,olympics_2024_can_esp_88_85,olympics_2024,2024,classification,Logistic Regression L2,1.0,0.088
Fold_17,olympics_2024_esp_gre_84_77,olympics_2024,2024,classification,Logistic Regression L2,1.0,0.7246
Fold_17,olympics_2024_fra_bra_78_66,olympics_2024,2024,classification,Logistic Regression L2,1.0,0.782
Fold_17,olympics_2024_fra_can_82_73,olympics_2024,2024,classification,Logistic Regression L2,1.0,0.8329
Fold_17,olympics_2024_fra_ger_71_85,olympics_2024,2024,classification,Logistic Regression L2,0.0,0.6754
Fold_17,olympics_2024_fra_ger_73_69,olympics_2024,2024,classification,Logistic Regression L2,1.0,0.6754
Fold_17,olympics_2024_fra_usa_87_98,olympics_2024,2024,classification,Logistic Regression L2,0.0,0.4275
Fold_17,olympics_2024_ger_gre_76_63,olympics_2024,2024,classification,Logistic Regression L2,1.0,0.3857
Fold_17,olympics_2024_ger_jpn_97_77,olympics_2024,2024,classification,Logistic Regression L2,1.0,0.8874
Fold_17,olympics_2024_ger_srb_83_93,olympics_2024,2024,classification,Logistic Regression L2,0.0,0.3687
Fold_17,olympics_2024_gre_can_79_86,olympics_2024,2024,classification,Logistic Regression L2,0.0,0.7817
Fold_17,olympics_2024_jpn_bra_84_102,olympics_2024,2024,classification,Logistic Regression L2,0.0,0.1703
Fold_17,olympics_2024_jpn_fra_90_94,olympics_2024,2024,classification,Logistic Regression L2,0.0,0.0525
Fold_17,olympics_2024_pur_srb_66_107,olympics_2024,2024,classification,Logistic Regression L2,0.0,0.125
Fold_17,olympics_2024_pur_usa_83_104,olympics_2024,2024,classification,Logistic Regression L2,0.0,0.0784
Fold_17,olympics_2024_srb_aus_95_90,olympics_2024,2024,classification,Logistic Regression L2,1.0,0.67
Fold_17,olympics_2024_srb_ssd_96_85,olympics_2024,2024,classification,Logistic Regression L2,1.0,0.8037
Fold_17,olympics_2024_srb_usa_84_110,olympics_2024,2024,classification,Logistic Regression L2,0.0,0.3656
Fold_17,olympics_2024_ssd_pur_90_79,olympics_2024,2024,classification,Logistic Regression L2,1.0,0.6083
Fold_17,olympics_2024_usa_srb_95_91,olympics_2024,2024,classification,Logistic Regression L2,1.0,0.6194
Fold_17,olympics_2024_usa_ssd_103_86,olympics_2024,2024,classification,Logistic Regression L2,1.0,0.8731
Fold_17,olympics_2024_aus_esp_92_80,olympics_2024,2024,classification,ElasticNet Classifier,1.0,0.1573
Fold_17,olympics_2024_aus_gre_71_77,olympics_2024,2024,classification,ElasticNet Classifier,0.0,0.3378
Fold_17,olympics_2024_bra_ger_73_86,olympics_2024,2024,classification,ElasticNet Classifier,0.0,0.3655
Fold_17,olympics_2024_bra_usa_87_122,olympics_2024,2024,classification,ElasticNet Classifier,0.0,0.1746
Fold_17,olympics_2024_can_aus_93_83,olympics_2024,2024,classification,ElasticNet Classifier,1.0,0.3454
Fold_17,olympics_2024_can_esp_88_85,olympics_2024,2024,classification,ElasticNet Classifier,1.0,0.0883
Fold_17,olympics_2024_esp_gre_84_77,olympics_2024,2024,classification,ElasticNet Classifier,1.0,0.7356
Fold_17,olympics_2024_fra_bra_78_66,olympics_2024,2024,classification,ElasticNet Classifier,1.0,0.7972
Fold_17,olympics_2024_fra_can_82_73,olympics_2024,2024,classification,ElasticNet Classifier,1.0,0.8464
Fold_17,olympics_2024_fra_ger_71_85,olympics_2024,2024,classification,ElasticNet Classifier,0.0,0.6899
Fold_17,olympics_2024_fra_ger_73_69,olympics_2024,2024,classification,ElasticNet Classifier,1.0,0.6899
Fold_17,olympics_2024_fra_usa_87_98,olympics_2024,2024,classification,ElasticNet Classifier,0.0,0.4497
Fold_17,olympics_2024_ger_gre_76_63,olympics_2024,2024,classification,ElasticNet Classifier,1.0,0.3959
Fold_17,olympics_2024_ger_jpn_97_77,olympics_2024,2024,classification,ElasticNet Classifier,1.0,0.8944
Fold_17,olympics_2024_ger_srb_83_93,olympics_2024,2024,classification,ElasticNet Classifier,0.0,0.38
Fold_17,olympics_2024_gre_can_79_86,olympics_2024,2024,classification,ElasticNet Classifier,0.0,0.7964
Fold_17,olympics_2024_jpn_bra_84_102,olympics_2024,2024,classification,ElasticNet Classifier,0.0,0.1776
Fold_17,olympics_2024_jpn_fra_90_94,olympics_2024,2024,classification,ElasticNet Classifier,0.0,0.053
Fold_17,olympics_2024_pur_srb_66_107,olympics_2024,2024,classification,ElasticNet Classifier,0.0,0.1272
Fold_17,olympics_2024_pur_usa_83_104,olympics_2024,2024,classification,ElasticNet Classifier,0.0,0.0816
Fold_17,olympics_2024_srb_aus_95_90,olympics_2024,2024,classification,ElasticNet Classifier,1.0,0.6845
Fold_17,olympics_2024_srb_ssd_96_85,olympics_2024,2024,classification,ElasticNet Classifier,1.0,0.8186
Fold_17,olympics_2024_srb_usa_84_110,olympics_2024,2024,classification,ElasticNet Classifier,0.0,0.3829
Fold_17,olympics_2024_ssd_pur_90_79,olympics_2024,2024,classification,ElasticNet Classifier,1.0,0.6157
Fold_17,olympics_2024_usa_srb_95_91,olympics_2024,2024,classification,ElasticNet Classifier,1.0,0.6253
Fold_17,olympics_2024_usa_ssd_103_86,olympics_2024,2024,classification,ElasticNet Classifier,1.0,0.8809
Fold_17,olympics_2024_aus_esp_92_80,olympics_2024,2024,classification,LightGBM Classifier,1.0,0.1982
Fold_17,olympics_2024_aus_gre_71_77,olympics_2024,2024,classification,LightGBM Classifier,0.0,0.4166
Fold_17,olympics_2024_bra_ger_73_86,olympics_2024,2024,classification,LightGBM Classifier,0.0,0.4896
Fold_17,olympics_2024_bra_usa_87_122,olympics_2024,2024,classification,LightGBM Classifier,0.0,0.2715
Fold_17,olympics_2024_can_aus_93_83,olympics_2024,2024,classification,LightGBM Classifier,1.0,0.419
Fold_17,olympics_2024_can_esp_88_85,olympics_2024,2024,classification,LightGBM Classifier,1.0,0.2513
Fold_17,olympics_2024_esp_gre_84_77,olympics_2024,2024,classification,LightGBM Classifier,1.0,0.7203
Fold_17,olympics_2024_fra_bra_78_66,olympics_2024,2024,classification,LightGBM Classifier,1.0,0.4984
Fold_17,olympics_2024_fra_can_82_73,olympics_2024,2024,classification,LightGBM Classifier,1.0,0.4984
Fold_17,olympics_2024_fra_ger_71_85,olympics_2024,2024,classification,LightGBM Classifier,0.0,0.5652
Fold_17,olympics_2024_fra_ger_73_69,olympics_2024,2024,classification,LightGBM Classifier,1.0,0.5652
Fold_17,olympics_2024_fra_usa_87_98,olympics_2024,2024,classification,LightGBM Classifier,0.0,0.3078
Fold_17,olympics_2024_ger_gre_76_63,olympics_2024,2024,classification,LightGBM Classifier,1.0,0.4073
Fold_17,olympics_2024_ger_jpn_97_77,olympics_2024,2024,classification,LightGBM Classifier,1.0,0.7316
Fold_17,olympics_2024_ger_srb_83_93,olympics_2024,2024,classification,LightGBM Classifier,0.0,0.4537
Fold_17,olympics_2024_gre_can_79_86,olympics_2024,2024,classification,LightGBM Classifier,0.0,0.4999
Fold_17,olympics_2024_jpn_bra_84_102,olympics_2024,2024,classification,LightGBM Classifier,0.0,0.2002
Fold_17,olympics_2024_jpn_fra_90_94,olympics_2024,2024,classification,LightGBM Classifier,0.0,0.0612
Fold_17,olympics_2024_pur_srb_66_107,olympics_2024,2024,classification,LightGBM Classifier,0.0,0.1161
Fold_17,olympics_2024_pur_usa_83_104,olympics_2024,2024,classification,LightGBM Classifier,0.0,0.0689
Fold_17,olympics_2024_srb_aus_95_90,olympics_2024,2024,classification,LightGBM Classifier,1.0,0.5036
Fold_17,olympics_2024_srb_ssd_96_85,olympics_2024,2024,classification,LightGBM Classifier,1.0,0.4985
Fold_17,olympics_2024_srb_usa_84_110,olympics_2024,2024,classification,LightGBM Classifier,0.0,0.3495
Fold_17,olympics_2024_ssd_pur_90_79,olympics_2024,2024,classification,LightGBM Classifier,1.0,0.6869
Fold_17,olympics_2024_usa_srb_95_91,olympics_2024,2024,classification,LightGBM Classifier,1.0,0.6084
Fold_17,olympics_2024_usa_ssd_103_86,olympics_2024,2024,classification,LightGBM Classifier,1.0,0.6186
Fold_17,olympics_2024_aus_esp_92_80,olympics_2024,2024,regression,Naive Margin (0.0 pts),12.0,0.0
Fold_17,olympics_2024_aus_gre_71_77,olympics_2024,2024,regression,Naive Margin (0.0 pts),-6.0,0.0
Fold_17,olympics_2024_bra_ger_73_86,olympics_2024,2024,regression,Naive Margin (0.0 pts),-13.0,0.0
Fold_17,olympics_2024_bra_usa_87_122,olympics_2024,2024,regression,Naive Margin (0.0 pts),-35.0,0.0
Fold_17,olympics_2024_can_aus_93_83,olympics_2024,2024,regression,Naive Margin (0.0 pts),10.0,0.0
Fold_17,olympics_2024_can_esp_88_85,olympics_2024,2024,regression,Naive Margin (0.0 pts),3.0,0.0
Fold_17,olympics_2024_esp_gre_84_77,olympics_2024,2024,regression,Naive Margin (0.0 pts),7.0,0.0
Fold_17,olympics_2024_fra_bra_78_66,olympics_2024,2024,regression,Naive Margin (0.0 pts),12.0,0.0
Fold_17,olympics_2024_fra_can_82_73,olympics_2024,2024,regression,Naive Margin (0.0 pts),9.0,0.0
Fold_17,olympics_2024_fra_ger_71_85,olympics_2024,2024,regression,Naive Margin (0.0 pts),-14.0,0.0
Fold_17,olympics_2024_fra_ger_73_69,olympics_2024,2024,regression,Naive Margin (0.0 pts),4.0,0.0
Fold_17,olympics_2024_fra_usa_87_98,olympics_2024,2024,regression,Naive Margin (0.0 pts),-11.0,0.0
Fold_17,olympics_2024_ger_gre_76_63,olympics_2024,2024,regression,Naive Margin (0.0 pts),13.0,0.0
Fold_17,olympics_2024_ger_jpn_97_77,olympics_2024,2024,regression,Naive Margin (0.0 pts),20.0,0.0
Fold_17,olympics_2024_ger_srb_83_93,olympics_2024,2024,regression,Naive Margin (0.0 pts),-10.0,0.0
Fold_17,olympics_2024_gre_can_79_86,olympics_2024,2024,regression,Naive Margin (0.0 pts),-7.0,0.0
Fold_17,olympics_2024_jpn_bra_84_102,olympics_2024,2024,regression,Naive Margin (0.0 pts),-18.0,0.0
Fold_17,olympics_2024_jpn_fra_90_94,olympics_2024,2024,regression,Naive Margin (0.0 pts),-4.0,0.0
Fold_17,olympics_2024_pur_srb_66_107,olympics_2024,2024,regression,Naive Margin (0.0 pts),-41.0,0.0
Fold_17,olympics_2024_pur_usa_83_104,olympics_2024,2024,regression,Naive Margin (0.0 pts),-21.0,0.0
Fold_17,olympics_2024_srb_aus_95_90,olympics_2024,2024,regression,Naive Margin (0.0 pts),5.0,0.0
Fold_17,olympics_2024_srb_ssd_96_85,olympics_2024,2024,regression,Naive Margin (0.0 pts),11.0,0.0
Fold_17,olympics_2024_srb_usa_84_110,olympics_2024,2024,regression,Naive Margin (0.0 pts),-26.0,0.0
Fold_17,olympics_2024_ssd_pur_90_79,olympics_2024,2024,regression,Naive Margin (0.0 pts),11.0,0.0
Fold_17,olympics_2024_usa_srb_95_91,olympics_2024,2024,regression,Naive Margin (0.0 pts),4.0,0.0
Fold_17,olympics_2024_usa_ssd_103_86,olympics_2024,2024,regression,Naive Margin (0.0 pts),17.0,0.0
Fold_17,olympics_2024_aus_esp_92_80,olympics_2024,2024,regression,Ridge Regressor,12.0,-10.747
Fold_17,olympics_2024_aus_gre_71_77,olympics_2024,2024,regression,Ridge Regressor,-6.0,-3.003
Fold_17,olympics_2024_bra_ger_73_86,olympics_2024,2024,regression,Ridge Regressor,-13.0,-1.251
Fold_17,olympics_2024_bra_usa_87_122,olympics_2024,2024,regression,Ridge Regressor,-35.0,-13.414
Fold_17,olympics_2024_can_aus_93_83,olympics_2024,2024,regression,Ridge Regressor,10.0,-3.273
Fold_17,olympics_2024_can_esp_88_85,olympics_2024,2024,regression,Ridge Regressor,3.0,-14.407
Fold_17,olympics_2024_esp_gre_84_77,olympics_2024,2024,regression,Ridge Regressor,7.0,8.131
Fold_17,olympics_2024_fra_bra_78_66,olympics_2024,2024,regression,Ridge Regressor,12.0,7.273
Fold_17,olympics_2024_fra_can_82_73,olympics_2024,2024,regression,Ridge Regressor,9.0,9.104
Fold_17,olympics_2024_fra_ger_71_85,olympics_2024,2024,regression,Ridge Regressor,-14.0,5.633
Fold_17,olympics_2024_fra_ger_73_69,olympics_2024,2024,regression,Ridge Regressor,4.0,5.633
Fold_17,olympics_2024_fra_usa_87_98,olympics_2024,2024,regression,Ridge Regressor,-11.0,-6.529
Fold_17,olympics_2024_ger_gre_76_63,olympics_2024,2024,regression,Ridge Regressor,13.0,-3.193
Fold_17,olympics_2024_ger_jpn_97_77,olympics_2024,2024,regression,Ridge Regressor,20.0,16.552
Fold_17,olympics_2024_ger_srb_83_93,olympics_2024,2024,regression,Ridge Regressor,-10.0,-4.232
Fold_17,olympics_2024_gre_can_79_86,olympics_2024,2024,regression,Ridge Regressor,-7.0,7.439
Fold_17,olympics_2024_jpn_bra_84_102,olympics_2024,2024,regression,Ridge Regressor,-18.0,-14.138
Fold_17,olympics_2024_jpn_fra_90_94,olympics_2024,2024,regression,Ridge Regressor,-4.0,-21.023
Fold_17,olympics_2024_pur_srb_66_107,olympics_2024,2024,regression,Ridge Regressor,-41.0,-13.703
Fold_17,olympics_2024_pur_usa_83_104,olympics_2024,2024,regression,Ridge Regressor,-21.0,-21.246
Fold_17,olympics_2024_srb_aus_95_90,olympics_2024,2024,regression,Ridge Regressor,5.0,4.818
Fold_17,olympics_2024_srb_ssd_96_85,olympics_2024,2024,regression,Ridge Regressor,11.0,7.981
Fold_17,olympics_2024_srb_usa_84_110,olympics_2024,2024,regression,Ridge Regressor,-26.0,-7.155
Fold_17,olympics_2024_ssd_pur_90_79,olympics_2024,2024,regression,Ridge Regressor,11.0,6.882
Fold_17,olympics_2024_usa_srb_95_91,olympics_2024,2024,regression,Ridge Regressor,4.0,7.929
Fold_17,olympics_2024_usa_ssd_103_86,olympics_2024,2024,regression,Ridge Regressor,17.0,15.524
Fold_17,olympics_2024_aus_esp_92_80,olympics_2024,2024,regression,ElasticNet Regressor,12.0,-11.143
Fold_17,olympics_2024_aus_gre_71_77,olympics_2024,2024,regression,ElasticNet Regressor,-6.0,-3.303
Fold_17,olympics_2024_bra_ger_73_86,olympics_2024,2024,regression,ElasticNet Regressor,-13.0,-1.589
Fold_17,olympics_2024_bra_usa_87_122,olympics_2024,2024,regression,ElasticNet Regressor,-35.0,-13.194
Fold_17,olympics_2024_can_aus_93_83,olympics_2024,2024,regression,ElasticNet Regressor,10.0,-3.453
Fold_17,olympics_2024_can_esp_88_85,olympics_2024,2024,regression,ElasticNet Regressor,3.0,-15.166
Fold_17,olympics_2024_esp_gre_84_77,olympics_2024,2024,regression,ElasticNet Regressor,7.0,8.41
Fold_17,olympics_2024_fra_bra_78_66,olympics_2024,2024,regression,ElasticNet Regressor,12.0,8.368
Fold_17,olympics_2024_fra_can_82_73,olympics_2024,2024,regression,ElasticNet Regressor,9.0,10.377
Fold_17,olympics_2024_fra_ger_71_85,olympics_2024,2024,regression,ElasticNet Regressor,-14.0,6.209
Fold_17,olympics_2024_fra_ger_73_69,olympics_2024,2024,regression,ElasticNet Regressor,4.0,6.209
Fold_17,olympics_2024_fra_usa_87_98,olympics_2024,2024,regression,ElasticNet Regressor,-11.0,-5.396
Fold_17,olympics_2024_ger_gre_76_63,olympics_2024,2024,regression,ElasticNet Regressor,13.0,-3.158
Fold_17,olympics_2024_ger_jpn_97_77,olympics_2024,2024,regression,ElasticNet Regressor,20.0,17.165
Fold_17,olympics_2024_ger_srb_83_93,olympics_2024,2024,regression,ElasticNet Regressor,-10.0,-4.067
Fold_17,olympics_2024_gre_can_79_86,olympics_2024,2024,regression,ElasticNet Regressor,-7.0,8.468
Fold_17,olympics_2024_jpn_bra_84_102,olympics_2024,2024,regression,ElasticNet Regressor,-18.0,-13.865
Fold_17,olympics_2024_jpn_fra_90_94,olympics_2024,2024,regression,ElasticNet Regressor,-4.0,-21.663
Fold_17,olympics_2024_pur_srb_66_107,olympics_2024,2024,regression,ElasticNet Regressor,-41.0,-14.132
Fold_17,olympics_2024_pur_usa_83_104,olympics_2024,2024,regression,ElasticNet Regressor,-21.0,-21.099
Fold_17,olympics_2024_srb_aus_95_90,olympics_2024,2024,regression,ElasticNet Regressor,5.0,5.353
Fold_17,olympics_2024_srb_ssd_96_85,olympics_2024,2024,regression,ElasticNet Regressor,11.0,9.217
Fold_17,olympics_2024_srb_usa_84_110,olympics_2024,2024,regression,ElasticNet Regressor,-26.0,-6.397
Fold_17,olympics_2024_ssd_pur_90_79,olympics_2024,2024,regression,ElasticNet Regressor,11.0,6.627
Fold_17,olympics_2024_usa_srb_95_91,olympics_2024,2024,regression,ElasticNet Regressor,4.0,7.538
Fold_17,olympics_2024_usa_ssd_103_86,olympics_2024,2024,regression,ElasticNet Regressor,17.0,16.184
Fold_17,olympics_2024_aus_esp_92_80,olympics_2024,2024,regression,LightGBM Regressor,12.0,-7.198
Fold_17,olympics_2024_aus_gre_71_77,olympics_2024,2024,regression,LightGBM Regressor,-6.0,-0.945
Fold_17,olympics_2024_bra_ger_73_86,olympics_2024,2024,regression,LightGBM Regressor,-13.0,1.504
Fold_17,olympics_2024_bra_usa_87_122,olympics_2024,2024,regression,LightGBM Regressor,-35.0,-14.567
Fold_17,olympics_2024_can_aus_93_83,olympics_2024,2024,regression,LightGBM Regressor,10.0,-1.008
Fold_17,olympics_2024_can_esp_88_85,olympics_2024,2024,regression,LightGBM Regressor,3.0,-6.625
Fold_17,olympics_2024_esp_gre_84_77,olympics_2024,2024,regression,LightGBM Regressor,7.0,7.503
Fold_17,olympics_2024_fra_bra_78_66,olympics_2024,2024,regression,LightGBM Regressor,12.0,3.077
Fold_17,olympics_2024_fra_can_82_73,olympics_2024,2024,regression,LightGBM Regressor,9.0,3.098
Fold_17,olympics_2024_fra_ger_71_85,olympics_2024,2024,regression,LightGBM Regressor,-14.0,4.029
Fold_17,olympics_2024_fra_ger_73_69,olympics_2024,2024,regression,LightGBM Regressor,4.0,4.029
Fold_17,olympics_2024_fra_usa_87_98,olympics_2024,2024,regression,LightGBM Regressor,-11.0,-11.088
Fold_17,olympics_2024_ger_gre_76_63,olympics_2024,2024,regression,LightGBM Regressor,13.0,-1.816
Fold_17,olympics_2024_ger_jpn_97_77,olympics_2024,2024,regression,LightGBM Regressor,20.0,10.917
Fold_17,olympics_2024_ger_srb_83_93,olympics_2024,2024,regression,LightGBM Regressor,-10.0,-2.203
Fold_17,olympics_2024_gre_can_79_86,olympics_2024,2024,regression,LightGBM Regressor,-7.0,3.526
Fold_17,olympics_2024_jpn_bra_84_102,olympics_2024,2024,regression,LightGBM Regressor,-18.0,-17.2
Fold_17,olympics_2024_jpn_fra_90_94,olympics_2024,2024,regression,LightGBM Regressor,-4.0,-20.248
Fold_17,olympics_2024_pur_srb_66_107,olympics_2024,2024,regression,LightGBM Regressor,-41.0,-15.393
Fold_17,olympics_2024_pur_usa_83_104,olympics_2024,2024,regression,LightGBM Regressor,-21.0,-17.357
Fold_17,olympics_2024_srb_aus_95_90,olympics_2024,2024,regression,LightGBM Regressor,5.0,3.365
Fold_17,olympics_2024_srb_ssd_96_85,olympics_2024,2024,regression,LightGBM Regressor,11.0,5.158
Fold_17,olympics_2024_srb_usa_84_110,olympics_2024,2024,regression,LightGBM Regressor,-26.0,-9.213
Fold_17,olympics_2024_ssd_pur_90_79,olympics_2024,2024,regression,LightGBM Regressor,11.0,10.532
Fold_17,olympics_2024_usa_srb_95_91,olympics_2024,2024,regression,LightGBM Regressor,4.0,7.32
Fold_17,olympics_2024_usa_ssd_103_86,olympics_2024,2024,regression,LightGBM Regressor,17.0,8.34
